# Blender 4.4.1
# www.blender.org
mtllib enemy.mtl
o 円
v 2.808090 -0.993644 3.889694
v 2.808090 -0.573911 4.063553
v 2.808090 -0.400052 4.483286
v 2.808090 -0.573911 4.903019
v 2.808090 -0.993644 5.076878
v 2.808090 -1.413377 4.903019
v 2.808090 -1.587236 4.483286
v 2.808090 -1.413377 4.063553
v 3.445933 -0.993644 3.889694
v 3.445933 -0.573911 4.063553
v 3.445933 -0.400052 4.483286
v 3.445933 -0.573911 4.903019
v 3.445933 -0.993644 5.076878
v 3.445933 -1.413377 4.903019
v 3.445933 -1.587236 4.483286
v 3.445933 -1.413377 4.063553
v 3.318343 -0.993644 4.075994
v 3.318343 -0.705645 4.195287
v 3.318343 -0.586352 4.483286
v 3.318343 -0.705645 4.771285
v 3.318343 -0.993644 4.890578
v 3.318343 -1.281643 4.771285
v 3.318343 -1.400936 4.483286
v 3.318343 -1.281643 4.195287
v 3.318343 -0.993644 4.361352
v 3.318343 -0.907423 4.397066
v 3.318343 -0.871710 4.483286
v 3.318343 -0.907423 4.569507
v 3.318343 -0.993644 4.605220
v 3.318343 -1.079864 4.569507
v 3.318343 -1.115578 4.483286
v 3.318343 -1.079864 4.397066
v 3.356793 -0.993644 4.395112
v 3.356793 -0.931295 4.420937
v 3.356793 -0.905469 4.483286
v 3.356793 -0.931295 4.545635
v 3.356793 -0.993644 4.571461
v 3.356793 -1.055993 4.545635
v 3.356793 -1.081818 4.483286
v 3.356793 -1.055993 4.420937
v 3.378470 -0.993644 4.483286
v 2.808090 -0.993644 4.483286
v 2.808090 -0.993644 2.085174
v 2.808090 -0.573911 2.259033
v 2.808090 -0.400052 2.678766
v 2.808090 -0.573911 3.098499
v 2.808090 -0.993644 3.272358
v 2.808090 -1.413377 3.098499
v 2.808090 -1.587236 2.678766
v 2.808090 -1.413377 2.259033
v 3.445933 -0.993644 2.085174
v 3.445933 -0.573911 2.259033
v 3.445933 -0.400052 2.678766
v 3.445933 -0.573911 3.098499
v 3.445933 -0.993644 3.272358
v 3.445933 -1.413377 3.098499
v 3.445933 -1.587236 2.678766
v 3.445933 -1.413377 2.259033
v 3.318343 -0.993644 2.271474
v 3.318343 -0.705645 2.390767
v 3.318343 -0.586352 2.678766
v 3.318343 -0.705645 2.966765
v 3.318343 -0.993644 3.086058
v 3.318343 -1.281643 2.966765
v 3.318343 -1.400936 2.678766
v 3.318343 -1.281643 2.390767
v 3.318343 -0.993644 2.556832
v 3.318343 -0.907423 2.592546
v 3.318343 -0.871710 2.678766
v 3.318343 -0.907423 2.764987
v 3.318343 -0.993644 2.800700
v 3.318343 -1.079864 2.764987
v 3.318343 -1.115578 2.678766
v 3.318343 -1.079864 2.592546
v 3.356793 -0.993644 2.590591
v 3.356793 -0.931295 2.616417
v 3.356793 -0.905469 2.678766
v 3.356793 -0.931295 2.741115
v 3.356793 -0.993644 2.766941
v 3.356793 -1.055993 2.741115
v 3.356793 -1.081818 2.678766
v 3.356793 -1.055993 2.616417
v 3.378470 -0.993644 2.678766
v 2.808090 -0.993644 2.678766
v 2.808090 -0.993644 0.280654
v 2.808090 -0.573911 0.454513
v 2.808090 -0.400052 0.874246
v 2.808090 -0.573911 1.293979
v 2.808090 -0.993644 1.467838
v 2.808090 -1.413377 1.293979
v 2.808090 -1.587236 0.874246
v 2.808090 -1.413377 0.454513
v 3.445933 -0.993644 0.280654
v 3.445933 -0.573911 0.454513
v 3.445933 -0.400052 0.874246
v 3.445933 -0.573911 1.293979
v 3.445933 -0.993644 1.467838
v 3.445933 -1.413377 1.293979
v 3.445933 -1.587236 0.874246
v 3.445933 -1.413377 0.454513
v 3.318343 -0.993644 0.466954
v 3.318343 -0.705645 0.586247
v 3.318343 -0.586352 0.874246
v 3.318343 -0.705645 1.162245
v 3.318343 -0.993644 1.281538
v 3.318343 -1.281643 1.162245
v 3.318343 -1.400936 0.874246
v 3.318343 -1.281643 0.586247
v 3.318343 -0.993644 0.752312
v 3.318343 -0.907423 0.788025
v 3.318343 -0.871710 0.874246
v 3.318343 -0.907423 0.960467
v 3.318343 -0.993644 0.996180
v 3.318343 -1.079864 0.960467
v 3.318343 -1.115578 0.874246
v 3.318343 -1.079864 0.788025
v 3.356793 -0.993644 0.786071
v 3.356793 -0.931295 0.811897
v 3.356793 -0.905469 0.874246
v 3.356793 -0.931295 0.936595
v 3.356793 -0.993644 0.962421
v 3.356793 -1.055993 0.936595
v 3.356793 -1.081818 0.874246
v 3.356793 -1.055993 0.811897
v 3.378470 -0.993644 0.874246
v 2.808090 -0.993644 0.874246
v 2.808090 -0.993644 -1.523866
v 2.808090 -0.573911 -1.350007
v 2.808090 -0.400052 -0.930274
v 2.808090 -0.573911 -0.510541
v 2.808090 -0.993644 -0.336682
v 2.808090 -1.413377 -0.510541
v 2.808090 -1.587236 -0.930274
v 2.808090 -1.413377 -1.350007
v 3.445933 -0.993644 -1.523866
v 3.445933 -0.573911 -1.350007
v 3.445933 -0.400052 -0.930274
v 3.445933 -0.573911 -0.510541
v 3.445933 -0.993644 -0.336682
v 3.445933 -1.413377 -0.510541
v 3.445933 -1.587236 -0.930274
v 3.445933 -1.413377 -1.350007
v 3.318343 -0.993644 -1.337566
v 3.318343 -0.705645 -1.218273
v 3.318343 -0.586352 -0.930274
v 3.318343 -0.705645 -0.642275
v 3.318343 -0.993644 -0.522982
v 3.318343 -1.281643 -0.642275
v 3.318343 -1.400936 -0.930274
v 3.318343 -1.281643 -1.218273
v 3.318343 -0.993644 -1.052208
v 3.318343 -0.907423 -1.016495
v 3.318343 -0.871710 -0.930274
v 3.318343 -0.907423 -0.844054
v 3.318343 -0.993644 -0.808340
v 3.318343 -1.079864 -0.844054
v 3.318343 -1.115578 -0.930274
v 3.318343 -1.079864 -1.016495
v 3.356793 -0.993644 -1.018449
v 3.356793 -0.931295 -0.992623
v 3.356793 -0.905469 -0.930274
v 3.356793 -0.931295 -0.867926
v 3.356793 -0.993644 -0.842100
v 3.356793 -1.055993 -0.867926
v 3.356793 -1.081818 -0.930274
v 3.356793 -1.055993 -0.992623
v 3.378470 -0.993644 -0.930274
v 2.808090 -0.993644 -0.930274
v 2.808090 -0.993644 -3.328387
v 2.808090 -0.573911 -3.154527
v 2.808090 -0.400052 -2.734795
v 2.808090 -0.573911 -2.315062
v 2.808090 -0.993644 -2.141202
v 2.808090 -1.413377 -2.315062
v 2.808090 -1.587236 -2.734795
v 2.808090 -1.413377 -3.154527
v 3.445933 -0.993644 -3.328387
v 3.445933 -0.573911 -3.154527
v 3.445933 -0.400052 -2.734795
v 3.445933 -0.573911 -2.315062
v 3.445933 -0.993644 -2.141202
v 3.445933 -1.413377 -2.315062
v 3.445933 -1.587236 -2.734795
v 3.445933 -1.413377 -3.154527
v 3.318343 -0.993644 -3.142087
v 3.318343 -0.705645 -3.022794
v 3.318343 -0.586352 -2.734795
v 3.318343 -0.705645 -2.446795
v 3.318343 -0.993644 -2.327503
v 3.318343 -1.281643 -2.446795
v 3.318343 -1.400936 -2.734795
v 3.318343 -1.281643 -3.022794
v 3.318343 -0.993644 -2.856729
v 3.318343 -0.907423 -2.821015
v 3.318343 -0.871709 -2.734795
v 3.318343 -0.907423 -2.648574
v 3.318343 -0.993644 -2.612860
v 3.318343 -1.079864 -2.648574
v 3.318343 -1.115578 -2.734795
v 3.318343 -1.079864 -2.821015
v 3.356793 -0.993644 -2.822969
v 3.356793 -0.931295 -2.797143
v 3.356793 -0.905469 -2.734795
v 3.356793 -0.931295 -2.672446
v 3.356793 -0.993644 -2.646620
v 3.356793 -1.055993 -2.672446
v 3.356793 -1.081818 -2.734795
v 3.356793 -1.055993 -2.797143
v 3.378470 -0.993644 -2.734795
v 2.808090 -0.993644 -2.734795
v 2.808090 -0.993644 -5.132906
v 2.808090 -0.573911 -4.959047
v 2.808090 -0.400052 -4.539314
v 2.808090 -0.573911 -4.119581
v 2.808090 -0.993644 -3.945722
v 2.808090 -1.413377 -4.119581
v 2.808090 -1.587236 -4.539314
v 2.808090 -1.413377 -4.959047
v 3.445933 -0.993644 -5.132906
v 3.445933 -0.573911 -4.959047
v 3.445933 -0.400052 -4.539314
v 3.445933 -0.573911 -4.119581
v 3.445933 -0.993644 -3.945722
v 3.445933 -1.413377 -4.119581
v 3.445933 -1.587236 -4.539314
v 3.445933 -1.413377 -4.959047
v 3.318343 -0.993644 -4.946606
v 3.318343 -0.705645 -4.827313
v 3.318343 -0.586352 -4.539314
v 3.318343 -0.705645 -4.251315
v 3.318343 -0.993644 -4.132022
v 3.318343 -1.281643 -4.251315
v 3.318343 -1.400936 -4.539314
v 3.318343 -1.281643 -4.827313
v 3.318343 -0.993644 -4.661248
v 3.318343 -0.907423 -4.625535
v 3.318343 -0.871709 -4.539314
v 3.318343 -0.907423 -4.453094
v 3.318343 -0.993644 -4.417380
v 3.318343 -1.079864 -4.453094
v 3.318343 -1.115578 -4.539314
v 3.318343 -1.079864 -4.625535
v 3.356793 -0.993644 -4.627489
v 3.356793 -0.931295 -4.601663
v 3.356793 -0.905469 -4.539314
v 3.356793 -0.931295 -4.476965
v 3.356793 -0.993644 -4.451139
v 3.356793 -1.055993 -4.476965
v 3.356793 -1.081818 -4.539314
v 3.356793 -1.055993 -4.601663
v 3.378470 -0.993644 -4.539314
v 2.808090 -0.993644 -4.539314
v -2.808090 -0.993644 3.889694
v -2.808090 -0.573911 4.063553
v -2.808090 -0.400052 4.483285
v -2.808090 -0.573911 4.903018
v -2.808090 -0.993644 5.076878
v -2.808090 -1.413377 4.903018
v -2.808090 -1.587236 4.483285
v -2.808090 -1.413377 4.063553
v -3.445932 -0.993644 3.889694
v -3.445932 -0.573911 4.063553
v -3.445932 -0.400052 4.483285
v -3.445932 -0.573911 4.903018
v -3.445932 -0.993644 5.076878
v -3.445932 -1.413377 4.903018
v -3.445932 -1.587236 4.483285
v -3.445932 -1.413377 4.063553
v -3.318343 -0.993644 4.075994
v -3.318343 -0.705645 4.195287
v -3.318343 -0.586352 4.483285
v -3.318343 -0.705645 4.771285
v -3.318343 -0.993644 4.890577
v -3.318343 -1.281643 4.771285
v -3.318343 -1.400936 4.483285
v -3.318343 -1.281643 4.195287
v -3.318343 -0.993644 4.361351
v -3.318343 -0.907423 4.397065
v -3.318343 -0.871710 4.483285
v -3.318343 -0.907423 4.569506
v -3.318343 -0.993644 4.605220
v -3.318343 -1.079864 4.569506
v -3.318343 -1.115578 4.483285
v -3.318343 -1.079864 4.397065
v -3.356792 -0.993644 4.395111
v -3.356792 -0.931295 4.420937
v -3.356792 -0.905469 4.483285
v -3.356792 -0.931295 4.545634
v -3.356792 -0.993644 4.571460
v -3.356792 -1.055993 4.545634
v -3.356792 -1.081818 4.483285
v -3.356792 -1.055993 4.420937
v -3.378470 -0.993644 4.483285
v -2.808090 -0.993644 4.483285
v -2.808090 -0.993644 2.085174
v -2.808090 -0.573911 2.259033
v -2.808090 -0.400052 2.678766
v -2.808090 -0.573911 3.098499
v -2.808090 -0.993644 3.272358
v -2.808090 -1.413377 3.098499
v -2.808090 -1.587236 2.678766
v -2.808090 -1.413377 2.259033
v -3.445932 -0.993644 2.085174
v -3.445932 -0.573911 2.259033
v -3.445932 -0.400052 2.678766
v -3.445932 -0.573911 3.098499
v -3.445932 -0.993644 3.272358
v -3.445932 -1.413377 3.098499
v -3.445932 -1.587236 2.678766
v -3.445932 -1.413377 2.259033
v -3.318343 -0.993644 2.271474
v -3.318343 -0.705645 2.390767
v -3.318343 -0.586352 2.678766
v -3.318343 -0.705645 2.966765
v -3.318343 -0.993644 3.086057
v -3.318343 -1.281643 2.966765
v -3.318343 -1.400936 2.678766
v -3.318343 -1.281643 2.390767
v -3.318343 -0.993644 2.556832
v -3.318343 -0.907423 2.592545
v -3.318343 -0.871710 2.678766
v -3.318343 -0.907423 2.764986
v -3.318343 -0.993644 2.800700
v -3.318343 -1.079864 2.764986
v -3.318343 -1.115578 2.678766
v -3.318343 -1.079864 2.592545
v -3.356792 -0.993644 2.590591
v -3.356792 -0.931295 2.616417
v -3.356792 -0.905469 2.678766
v -3.356792 -0.931295 2.741114
v -3.356792 -0.993644 2.766940
v -3.356792 -1.055993 2.741114
v -3.356792 -1.081818 2.678766
v -3.356792 -1.055993 2.616417
v -3.378470 -0.993644 2.678766
v -2.808090 -0.993644 2.678766
v -2.808090 -0.993644 0.280654
v -2.808090 -0.573911 0.454513
v -2.808090 -0.400052 0.874246
v -2.808090 -0.573911 1.293979
v -2.808090 -0.993644 1.467838
v -2.808090 -1.413377 1.293979
v -2.808090 -1.587236 0.874246
v -2.808090 -1.413377 0.454513
v -3.445932 -0.993644 0.280654
v -3.445932 -0.573911 0.454513
v -3.445932 -0.400052 0.874246
v -3.445932 -0.573911 1.293979
v -3.445932 -0.993644 1.467838
v -3.445932 -1.413377 1.293979
v -3.445932 -1.587236 0.874246
v -3.445932 -1.413377 0.454513
v -3.318343 -0.993644 0.466954
v -3.318343 -0.705645 0.586247
v -3.318343 -0.586352 0.874246
v -3.318343 -0.705645 1.162245
v -3.318343 -0.993644 1.281538
v -3.318343 -1.281643 1.162245
v -3.318343 -1.400936 0.874246
v -3.318343 -1.281643 0.586247
v -3.318343 -0.993644 0.752312
v -3.318343 -0.907423 0.788025
v -3.318343 -0.871710 0.874246
v -3.318343 -0.907423 0.960466
v -3.318343 -0.993644 0.996180
v -3.318343 -1.079864 0.960466
v -3.318343 -1.115578 0.874246
v -3.318343 -1.079864 0.788025
v -3.356792 -0.993644 0.786071
v -3.356792 -0.931295 0.811897
v -3.356792 -0.905469 0.874246
v -3.356792 -0.931295 0.936594
v -3.356792 -0.993644 0.962420
v -3.356792 -1.055993 0.936594
v -3.356792 -1.081818 0.874246
v -3.356792 -1.055993 0.811897
v -3.378470 -0.993644 0.874246
v -2.808090 -0.993644 0.874246
v -2.808090 -0.993644 -1.523866
v -2.808090 -0.573911 -1.350007
v -2.808090 -0.400052 -0.930274
v -2.808090 -0.573911 -0.510541
v -2.808090 -0.993644 -0.336682
v -2.808090 -1.413377 -0.510541
v -2.808090 -1.587236 -0.930274
v -2.808090 -1.413377 -1.350007
v -3.445932 -0.993644 -1.523866
v -3.445932 -0.573911 -1.350007
v -3.445932 -0.400052 -0.930274
v -3.445932 -0.573911 -0.510541
v -3.445932 -0.993644 -0.336682
v -3.445932 -1.413377 -0.510541
v -3.445932 -1.587236 -0.930274
v -3.445932 -1.413377 -1.350007
v -3.318343 -0.993644 -1.337566
v -3.318343 -0.705645 -1.218273
v -3.318343 -0.586352 -0.930274
v -3.318343 -0.705645 -0.642275
v -3.318343 -0.993644 -0.522982
v -3.318343 -1.281643 -0.642275
v -3.318343 -1.400936 -0.930274
v -3.318343 -1.281643 -1.218273
v -3.318343 -0.993644 -1.052208
v -3.318343 -0.907423 -1.016495
v -3.318343 -0.871710 -0.930274
v -3.318343 -0.907423 -0.844054
v -3.318343 -0.993644 -0.808340
v -3.318343 -1.079864 -0.844054
v -3.318343 -1.115578 -0.930274
v -3.318343 -1.079864 -1.016495
v -3.356792 -0.993644 -1.018449
v -3.356792 -0.931295 -0.992623
v -3.356792 -0.905469 -0.930274
v -3.356792 -0.931295 -0.867925
v -3.356792 -0.993644 -0.842099
v -3.356792 -1.055993 -0.867925
v -3.356792 -1.081818 -0.930274
v -3.356792 -1.055993 -0.992623
v -3.378470 -0.993644 -0.930274
v -2.808090 -0.993644 -0.930274
v -2.808090 -0.993644 -3.328386
v -2.808090 -0.573911 -3.154527
v -2.808090 -0.400052 -2.734794
v -2.808090 -0.573911 -2.315061
v -2.808090 -0.993644 -2.141202
v -2.808090 -1.413377 -2.315061
v -2.808090 -1.587236 -2.734794
v -2.808090 -1.413377 -3.154527
v -3.445932 -0.993644 -3.328386
v -3.445932 -0.573911 -3.154527
v -3.445932 -0.400052 -2.734794
v -3.445932 -0.573911 -2.315061
v -3.445932 -0.993644 -2.141202
v -3.445932 -1.413377 -2.315061
v -3.445932 -1.587236 -2.734794
v -3.445932 -1.413377 -3.154527
v -3.318343 -0.993644 -3.142086
v -3.318343 -0.705645 -3.022793
v -3.318343 -0.586352 -2.734794
v -3.318343 -0.705645 -2.446795
v -3.318343 -0.993644 -2.327502
v -3.318343 -1.281643 -2.446795
v -3.318343 -1.400936 -2.734794
v -3.318343 -1.281643 -3.022793
v -3.318343 -0.993644 -2.856728
v -3.318343 -0.907423 -2.821015
v -3.318343 -0.871709 -2.734794
v -3.318343 -0.907423 -2.648574
v -3.318343 -0.993644 -2.612860
v -3.318343 -1.079864 -2.648574
v -3.318343 -1.115578 -2.734794
v -3.318343 -1.079864 -2.821015
v -3.356792 -0.993644 -2.822969
v -3.356792 -0.931295 -2.797143
v -3.356792 -0.905469 -2.734794
v -3.356792 -0.931295 -2.672446
v -3.356792 -0.993644 -2.646620
v -3.356792 -1.055993 -2.672446
v -3.356792 -1.081818 -2.734794
v -3.356792 -1.055993 -2.797143
v -3.378470 -0.993644 -2.734794
v -2.808090 -0.993644 -2.734794
v -2.808090 -0.993644 -5.132905
v -2.808090 -0.573911 -4.959047
v -2.808090 -0.400052 -4.539314
v -2.808090 -0.573911 -4.119581
v -2.808090 -0.993644 -3.945722
v -2.808090 -1.413377 -4.119581
v -2.808090 -1.587236 -4.539314
v -2.808090 -1.413377 -4.959047
v -3.445932 -0.993644 -5.132905
v -3.445932 -0.573911 -4.959047
v -3.445932 -0.400052 -4.539314
v -3.445932 -0.573911 -4.119581
v -3.445932 -0.993644 -3.945722
v -3.445932 -1.413377 -4.119581
v -3.445932 -1.587236 -4.539314
v -3.445932 -1.413377 -4.959047
v -3.318343 -0.993644 -4.946606
v -3.318343 -0.705645 -4.827313
v -3.318343 -0.586352 -4.539314
v -3.318343 -0.705645 -4.251315
v -3.318343 -0.993644 -4.132022
v -3.318343 -1.281643 -4.251315
v -3.318343 -1.400936 -4.539314
v -3.318343 -1.281643 -4.827313
v -3.318343 -0.993644 -4.661248
v -3.318343 -0.907423 -4.625534
v -3.318343 -0.871709 -4.539314
v -3.318343 -0.907423 -4.453093
v -3.318343 -0.993644 -4.417379
v -3.318343 -1.079864 -4.453093
v -3.318343 -1.115578 -4.539314
v -3.318343 -1.079864 -4.625534
v -3.356792 -0.993644 -4.627488
v -3.356792 -0.931295 -4.601663
v -3.356792 -0.905469 -4.539314
v -3.356792 -0.931295 -4.476965
v -3.356792 -0.993644 -4.451139
v -3.356792 -1.055993 -4.476965
v -3.356792 -1.081818 -4.539314
v -3.356792 -1.055993 -4.601663
v -3.378470 -0.993644 -4.539314
v -2.808090 -0.993644 -4.539314
v 3.453505 -0.993644 4.100390
v 3.472036 -0.993644 4.078814
v 3.472036 -0.707638 4.197280
v 3.453505 -0.722896 4.212538
v 3.472036 -0.589171 4.483286
v 3.453505 -0.610748 4.483286
v 3.472036 -0.707639 4.769291
v 3.453505 -0.722896 4.754034
v 3.472036 -0.993644 4.887758
v 3.453505 -0.993644 4.866181
v 3.472036 -1.279649 4.769291
v 3.453505 -1.264392 4.754034
v 3.472036 -1.398117 4.483286
v 3.453505 -1.376540 4.483286
v 3.472036 -1.279649 4.197280
v 3.453505 -1.264392 4.212538
v 3.356793 -0.993644 4.366165
v 3.352345 -0.993644 4.361352
v 3.352346 -0.907423 4.397066
v 3.356793 -0.910827 4.400469
v 3.352346 -0.871710 4.483286
v 3.356793 -0.876523 4.483286
v 3.352346 -0.907423 4.569507
v 3.356793 -0.910827 4.566103
v 3.352345 -0.993644 4.605220
v 3.356793 -0.993644 4.600407
v 3.352345 -1.079864 4.569507
v 3.356793 -1.076461 4.566103
v 3.352345 -1.115578 4.483286
v 3.356793 -1.110765 4.483286
v 3.352345 -1.079864 4.397066
v 3.356793 -1.076461 4.400469
v 3.378470 -0.993644 4.399925
v 3.374023 -0.993644 4.395112
v 3.374023 -0.931295 4.420937
v 3.378470 -0.934699 4.424341
v 3.374023 -0.905469 4.483286
v 3.378470 -0.910283 4.483286
v 3.374023 -0.931295 4.545635
v 3.378470 -0.934699 4.542231
v 3.374023 -0.993644 4.571461
v 3.378470 -0.993644 4.566648
v 3.374023 -1.055993 4.545635
v 3.378470 -1.052589 4.542231
v 3.374023 -1.081818 4.483286
v 3.378470 -1.077005 4.483286
v 3.374023 -1.055993 4.420937
v 3.378470 -1.052589 4.424341
v 3.453505 -0.993644 2.295870
v 3.472036 -0.993644 2.274293
v 3.472036 -0.707638 2.392760
v 3.453505 -0.722896 2.408018
v 3.472036 -0.589171 2.678766
v 3.453505 -0.610748 2.678766
v 3.472036 -0.707638 2.964772
v 3.453505 -0.722896 2.949514
v 3.472036 -0.993644 3.083238
v 3.453505 -0.993644 3.061661
v 3.472036 -1.279649 2.964772
v 3.453505 -1.264392 2.949514
v 3.472036 -1.398117 2.678766
v 3.453505 -1.376540 2.678766
v 3.472036 -1.279649 2.392760
v 3.453505 -1.264392 2.408018
v 3.356793 -0.993644 2.561645
v 3.352345 -0.993644 2.556832
v 3.352346 -0.907423 2.592546
v 3.356793 -0.910827 2.595949
v 3.352346 -0.871710 2.678766
v 3.356793 -0.876523 2.678766
v 3.352346 -0.907423 2.764987
v 3.356793 -0.910827 2.761583
v 3.352345 -0.993644 2.800700
v 3.356793 -0.993644 2.795887
v 3.352345 -1.079864 2.764987
v 3.356793 -1.076461 2.761583
v 3.352345 -1.115578 2.678766
v 3.356793 -1.110765 2.678766
v 3.352345 -1.079864 2.592546
v 3.356793 -1.076461 2.595949
v 3.378470 -0.993644 2.595405
v 3.374023 -0.993644 2.590591
v 3.374023 -0.931295 2.616417
v 3.378470 -0.934699 2.619821
v 3.374023 -0.905469 2.678766
v 3.378470 -0.910283 2.678766
v 3.374023 -0.931295 2.741115
v 3.378470 -0.934699 2.737711
v 3.374023 -0.993644 2.766941
v 3.378470 -0.993644 2.762127
v 3.374023 -1.055993 2.741115
v 3.378470 -1.052589 2.737711
v 3.374023 -1.081818 2.678766
v 3.378470 -1.077005 2.678766
v 3.374023 -1.055993 2.616417
v 3.378470 -1.052589 2.619821
v 3.453505 -0.993644 0.491350
v 3.472036 -0.993644 0.469773
v 3.472036 -0.707638 0.588240
v 3.453505 -0.722896 0.603498
v 3.472036 -0.589171 0.874246
v 3.453505 -0.610748 0.874246
v 3.472036 -0.707638 1.160251
v 3.453505 -0.722896 1.144994
v 3.472036 -0.993644 1.278718
v 3.453505 -0.993644 1.257141
v 3.472036 -1.279649 1.160251
v 3.453505 -1.264392 1.144994
v 3.472036 -1.398117 0.874246
v 3.453505 -1.376540 0.874246
v 3.472036 -1.279649 0.588240
v 3.453505 -1.264392 0.603498
v 3.356793 -0.993644 0.757125
v 3.352345 -0.993644 0.752312
v 3.352346 -0.907423 0.788025
v 3.356793 -0.910827 0.791429
v 3.352346 -0.871710 0.874246
v 3.356793 -0.876523 0.874246
v 3.352346 -0.907423 0.960467
v 3.356793 -0.910827 0.957063
v 3.352345 -0.993644 0.996180
v 3.356793 -0.993644 0.991367
v 3.352345 -1.079864 0.960467
v 3.356793 -1.076461 0.957063
v 3.352345 -1.115578 0.874246
v 3.356793 -1.110765 0.874246
v 3.352345 -1.079864 0.788025
v 3.356793 -1.076461 0.791429
v 3.378470 -0.993644 0.790885
v 3.374023 -0.993644 0.786071
v 3.374023 -0.931295 0.811897
v 3.378470 -0.934699 0.815300
v 3.374023 -0.905469 0.874246
v 3.378470 -0.910283 0.874246
v 3.374023 -0.931295 0.936595
v 3.378470 -0.934699 0.933191
v 3.374023 -0.993644 0.962421
v 3.378470 -0.993644 0.957607
v 3.374023 -1.055993 0.936595
v 3.378470 -1.052589 0.933191
v 3.374023 -1.081818 0.874246
v 3.378470 -1.077005 0.874246
v 3.374023 -1.055993 0.811897
v 3.378470 -1.052589 0.815300
v 3.453505 -0.993644 -1.313170
v 3.472036 -0.993644 -1.334747
v 3.472036 -0.707639 -1.216280
v 3.453505 -0.722896 -1.201022
v 3.472036 -0.589171 -0.930274
v 3.453505 -0.610748 -0.930274
v 3.472036 -0.707638 -0.644269
v 3.453505 -0.722896 -0.659526
v 3.472036 -0.993644 -0.525802
v 3.453505 -0.993644 -0.547379
v 3.472036 -1.279649 -0.644269
v 3.453505 -1.264392 -0.659526
v 3.472036 -1.398117 -0.930274
v 3.453505 -1.376540 -0.930274
v 3.472036 -1.279649 -1.216280
v 3.453505 -1.264392 -1.201022
v 3.356793 -0.993644 -1.047395
v 3.352345 -0.993644 -1.052208
v 3.352346 -0.907423 -1.016495
v 3.356793 -0.910827 -1.013091
v 3.352346 -0.871710 -0.930274
v 3.356793 -0.876523 -0.930274
v 3.352346 -0.907423 -0.844054
v 3.356793 -0.910827 -0.847457
v 3.352345 -0.993644 -0.808340
v 3.356793 -0.993644 -0.813153
v 3.352345 -1.079864 -0.844054
v 3.356793 -1.076461 -0.847457
v 3.352345 -1.115578 -0.930274
v 3.356793 -1.110765 -0.930274
v 3.352345 -1.079864 -1.016495
v 3.356793 -1.076461 -1.013091
v 3.378470 -0.993644 -1.013635
v 3.374023 -0.993644 -1.018449
v 3.374023 -0.931295 -0.992623
v 3.378470 -0.934699 -0.989220
v 3.374023 -0.905469 -0.930274
v 3.378470 -0.910283 -0.930274
v 3.374023 -0.931295 -0.867926
v 3.378470 -0.934699 -0.871329
v 3.374023 -0.993644 -0.842100
v 3.378470 -0.993644 -0.846913
v 3.374023 -1.055993 -0.867926
v 3.378470 -1.052589 -0.871329
v 3.374023 -1.081818 -0.930274
v 3.378470 -1.077005 -0.930274
v 3.374023 -1.055993 -0.992623
v 3.378470 -1.052589 -0.989220
v 3.453505 -0.993644 -3.117690
v 3.472036 -0.993644 -3.139267
v 3.472036 -0.707638 -3.020800
v 3.453505 -0.722896 -3.005543
v 3.472036 -0.589171 -2.734795
v 3.453505 -0.610748 -2.734795
v 3.472036 -0.707638 -2.448789
v 3.453505 -0.722896 -2.464046
v 3.472036 -0.993644 -2.330322
v 3.453505 -0.993644 -2.351899
v 3.472036 -1.279649 -2.448789
v 3.453505 -1.264392 -2.464046
v 3.472036 -1.398117 -2.734795
v 3.453505 -1.376540 -2.734795
v 3.472036 -1.279649 -3.020800
v 3.453505 -1.264392 -3.005543
v 3.356793 -0.993644 -2.851915
v 3.352345 -0.993644 -2.856729
v 3.352346 -0.907423 -2.821015
v 3.356793 -0.910827 -2.817611
v 3.352346 -0.871709 -2.734795
v 3.356793 -0.876523 -2.734795
v 3.352346 -0.907423 -2.648574
v 3.356793 -0.910827 -2.651978
v 3.352345 -0.993644 -2.612860
v 3.356793 -0.993644 -2.617674
v 3.352345 -1.079864 -2.648574
v 3.356793 -1.076461 -2.651978
v 3.352345 -1.115578 -2.734795
v 3.356793 -1.110765 -2.734795
v 3.352345 -1.079864 -2.821015
v 3.356793 -1.076461 -2.817611
v 3.378470 -0.993644 -2.818156
v 3.374023 -0.993644 -2.822969
v 3.374023 -0.931295 -2.797143
v 3.378470 -0.934699 -2.793740
v 3.374023 -0.905469 -2.734795
v 3.378470 -0.910283 -2.734795
v 3.374023 -0.931295 -2.672446
v 3.378470 -0.934699 -2.675849
v 3.374023 -0.993644 -2.646620
v 3.378470 -0.993644 -2.651433
v 3.374023 -1.055993 -2.672446
v 3.378470 -1.052589 -2.675849
v 3.374023 -1.081818 -2.734795
v 3.378470 -1.077005 -2.734795
v 3.374023 -1.055993 -2.797143
v 3.378470 -1.052589 -2.793740
v 3.453505 -0.993644 -4.922210
v 3.472036 -0.993644 -4.943787
v 3.472036 -0.707638 -4.825320
v 3.453505 -0.722896 -4.810062
v 3.472036 -0.589171 -4.539314
v 3.453505 -0.610748 -4.539314
v 3.472036 -0.707638 -4.253309
v 3.453505 -0.722896 -4.268566
v 3.472036 -0.993644 -4.134842
v 3.453505 -0.993644 -4.156419
v 3.472036 -1.279649 -4.253309
v 3.453505 -1.264392 -4.268566
v 3.472036 -1.398117 -4.539314
v 3.453505 -1.376540 -4.539314
v 3.472036 -1.279649 -4.825320
v 3.453505 -1.264392 -4.810062
v 3.356793 -0.993644 -4.656435
v 3.352345 -0.993644 -4.661248
v 3.352346 -0.907423 -4.625535
v 3.356793 -0.910827 -4.622131
v 3.352346 -0.871709 -4.539314
v 3.356793 -0.876523 -4.539314
v 3.352346 -0.907423 -4.453094
v 3.356793 -0.910827 -4.456497
v 3.352345 -0.993644 -4.417380
v 3.356793 -0.993644 -4.422194
v 3.352345 -1.079864 -4.453094
v 3.356793 -1.076461 -4.456497
v 3.352345 -1.115578 -4.539314
v 3.356793 -1.110765 -4.539314
v 3.352345 -1.079864 -4.625535
v 3.356793 -1.076461 -4.622131
v 3.378470 -0.993644 -4.622675
v 3.374023 -0.993644 -4.627489
v 3.374023 -0.931295 -4.601663
v 3.378470 -0.934699 -4.598259
v 3.374023 -0.905469 -4.539314
v 3.378470 -0.910283 -4.539314
v 3.374023 -0.931295 -4.476965
v 3.378470 -0.934699 -4.480369
v 3.374023 -0.993644 -4.451139
v 3.378470 -0.993644 -4.455953
v 3.374023 -1.055993 -4.476965
v 3.378470 -1.052589 -4.480369
v 3.374023 -1.081818 -4.539314
v 3.378470 -1.077005 -4.539314
v 3.374023 -1.055993 -4.601663
v 3.378470 -1.052589 -4.598259
v -3.472035 -0.993644 4.078813
v -3.453504 -0.993644 4.100390
v -3.453504 -0.722896 4.212538
v -3.472035 -0.707639 4.197280
v -3.453504 -0.610748 4.483285
v -3.472035 -0.589171 4.483285
v -3.453504 -0.722896 4.754034
v -3.472035 -0.707639 4.769291
v -3.453504 -0.993644 4.866181
v -3.472035 -0.993644 4.887758
v -3.453504 -1.264392 4.754034
v -3.472035 -1.279649 4.769291
v -3.453504 -1.376540 4.483285
v -3.472035 -1.398117 4.483285
v -3.453504 -1.264392 4.212538
v -3.472035 -1.279649 4.197280
v -3.352345 -0.993644 4.361351
v -3.356792 -0.993644 4.366165
v -3.356792 -0.910827 4.400469
v -3.352345 -0.907423 4.397065
v -3.356792 -0.876523 4.483285
v -3.352345 -0.871710 4.483285
v -3.356792 -0.910827 4.566103
v -3.352345 -0.907423 4.569506
v -3.356792 -0.993644 4.600406
v -3.352345 -0.993644 4.605220
v -3.356792 -1.076461 4.566103
v -3.352345 -1.079864 4.569506
v -3.356792 -1.110765 4.483285
v -3.352345 -1.115578 4.483285
v -3.356792 -1.076461 4.400469
v -3.352345 -1.079864 4.397065
v -3.374023 -0.993644 4.395111
v -3.378470 -0.993644 4.399924
v -3.378470 -0.934699 4.424340
v -3.374023 -0.931295 4.420937
v -3.378470 -0.910283 4.483285
v -3.374023 -0.905469 4.483285
v -3.378470 -0.934699 4.542231
v -3.374023 -0.931295 4.545634
v -3.378470 -0.993644 4.566647
v -3.374023 -0.993644 4.571460
v -3.378470 -1.052589 4.542231
v -3.374023 -1.055993 4.545634
v -3.378470 -1.077005 4.483285
v -3.374023 -1.081818 4.483285
v -3.378470 -1.052589 4.424340
v -3.374023 -1.055993 4.420937
v -3.472035 -0.993644 2.274293
v -3.453504 -0.993644 2.295870
v -3.453504 -0.722896 2.408017
v -3.472035 -0.707639 2.392760
v -3.453504 -0.610748 2.678766
v -3.472035 -0.589171 2.678766
v -3.453504 -0.722896 2.949514
v -3.472035 -0.707639 2.964771
v -3.453504 -0.993644 3.061661
v -3.472035 -0.993644 3.083238
v -3.453504 -1.264392 2.949514
v -3.472035 -1.279649 2.964771
v -3.453504 -1.376540 2.678766
v -3.472035 -1.398117 2.678766
v -3.453504 -1.264392 2.408017
v -3.472035 -1.279649 2.392760
v -3.352345 -0.993644 2.556832
v -3.356792 -0.993644 2.561645
v -3.356792 -0.910827 2.595949
v -3.352345 -0.907423 2.592545
v -3.356792 -0.876523 2.678766
v -3.352345 -0.871710 2.678766
v -3.356792 -0.910827 2.761583
v -3.352345 -0.907423 2.764986
v -3.356792 -0.993644 2.795887
v -3.352345 -0.993644 2.800700
v -3.356792 -1.076461 2.761583
v -3.352345 -1.079864 2.764986
v -3.356792 -1.110765 2.678766
v -3.352345 -1.115578 2.678766
v -3.356792 -1.076461 2.595949
v -3.352345 -1.079864 2.592545
v -3.374023 -0.993644 2.590591
v -3.378470 -0.993644 2.595405
v -3.378470 -0.934699 2.619820
v -3.374023 -0.931295 2.616417
v -3.378470 -0.910283 2.678766
v -3.374023 -0.905469 2.678766
v -3.378470 -0.934699 2.737711
v -3.374023 -0.931295 2.741114
v -3.378470 -0.993644 2.762127
v -3.374023 -0.993644 2.766940
v -3.378470 -1.052589 2.737711
v -3.374023 -1.055993 2.741114
v -3.378470 -1.077005 2.678766
v -3.374023 -1.081818 2.678766
v -3.378470 -1.052589 2.619820
v -3.374023 -1.055993 2.616417
v -3.472035 -0.993644 0.469773
v -3.453504 -0.993644 0.491350
v -3.453504 -0.722896 0.603498
v -3.472035 -0.707639 0.588240
v -3.453504 -0.610748 0.874246
v -3.472035 -0.589171 0.874246
v -3.453504 -0.722896 1.144994
v -3.472035 -0.707639 1.160251
v -3.453504 -0.993644 1.257141
v -3.472035 -0.993644 1.278718
v -3.453504 -1.264392 1.144994
v -3.472035 -1.279649 1.160251
v -3.453504 -1.376540 0.874246
v -3.472035 -1.398117 0.874246
v -3.453504 -1.264392 0.603498
v -3.472035 -1.279649 0.588240
v -3.352345 -0.993644 0.752312
v -3.356792 -0.993644 0.757125
v -3.356792 -0.910827 0.791429
v -3.352345 -0.907423 0.788025
v -3.356792 -0.876523 0.874246
v -3.352345 -0.871710 0.874246
v -3.356792 -0.910827 0.957063
v -3.352345 -0.907423 0.960466
v -3.356792 -0.993644 0.991367
v -3.352345 -0.993644 0.996180
v -3.356792 -1.076461 0.957063
v -3.352345 -1.079864 0.960466
v -3.356792 -1.110765 0.874246
v -3.352345 -1.115578 0.874246
v -3.356792 -1.076461 0.791429
v -3.352345 -1.079864 0.788025
v -3.374023 -0.993644 0.786071
v -3.378470 -0.993644 0.790885
v -3.378470 -0.934699 0.815300
v -3.374023 -0.931295 0.811897
v -3.378470 -0.910283 0.874246
v -3.374023 -0.905469 0.874246
v -3.378470 -0.934699 0.933191
v -3.374023 -0.931295 0.936594
v -3.378470 -0.993644 0.957607
v -3.374023 -0.993644 0.962420
v -3.378470 -1.052589 0.933191
v -3.374023 -1.055993 0.936594
v -3.378470 -1.077005 0.874246
v -3.374023 -1.081818 0.874246
v -3.378470 -1.052589 0.815300
v -3.374023 -1.055993 0.811897
v -3.472035 -0.993644 -1.334747
v -3.453504 -0.993644 -1.313170
v -3.453504 -0.722896 -1.201022
v -3.472035 -0.707639 -1.216280
v -3.453504 -0.610748 -0.930274
v -3.472035 -0.589171 -0.930274
v -3.453504 -0.722896 -0.659526
v -3.472035 -0.707639 -0.644269
v -3.453504 -0.993644 -0.547379
v -3.472035 -0.993644 -0.525802
v -3.453504 -1.264392 -0.659526
v -3.472035 -1.279649 -0.644269
v -3.453504 -1.376540 -0.930274
v -3.472035 -1.398117 -0.930274
v -3.453504 -1.264392 -1.201022
v -3.472035 -1.279649 -1.216280
v -3.352345 -0.993644 -1.052208
v -3.356792 -0.993644 -1.047395
v -3.356792 -0.910827 -1.013091
v -3.352345 -0.907423 -1.016495
v -3.356792 -0.876523 -0.930274
v -3.352345 -0.871710 -0.930274
v -3.356792 -0.910827 -0.847457
v -3.352345 -0.907423 -0.844054
v -3.356792 -0.993644 -0.813153
v -3.352345 -0.993644 -0.808340
v -3.356792 -1.076461 -0.847457
v -3.352345 -1.079864 -0.844054
v -3.356792 -1.110765 -0.930274
v -3.352345 -1.115578 -0.930274
v -3.356792 -1.076461 -1.013091
v -3.352345 -1.079864 -1.016495
v -3.374023 -0.993644 -1.018449
v -3.378470 -0.993644 -1.013635
v -3.378470 -0.934699 -0.989219
v -3.374023 -0.931295 -0.992623
v -3.378470 -0.910283 -0.930274
v -3.374023 -0.905469 -0.930274
v -3.378470 -0.934699 -0.871329
v -3.374023 -0.931295 -0.867925
v -3.378470 -0.993644 -0.846913
v -3.374023 -0.993644 -0.842099
v -3.378470 -1.052589 -0.871329
v -3.374023 -1.055993 -0.867925
v -3.378470 -1.077005 -0.930274
v -3.374023 -1.081818 -0.930274
v -3.378470 -1.052589 -0.989219
v -3.374023 -1.055993 -0.992623
v -3.472035 -0.993644 -3.139267
v -3.453504 -0.993644 -3.117690
v -3.453504 -0.722896 -3.005543
v -3.472035 -0.707638 -3.020800
v -3.453504 -0.610748 -2.734794
v -3.472035 -0.589171 -2.734794
v -3.453504 -0.722896 -2.464046
v -3.472035 -0.707638 -2.448789
v -3.453504 -0.993644 -2.351899
v -3.472035 -0.993644 -2.330322
v -3.453504 -1.264392 -2.464046
v -3.472035 -1.279649 -2.448789
v -3.453504 -1.376540 -2.734794
v -3.472035 -1.398117 -2.734794
v -3.453504 -1.264392 -3.005543
v -3.472035 -1.279649 -3.020800
v -3.352345 -0.993644 -2.856728
v -3.356792 -0.993644 -2.851915
v -3.356792 -0.910827 -2.817611
v -3.352345 -0.907423 -2.821015
v -3.356792 -0.876523 -2.734794
v -3.352345 -0.871709 -2.734794
v -3.356792 -0.910827 -2.651977
v -3.352345 -0.907423 -2.648574
v -3.356792 -0.993644 -2.617673
v -3.352345 -0.993644 -2.612860
v -3.356792 -1.076461 -2.651977
v -3.352345 -1.079864 -2.648574
v -3.356792 -1.110765 -2.734794
v -3.352345 -1.115578 -2.734794
v -3.356792 -1.076461 -2.817611
v -3.352345 -1.079864 -2.821015
v -3.374023 -0.993644 -2.822969
v -3.378470 -0.993644 -2.818155
v -3.378470 -0.934699 -2.793740
v -3.374023 -0.931295 -2.797143
v -3.378470 -0.910283 -2.734794
v -3.374023 -0.905469 -2.734794
v -3.378470 -0.934699 -2.675849
v -3.374023 -0.931295 -2.672446
v -3.378470 -0.993644 -2.651433
v -3.374023 -0.993644 -2.646620
v -3.378470 -1.052589 -2.675849
v -3.374023 -1.055993 -2.672446
v -3.378470 -1.077005 -2.734794
v -3.374023 -1.081818 -2.734794
v -3.378470 -1.052589 -2.793740
v -3.374023 -1.055993 -2.797143
v -3.472035 -0.993644 -4.943786
v -3.453504 -0.993644 -4.922209
v -3.453504 -0.722896 -4.810062
v -3.472035 -0.707639 -4.825319
v -3.453504 -0.610748 -4.539314
v -3.472035 -0.589171 -4.539314
v -3.453504 -0.722896 -4.268566
v -3.472035 -0.707639 -4.253308
v -3.453504 -0.993644 -4.156418
v -3.472035 -0.993644 -4.134841
v -3.453504 -1.264392 -4.268566
v -3.472035 -1.279649 -4.253308
v -3.453504 -1.376540 -4.539314
v -3.472035 -1.398117 -4.539314
v -3.453504 -1.264392 -4.810062
v -3.472035 -1.279649 -4.825319
v -3.352345 -0.993644 -4.661248
v -3.356792 -0.993644 -4.656435
v -3.356792 -0.910827 -4.622130
v -3.352345 -0.907423 -4.625534
v -3.356792 -0.876523 -4.539314
v -3.352345 -0.871709 -4.539314
v -3.356792 -0.910827 -4.456497
v -3.352345 -0.907423 -4.453093
v -3.356792 -0.993644 -4.422193
v -3.352345 -0.993644 -4.417379
v -3.356792 -1.076461 -4.456497
v -3.352345 -1.079864 -4.453093
v -3.356792 -1.110765 -4.539314
v -3.352345 -1.115578 -4.539314
v -3.356792 -1.076461 -4.622130
v -3.352345 -1.079864 -4.625534
v -3.374023 -0.993644 -4.627488
v -3.378470 -0.993644 -4.622675
v -3.378470 -0.934699 -4.598259
v -3.374023 -0.931295 -4.601663
v -3.378470 -0.910283 -4.539314
v -3.374023 -0.905469 -4.539314
v -3.378470 -0.934699 -4.480369
v -3.374023 -0.931295 -4.476965
v -3.378470 -0.993644 -4.455952
v -3.374023 -0.993644 -4.451139
v -3.378470 -1.052589 -4.480369
v -3.374023 -1.055993 -4.476965
v -3.378470 -1.077005 -4.539314
v -3.374023 -1.081818 -4.539314
v -3.378470 -1.052589 -4.598259
v -3.374023 -1.055993 -4.601663
vn -0.0000 -0.9239 0.3827
vn -0.0000 0.3827 0.9239
vn -0.0000 0.9239 -0.3827
vn -0.0000 -0.9239 -0.3827
vn -0.0000 -0.3827 0.9239
vn -0.0000 0.9239 0.3827
vn -0.0000 0.3827 -0.9239
vn -0.0000 -0.3827 -0.9239
vn 1.0000 -0.0000 -0.0000
vn -1.0000 -0.0000 -0.0000
vn -0.1645 -0.3775 0.9113
vn 0.9906 -0.0000 -0.1367
vn 0.9906 -0.0967 -0.0967
vn 0.9906 0.0967 -0.0967
vn -0.1645 0.3775 0.9113
vn -0.1645 -0.9113 0.3775
vn 0.9906 0.1367 -0.0000
vn -0.1645 -0.9113 -0.3775
vn 0.9906 0.0967 0.0967
vn -0.1645 -0.3775 -0.9113
vn 0.9906 -0.0000 0.1367
vn -0.1645 0.3775 -0.9113
vn 0.9906 -0.0967 0.0967
vn -0.1645 0.9113 -0.3775
vn 0.9906 -0.1367 -0.0000
vn -0.1645 0.9113 0.3775
vn 0.1645 -0.3775 0.9113
vn -0.9906 -0.0000 -0.1367
vn -0.9906 0.0967 -0.0967
vn 0.1645 0.3775 0.9113
vn -0.9906 -0.0967 -0.0967
vn -0.9906 0.1367 -0.0000
vn 0.1645 -0.9113 0.3775
vn -0.9906 0.0967 0.0967
vn 0.1645 -0.9113 -0.3775
vn -0.9906 -0.0000 0.1367
vn 0.1645 -0.3775 -0.9113
vn -0.9906 -0.0967 0.0967
vn 0.1645 0.3775 -0.9113
vn -0.9906 -0.1367 -0.0000
vn 0.1645 0.9113 -0.3775
vn 0.1645 0.9113 0.3775
vn 0.7324 -0.2606 0.6290
vn 0.7324 -0.2605 0.6290
vn 0.7324 -0.6290 0.2605
vn 0.7324 -0.6290 -0.2606
vn 0.7324 -0.6290 -0.2605
vn 0.7324 -0.2606 -0.6290
vn 0.7324 -0.2605 -0.6290
vn 0.7324 0.2606 -0.6290
vn 0.7324 0.2605 -0.6290
vn 0.7324 0.6290 -0.2606
vn 0.7324 0.6290 -0.2605
vn 0.7324 0.6290 0.2606
vn 0.7324 0.6290 0.2605
vn 0.7324 0.2606 0.6290
vn 0.7071 0.2706 -0.6533
vn 0.7070 0.2706 -0.6534
vn 0.7072 0.6532 -0.2706
vn 0.7071 0.6533 -0.2706
vn 0.7072 0.6532 0.2706
vn 0.7071 0.6533 0.2706
vn 0.7070 0.2706 0.6534
vn 0.7072 0.2706 0.6532
vn 0.7069 0.2707 0.6534
vn 0.7069 -0.2707 0.6534
vn 0.7071 -0.2706 0.6533
vn 0.7070 -0.6533 0.2706
vn 0.7070 -0.6534 0.2706
vn 0.7072 -0.6532 -0.2705
vn 0.7070 -0.6534 -0.2706
vn 0.7070 -0.6534 -0.2707
vn 0.7069 -0.2707 -0.6534
vn 0.7070 -0.2706 -0.6534
vn 0.7073 -0.2705 -0.6531
vn 0.7071 0.6532 0.2706
vn 0.7071 0.2706 0.6533
vn 0.7071 -0.6533 0.2706
vn 0.7071 -0.6533 -0.2706
vn 0.7071 -0.2706 -0.6533
vn 0.7324 -0.6290 0.2606
vn 0.7324 0.2605 0.6290
vn 0.7070 -0.2706 0.6534
vn 0.7070 -0.2707 -0.6534
vn 0.7072 0.2706 -0.6532
vn 0.7071 0.2706 0.6532
vn 0.7071 -0.2706 0.6532
vn 0.7072 -0.2706 0.6532
vn 0.7071 -0.2706 -0.6532
vn 0.7072 -0.2706 -0.6532
vn 0.7070 -0.2707 0.6534
vn 0.7070 -0.2706 0.6533
vn 0.7070 -0.2706 -0.6533
vn 0.7071 0.6532 -0.2706
vn 0.7070 -0.6534 0.2707
vn 0.7070 -0.6533 -0.2707
vn 0.7069 0.2707 -0.6534
vn 0.7072 0.2705 -0.6532
vn -0.7324 -0.2606 0.6290
vn -0.7324 -0.2605 0.6290
vn -0.7324 -0.6290 0.2606
vn -0.7324 -0.6290 -0.2605
vn -0.7324 -0.6290 -0.2606
vn -0.7324 -0.2605 -0.6290
vn -0.7324 -0.2606 -0.6290
vn -0.7324 0.2605 -0.6290
vn -0.7324 0.2606 -0.6290
vn -0.7324 0.6290 -0.2606
vn -0.7324 0.6290 0.2606
vn -0.7324 0.2606 0.6290
vn -0.7324 0.2605 0.6290
vn -0.7072 0.2706 -0.6532
vn -0.7071 0.2706 -0.6533
vn -0.7071 0.6533 -0.2706
vn -0.7071 0.6533 0.2706
vn -0.7071 0.2706 0.6533
vn -0.7072 0.2706 0.6532
vn -0.7071 -0.2706 0.6533
vn -0.7071 -0.6533 0.2706
vn -0.7071 -0.6533 -0.2706
vn -0.7069 -0.2706 -0.6535
vn -0.7071 -0.2706 -0.6533
vn -0.7070 0.2706 -0.6534
vn -0.7072 0.6532 -0.2706
vn -0.7072 0.6532 0.2706
vn -0.7070 0.2706 0.6533
vn -0.7070 -0.2706 0.6533
vn -0.7070 -0.2706 -0.6533
vn -0.7324 -0.6290 0.2605
vn -0.7324 0.6290 0.2605
vn -0.7071 0.6532 0.2706
vn -0.7071 -0.2706 -0.6532
vn -0.7071 0.2706 -0.6532
vn -0.7070 -0.6533 0.2706
vn -0.7071 -0.2706 0.6532
vn -0.7072 -0.2706 0.6532
vn -0.7071 -0.6532 -0.2706
vn -0.7072 -0.6532 -0.2706
vn -0.7072 -0.2706 -0.6532
vn -0.7071 0.6532 -0.2706
vn -0.7070 0.6533 -0.2709
vn -0.7070 -0.2706 0.6534
vn -0.7324 0.6290 -0.2605
vn -0.7070 0.6534 0.2708
vn -0.7072 0.2705 0.6532
vn 0.7073 0.2705 -0.6531
vn 0.7325 -0.6290 0.2605
vn 0.7071 0.2706 -0.6532
vn 0.7070 -0.6533 -0.2706
vn -0.7070 0.6533 0.2709
vt 0.447150 0.024108
vt 0.425664 0.052676
vt 0.425664 0.024108
vt 0.554579 0.024108
vt 0.576065 0.052676
vt 0.554579 0.052676
vt 0.533093 0.024108
vt 0.511607 0.052676
vt 0.511607 0.024108
vt 0.468635 0.024108
vt 0.447150 0.052676
vt 0.404178 0.052676
vt 0.404178 0.024108
vt 0.533093 0.052676
vt 0.490121 0.052676
vt 0.490121 0.024108
vt 0.468635 0.052676
vt 0.533093 0.066734
vt 0.554579 0.079514
vt 0.533093 0.079514
vt 0.511607 0.066734
vt 0.490121 0.079514
vt 0.490121 0.066734
vt 0.468635 0.066734
vt 0.468635 0.079514
vt 0.447150 0.066734
vt 0.425664 0.079514
vt 0.425664 0.066734
vt 0.576065 0.066734
vt 0.554579 0.066734
vt 0.511607 0.079514
vt 0.447150 0.079514
vt 0.404178 0.066734
vt 0.404178 0.079514
vt 0.343729 0.729783
vt 0.331194 0.760044
vt 0.313468 0.742317
vt 0.373990 0.742317
vt 0.373990 0.717248
vt 0.313468 0.717248
vt 0.331194 0.699521
vt 0.356263 0.699521
vt 0.576065 0.024108
vt 0.356263 0.760044
vt 0.490121 0.061219
vt 0.468635 0.057162
vt 0.511607 0.057162
vt 0.490121 0.057162
vt 0.468635 0.061219
vt 0.533093 0.061219
vt 0.511607 0.061219
vt 0.533093 0.057162
vt 0.554579 0.061219
vt 0.576065 0.061219
vt 0.554579 0.057162
vt 0.404178 0.061219
vt 0.425664 0.057162
vt 0.404178 0.057162
vt 0.425664 0.061219
vt 0.447150 0.057162
vt 0.447150 0.061219
vt 0.490121 0.081452
vt 0.511607 0.082748
vt 0.490121 0.082748
vt 0.468635 0.081037
vt 0.490121 0.081037
vt 0.468635 0.082748
vt 0.468635 0.081452
vt 0.511607 0.081452
vt 0.533093 0.082748
vt 0.511607 0.081037
vt 0.533093 0.081452
vt 0.554579 0.082749
vt 0.533093 0.081037
vt 0.576065 0.081452
vt 0.554579 0.081452
vt 0.576065 0.081037
vt 0.554579 0.081037
vt 0.404178 0.081452
vt 0.425664 0.082748
vt 0.404178 0.082749
vt 0.404178 0.081037
vt 0.447150 0.081452
vt 0.425664 0.081452
vt 0.425664 0.081037
vt 0.447150 0.082748
vt 0.447150 0.081037
vt 0.425664 0.094640
vt 0.445544 0.104746
vt 0.425664 0.104965
vt 0.468635 0.083520
vt 0.490121 0.083520
vt 0.405783 0.104746
vt 0.511607 0.083520
vt 0.402268 0.094641
vt 0.403917 0.105562
vt 0.402268 0.105562
vt 0.405783 0.084535
vt 0.405351 0.094640
vt 0.402268 0.083719
vt 0.403786 0.094640
vt 0.403982 0.083620
vt 0.446275 0.084263
vt 0.445977 0.094640
vt 0.425664 0.083520
vt 0.447150 0.083520
vt 0.576065 0.082748
vt 0.576065 0.057162
vt 0.576065 0.079514
vt 0.425664 0.084316
vt 0.533093 0.083520
vt 0.447150 0.105562
vt 0.425664 0.105562
vt 0.468635 0.083719
vt 0.489535 0.083719
s 1
usemtl マテリアル.005
f 7/1/1 14/2/1 6/3/1
f 4/4/2 13/5/2 12/6/2
f 3/7/3 10/8/3 2/9/3
f 8/10/4 15/11/4 7/1/4
f 6/3/5 13/12/5 5/13/5
f 4/4/6 11/14/6 3/7/6
f 2/9/7 9/15/7 1/16/7
f 1/16/8 16/17/8 8/10/8
f 19/18/9 28/19/9 27/20/9
f 18/21/9 25/22/9 17/23/9
f 24/24/9 25/22/9 32/25/9
f 23/26/9 30/27/9 22/28/9
f 21/29/9 28/19/9 20/30/9
f 19/18/9 26/31/9 18/21/9
f 24/24/9 31/32/9 23/26/9
f 21/33/9 30/27/9 29/34/9
f 42/35/10 6/36/10 5/37/10
f 8/38/10 42/35/10 1/39/10
f 42/35/10 4/40/10 3/41/10
f 2/42/10 42/35/10 3/41/10
f 49/1/1 56/2/1 48/3/1
f 46/4/2 55/5/2 54/6/2
f 45/7/3 52/8/3 44/9/3
f 50/10/4 57/11/4 49/1/4
f 48/3/5 55/12/5 47/13/5
f 46/4/6 53/14/6 45/7/6
f 44/9/7 51/15/7 43/16/7
f 43/16/8 58/17/8 50/10/8
f 61/18/9 70/19/9 69/20/9
f 60/21/9 67/22/9 59/23/9
f 66/24/9 67/22/9 74/25/9
f 65/26/9 72/27/9 64/28/9
f 63/29/9 70/19/9 62/30/9
f 61/18/9 68/31/9 60/21/9
f 66/24/9 73/32/9 65/26/9
f 63/33/9 72/27/9 71/34/9
f 84/35/10 48/36/10 47/37/10
f 50/38/10 84/35/10 43/39/10
f 84/35/10 46/40/10 45/41/10
f 44/42/10 84/35/10 45/41/10
f 91/1/1 98/2/1 90/3/1
f 88/4/2 97/5/2 96/6/2
f 87/7/3 94/8/3 86/9/3
f 92/10/4 99/11/4 91/1/4
f 90/3/5 97/12/5 89/13/5
f 88/4/6 95/14/6 87/7/6
f 86/9/7 93/15/7 85/16/7
f 85/16/8 100/17/8 92/10/8
f 103/18/9 112/19/9 111/20/9
f 102/21/9 109/22/9 101/23/9
f 108/24/9 109/22/9 116/25/9
f 107/26/9 114/27/9 106/28/9
f 105/29/9 112/19/9 104/30/9
f 102/21/9 111/20/9 110/31/9
f 108/24/9 115/32/9 107/26/9
f 105/33/9 114/27/9 113/34/9
f 126/35/10 90/36/10 89/37/10
f 92/38/10 126/35/10 85/39/10
f 126/35/10 88/40/10 87/41/10
f 86/42/10 126/35/10 87/41/10
f 133/1/1 140/2/1 132/3/1
f 130/4/2 139/5/2 138/6/2
f 129/7/3 136/8/3 128/9/3
f 134/10/4 141/11/4 133/1/4
f 132/3/5 139/12/5 131/13/5
f 130/4/6 137/14/6 129/7/6
f 128/9/7 135/15/7 127/16/7
f 127/16/8 142/17/8 134/10/8
f 145/18/9 154/19/9 153/20/9
f 144/21/9 151/22/9 143/23/9
f 150/24/9 151/22/9 158/25/9
f 149/26/9 156/27/9 148/28/9
f 147/29/9 154/19/9 146/30/9
f 144/21/9 153/20/9 152/31/9
f 150/24/9 157/32/9 149/26/9
f 147/33/9 156/27/9 155/34/9
f 168/35/10 132/36/10 131/37/10
f 134/38/10 168/35/10 127/39/10
f 168/35/10 130/40/10 129/41/10
f 128/42/10 168/35/10 129/41/10
f 175/1/1 182/2/1 174/3/1
f 172/4/2 181/5/2 180/6/2
f 171/7/3 178/8/3 170/9/3
f 176/10/4 183/11/4 175/1/4
f 174/3/5 181/12/5 173/13/5
f 172/4/6 179/14/6 171/7/6
f 170/9/7 177/15/7 169/16/7
f 169/16/8 184/17/8 176/10/8
f 187/18/9 196/19/9 195/20/9
f 186/21/9 193/22/9 185/23/9
f 192/24/9 193/22/9 200/25/9
f 191/26/9 198/27/9 190/28/9
f 189/29/9 196/19/9 188/30/9
f 187/18/9 194/31/9 186/21/9
f 192/24/9 199/32/9 191/26/9
f 189/33/9 198/27/9 197/34/9
f 210/35/10 174/36/10 173/37/10
f 176/38/10 210/35/10 169/39/10
f 210/35/10 172/40/10 171/41/10
f 170/42/10 210/35/10 171/41/10
f 217/1/1 224/2/1 216/3/1
f 214/4/2 223/5/2 222/6/2
f 213/7/3 220/8/3 212/9/3
f 218/10/4 225/11/4 217/1/4
f 216/3/5 223/12/5 215/13/5
f 214/4/6 221/14/6 213/7/6
f 212/9/7 219/15/7 211/16/7
f 211/16/8 226/17/8 218/10/8
f 229/18/9 238/19/9 237/20/9
f 227/23/9 236/31/9 235/22/9
f 227/23/9 242/25/9 234/24/9
f 233/26/9 240/27/9 232/28/9
f 231/29/9 238/19/9 230/30/9
f 229/18/9 236/31/9 228/21/9
f 233/26/9 242/25/9 241/32/9
f 231/33/9 240/27/9 239/34/9
f 252/35/10 216/36/10 215/37/10
f 218/38/10 252/35/10 211/39/10
f 252/35/10 214/40/10 213/41/10
f 212/42/10 252/35/10 213/41/10
f 266/2/1 259/1/1 258/3/1
f 256/4/2 265/5/2 257/43/2
f 262/8/3 255/7/3 254/9/3
f 267/11/4 260/10/4 259/1/4
f 265/12/5 258/3/5 257/13/5
f 263/14/6 256/4/6 255/7/6
f 261/15/7 254/9/7 253/16/7
f 268/17/8 253/16/8 260/10/8
f 271/18/10 280/19/10 272/30/10
f 269/23/10 278/31/10 270/21/10
f 276/24/10 277/22/10 269/23/10
f 282/27/10 275/26/10 274/28/10
f 280/19/10 273/29/10 272/30/10
f 270/21/10 279/20/10 271/18/10
f 283/32/10 276/24/10 275/26/10
f 273/33/10 282/27/10 274/28/10
f 294/35/9 258/36/9 259/44/9
f 294/35/9 260/38/9 253/39/9
f 256/40/9 294/35/9 255/41/9
f 254/42/9 294/35/9 253/39/9
f 308/2/1 301/1/1 300/3/1
f 298/4/2 307/5/2 299/43/2
f 304/8/3 297/7/3 296/9/3
f 309/11/4 302/10/4 301/1/4
f 307/12/5 300/3/5 299/13/5
f 305/14/6 298/4/6 297/7/6
f 303/15/7 296/9/7 295/16/7
f 310/17/8 295/16/8 302/10/8
f 313/18/10 322/19/10 314/30/10
f 311/23/10 320/31/10 312/21/10
f 326/25/10 311/23/10 318/24/10
f 324/27/10 317/26/10 316/28/10
f 322/19/10 315/29/10 314/30/10
f 320/31/10 313/18/10 312/21/10
f 325/32/10 318/24/10 317/26/10
f 315/33/10 324/27/10 316/28/10
f 336/35/9 300/36/9 301/44/9
f 336/35/9 302/38/9 295/39/9
f 298/40/9 336/35/9 297/41/9
f 296/42/9 336/35/9 295/39/9
f 350/2/1 343/1/1 342/3/1
f 340/4/2 349/5/2 341/43/2
f 346/8/3 339/7/3 338/9/3
f 351/11/4 344/10/4 343/1/4
f 349/12/5 342/3/5 341/13/5
f 347/14/6 340/4/6 339/7/6
f 345/15/7 338/9/7 337/16/7
f 352/17/8 337/16/8 344/10/8
f 355/18/10 364/19/10 356/30/10
f 353/23/10 362/31/10 354/21/10
f 360/24/10 361/22/10 353/23/10
f 366/27/10 359/26/10 358/28/10
f 364/19/10 357/29/10 356/30/10
f 362/31/10 355/18/10 354/21/10
f 367/32/10 360/24/10 359/26/10
f 357/33/10 366/27/10 358/28/10
f 378/35/9 342/36/9 343/44/9
f 378/35/9 344/38/9 337/39/9
f 340/40/9 378/35/9 339/41/9
f 338/42/9 378/35/9 337/39/9
f 392/2/1 385/1/1 384/3/1
f 382/4/2 391/5/2 383/43/2
f 388/8/3 381/7/3 380/9/3
f 393/11/4 386/10/4 385/1/4
f 391/12/5 384/3/5 383/13/5
f 389/14/6 382/4/6 381/7/6
f 387/15/7 380/9/7 379/16/7
f 394/17/8 379/16/8 386/10/8
f 397/18/10 406/19/10 398/30/10
f 395/23/10 404/31/10 396/21/10
f 402/24/10 403/22/10 395/23/10
f 400/28/10 409/32/10 401/26/10
f 406/19/10 399/29/10 398/30/10
f 404/31/10 397/18/10 396/21/10
f 409/32/10 402/24/10 401/26/10
f 399/33/10 408/27/10 400/28/10
f 420/35/9 384/36/9 385/44/9
f 420/35/9 386/38/9 379/39/9
f 382/40/9 420/35/9 381/41/9
f 380/42/9 420/35/9 379/39/9
f 434/2/1 427/1/1 426/3/1
f 424/4/2 433/5/2 425/43/2
f 430/8/3 423/7/3 422/9/3
f 435/11/4 428/10/4 427/1/4
f 433/12/5 426/3/5 425/13/5
f 431/14/6 424/4/6 423/7/6
f 429/15/7 422/9/7 421/16/7
f 436/17/8 421/16/8 428/10/8
f 439/18/10 448/19/10 440/30/10
f 445/22/10 438/21/10 437/23/10
f 444/24/10 445/22/10 437/23/10
f 450/27/10 443/26/10 442/28/10
f 448/19/10 441/29/10 440/30/10
f 438/21/10 447/20/10 439/18/10
f 451/32/10 444/24/10 443/26/10
f 441/33/10 450/27/10 442/28/10
f 462/35/9 426/36/9 427/44/9
f 462/35/9 428/38/9 421/39/9
f 424/40/9 462/35/9 423/41/9
f 422/42/9 462/35/9 421/39/9
f 476/2/1 469/1/1 468/3/1
f 466/4/2 475/5/2 467/43/2
f 472/8/3 465/7/3 464/9/3
f 477/11/4 470/10/4 469/1/4
f 475/12/5 468/3/5 467/13/5
f 473/14/6 466/4/6 465/7/6
f 471/15/7 464/9/7 463/16/7
f 478/17/8 463/16/8 470/10/8
f 481/18/10 490/19/10 482/30/10
f 479/23/10 488/31/10 480/21/10
f 494/25/10 479/23/10 486/24/10
f 492/27/10 485/26/10 484/28/10
f 490/19/10 483/29/10 482/30/10
f 488/31/10 481/18/10 480/21/10
f 485/26/10 494/25/10 486/24/10
f 483/33/10 492/27/10 484/28/10
f 504/35/9 468/36/9 469/44/9
f 504/35/9 470/38/9 463/39/9
f 466/40/9 504/35/9 465/41/9
f 464/42/9 504/35/9 463/39/9
f 505/45/11 18/21/11 17/23/11
f 9/15/12 519/46/13 16/17/13
f 9/15/12 507/47/14 506/48/12
f 505/45/15 24/24/15 520/49/15
f 510/50/16 18/21/16 508/51/16
f 10/8/14 509/52/17 507/47/14
f 512/53/18 19/18/18 510/50/18
f 12/6/19 509/52/17 11/14/17
f 514/54/20 20/30/20 512/53/20
f 13/5/21 511/55/19 12/6/19
f 514/56/22 22/28/22 21/33/22
f 13/12/21 515/57/23 513/58/21
f 516/59/24 23/26/24 22/28/24
f 14/2/23 517/60/25 515/57/23
f 518/61/26 24/24/26 23/26/26
f 16/17/13 517/60/25 15/11/25
f 521/62/9 34/63/9 33/64/9
f 25/22/8 535/65/8 32/25/8
f 26/31/7 522/66/7 25/22/7
f 521/62/9 40/67/9 536/68/9
f 524/69/9 35/70/9 34/63/9
f 27/20/3 523/71/3 26/31/3
f 526/72/9 36/73/9 35/70/9
f 28/19/6 525/74/6 27/20/6
f 530/75/9 36/73/9 528/76/9
f 28/19/2 529/77/2 527/78/2
f 530/79/9 38/80/9 37/81/9
f 30/27/5 529/82/5 29/34/5
f 534/83/9 38/80/9 532/84/9
f 31/32/1 531/85/1 30/27/1
f 536/68/9 39/86/9 534/83/9
f 32/25/4 533/87/4 31/32/4
f 41/88/9 537/89/9 540/90/9
f 33/64/8 551/91/8 40/67/8
f 34/63/7 538/92/7 33/64/7
f 542/93/9 41/88/9 540/90/9
f 35/70/3 539/94/3 34/63/3
f 36/95/6 541/96/6 35/97/6
f 546/98/9 41/88/9 544/99/9
f 37/100/2 543/101/2 36/95/2
f 38/80/5 545/102/5 37/81/5
f 41/88/9 550/103/9 552/104/9
f 39/86/1 547/105/1 38/80/1
f 40/67/4 549/106/4 39/86/4
f 556/51/11 59/23/11 553/45/11
f 51/15/12 567/46/13 58/17/13
f 51/15/12 555/47/14 554/48/12
f 568/49/15 59/23/15 66/24/15
f 558/50/16 60/21/16 556/51/16
f 52/8/14 557/52/17 555/47/14
f 558/50/18 62/30/18 61/18/18
f 54/6/19 557/52/17 53/14/17
f 560/53/20 63/29/20 62/30/20
f 55/5/21 559/55/19 54/6/19
f 564/59/22 63/33/22 562/56/22
f 55/12/21 563/57/23 561/58/21
f 566/61/24 64/28/24 564/59/24
f 56/2/23 565/60/25 563/57/23
f 566/61/26 66/24/26 65/26/26
f 58/17/13 565/60/25 57/11/25
f 569/62/9 76/63/9 75/64/9
f 67/22/8 583/65/8 74/25/8
f 68/31/7 570/66/7 67/22/7
f 569/62/9 82/67/9 584/68/9
f 572/69/9 77/70/9 76/63/9
f 69/20/3 571/71/3 68/31/3
f 574/72/9 78/73/9 77/70/9
f 70/19/6 573/74/6 69/20/6
f 576/76/9 79/107/9 78/73/9
f 70/19/2 577/77/2 575/78/2
f 580/84/9 79/81/9 578/79/9
f 72/27/5 577/82/5 71/34/5
f 582/83/9 80/80/9 580/84/9
f 73/32/1 579/85/1 72/27/1
f 584/68/9 81/86/9 582/83/9
f 74/25/4 581/87/4 73/32/4
f 83/88/9 585/89/9 588/90/9
f 75/64/8 599/91/8 82/67/8
f 76/63/7 586/92/7 75/64/7
f 590/93/9 83/88/9 588/90/9
f 77/70/3 587/94/3 76/63/3
f 78/95/6 589/96/6 77/97/6
f 594/98/9 83/88/9 592/99/9
f 79/100/2 591/101/2 78/95/2
f 80/80/5 593/102/5 79/81/5
f 83/88/9 598/103/9 600/104/9
f 81/86/1 595/105/1 80/80/1
f 82/67/4 597/106/4 81/86/4
f 601/45/11 102/21/11 101/23/11
f 93/15/12 615/46/13 100/17/13
f 93/15/12 603/47/14 602/48/12
f 601/45/15 108/24/15 616/49/15
f 606/50/16 102/21/16 604/51/16
f 94/8/14 605/52/17 603/47/14
f 608/53/18 103/18/18 606/50/18
f 96/6/19 605/52/17 95/14/17
f 608/53/20 105/29/20 104/30/20
f 97/5/21 607/55/19 96/6/19
f 612/59/22 105/33/22 610/56/22
f 97/12/21 611/57/23 609/58/21
f 612/59/24 107/26/24 106/28/24
f 98/2/23 613/60/25 611/57/23
f 616/49/26 107/26/26 614/61/26
f 100/17/13 613/60/25 99/11/25
f 617/62/9 118/63/9 117/64/9
f 109/22/8 631/65/8 116/25/8
f 110/31/7 618/66/7 109/22/7
f 617/62/9 124/67/9 632/68/9
f 620/69/9 119/70/9 118/63/9
f 111/20/3 619/71/3 110/31/3
f 622/72/9 120/73/9 119/70/9
f 112/19/6 621/74/6 111/20/6
f 624/76/9 121/107/9 120/73/9
f 112/19/2 625/77/2 623/78/2
f 628/84/9 121/81/9 626/79/9
f 114/27/5 625/82/5 113/34/5
f 630/83/9 122/80/9 628/84/9
f 115/32/1 627/85/1 114/27/1
f 632/68/9 123/86/9 630/83/9
f 116/25/4 629/87/4 115/32/4
f 125/88/9 633/89/9 636/90/9
f 117/64/8 647/91/8 124/67/8
f 118/63/7 634/92/7 117/64/7
f 638/93/9 125/88/9 636/90/9
f 119/70/3 635/94/3 118/63/3
f 120/95/6 637/96/6 119/97/6
f 642/98/9 125/88/9 640/99/9
f 121/100/2 639/101/2 120/95/2
f 122/80/5 641/102/5 121/81/5
f 125/88/9 646/103/9 648/104/9
f 123/86/1 643/105/1 122/80/1
f 124/67/4 645/106/4 123/86/4
f 649/45/11 144/21/11 143/23/11
f 135/15/12 663/46/13 142/17/13
f 135/15/12 651/47/14 650/48/12
f 649/45/15 150/24/15 664/49/15
f 652/51/16 145/18/16 144/21/16
f 136/8/14 653/52/17 651/47/14
f 654/50/18 146/30/18 145/18/18
f 138/6/19 653/52/17 137/14/17
f 656/53/20 147/29/20 146/30/20
f 139/5/21 655/55/19 138/6/19
f 660/59/22 147/33/22 658/56/22
f 139/12/21 659/57/23 657/58/21
f 662/61/24 148/28/24 660/59/24
f 140/2/23 661/60/25 659/57/23
f 664/49/26 149/26/26 662/61/26
f 142/17/13 661/60/25 141/11/25
f 665/62/9 160/63/9 159/64/9
f 151/22/8 679/65/8 158/25/8
f 152/31/7 666/66/7 151/22/7
f 665/62/9 166/67/9 680/68/9
f 668/69/9 161/70/9 160/63/9
f 153/20/3 667/71/3 152/31/3
f 670/72/9 162/73/9 161/70/9
f 154/19/6 669/74/6 153/20/6
f 672/76/9 163/107/9 162/73/9
f 154/19/2 673/77/2 671/78/2
f 676/84/9 163/81/9 674/79/9
f 156/27/5 673/82/5 155/34/5
f 678/83/9 164/80/9 676/84/9
f 157/32/1 675/85/1 156/27/1
f 680/68/9 165/86/9 678/83/9
f 158/25/4 677/87/4 157/32/4
f 167/88/9 681/89/9 684/90/9
f 159/64/8 695/91/8 166/67/8
f 160/63/7 682/92/7 159/64/7
f 686/93/9 167/88/9 684/90/9
f 161/70/3 683/94/3 160/63/3
f 162/95/6 685/96/6 161/97/6
f 690/98/9 167/88/9 688/99/9
f 163/100/2 687/101/2 162/95/2
f 164/80/5 689/102/5 163/81/5
f 167/88/9 694/103/9 696/104/9
f 165/86/1 691/105/1 164/80/1
f 166/67/4 693/106/4 165/86/4
f 700/51/11 185/23/11 697/45/11
f 177/15/12 711/46/13 184/17/13
f 177/15/12 699/47/14 698/48/12
f 697/45/15 192/24/15 712/49/15
f 702/50/16 186/21/16 700/51/16
f 178/8/14 701/52/17 699/47/14
f 702/50/18 188/30/18 187/18/18
f 180/6/19 701/52/17 179/14/17
f 704/53/20 189/29/20 188/30/20
f 181/5/21 703/55/19 180/6/19
f 708/59/22 189/33/22 706/56/22
f 181/12/21 707/57/23 705/58/21
f 710/61/24 190/28/24 708/59/24
f 182/2/23 709/60/25 707/57/23
f 710/61/26 192/24/26 191/26/26
f 184/17/13 709/60/25 183/11/25
f 713/62/9 202/63/9 201/64/9
f 193/22/8 727/65/8 200/25/8
f 194/31/7 714/66/7 193/22/7
f 713/62/9 208/67/9 728/68/9
f 716/69/9 203/70/9 202/63/9
f 195/20/3 715/71/3 194/31/3
f 718/72/9 204/73/9 203/70/9
f 196/19/6 717/74/6 195/20/6
f 720/76/9 205/107/9 204/73/9
f 196/19/2 721/77/2 719/78/2
f 724/84/9 205/81/9 722/79/9
f 198/27/5 721/82/5 197/34/5
f 726/83/9 206/80/9 724/84/9
f 199/32/1 723/85/1 198/27/1
f 728/68/9 207/86/9 726/83/9
f 200/25/4 725/87/4 199/32/4
f 209/88/9 729/89/9 732/90/9
f 201/64/8 743/91/8 208/67/8
f 202/63/7 730/92/7 201/64/7
f 734/93/9 209/88/9 732/90/9
f 203/70/3 731/94/3 202/63/3
f 204/95/6 733/96/6 203/97/6
f 738/98/9 209/88/9 736/99/9
f 205/100/2 735/101/2 204/95/2
f 206/80/5 737/102/5 205/81/5
f 209/88/9 742/103/9 744/104/9
f 207/86/1 739/105/1 206/80/1
f 208/67/4 741/106/4 207/86/4
f 745/45/11 228/21/11 227/23/11
f 219/15/12 759/46/13 226/17/13
f 219/15/12 747/47/14 746/48/12
f 745/45/15 234/24/15 760/49/15
f 748/51/16 229/18/16 228/21/16
f 220/8/14 749/52/17 747/47/14
f 752/53/18 229/18/18 750/50/18
f 222/6/19 749/52/17 221/14/17
f 754/54/20 230/30/20 752/53/20
f 222/6/19 753/108/21 751/55/19
f 754/56/22 232/28/22 231/33/22
f 223/12/21 755/57/23 753/58/21
f 756/59/24 233/26/24 232/28/24
f 224/2/23 757/60/25 755/57/23
f 760/49/26 233/26/26 758/61/26
f 226/17/13 757/60/25 225/11/25
f 761/62/9 244/63/9 243/64/9
f 235/22/8 775/65/8 242/25/8
f 236/31/7 762/66/7 235/22/7
f 761/62/9 250/67/9 776/68/9
f 764/69/9 245/70/9 244/63/9
f 237/20/3 763/71/3 236/31/3
f 766/72/9 246/73/9 245/70/9
f 238/19/6 765/74/6 237/20/6
f 770/75/9 246/73/9 768/76/9
f 238/19/2 769/77/2 767/78/2
f 770/79/9 248/80/9 247/81/9
f 240/27/5 769/82/5 239/34/5
f 774/83/9 248/80/9 772/84/9
f 241/32/1 771/85/1 240/27/1
f 776/68/9 249/86/9 774/83/9
f 242/25/4 773/87/4 241/32/4
f 251/88/9 777/89/9 780/90/9
f 243/64/8 791/91/8 250/67/8
f 244/63/7 778/92/7 243/64/7
f 782/93/9 251/88/9 780/90/9
f 245/70/3 779/94/3 244/63/3
f 246/95/6 781/96/6 245/97/6
f 786/98/9 251/88/9 784/99/9
f 247/100/2 783/101/2 246/95/2
f 248/80/5 785/102/5 247/81/5
f 251/88/9 790/103/9 792/104/9
f 249/86/1 787/105/1 248/80/1
f 250/67/4 789/106/4 249/86/4
f 269/23/27 795/51/27 794/45/27
f 261/15/28 796/47/29 262/8/29
f 807/49/30 269/23/30 794/45/30
f 808/46/31 261/15/28 268/17/31
f 262/8/29 798/52/32 263/14/32
f 270/21/33 797/50/33 795/51/33
f 798/52/32 264/6/34 263/14/32
f 271/18/35 799/53/35 797/50/35
f 264/6/34 802/108/36 265/5/36
f 272/30/37 801/54/37 799/53/37
f 802/58/36 266/2/38 265/12/36
f 801/56/39 274/28/39 803/59/39
f 804/57/38 267/11/40 266/2/38
f 803/59/41 275/26/41 805/61/41
f 806/60/40 268/17/31 267/11/40
f 805/61/42 276/24/42 807/49/42
f 810/62/10 286/63/10 811/69/10
f 809/66/7 278/31/7 277/22/7
f 292/67/10 810/62/10 823/68/10
f 824/65/8 277/22/8 284/25/8
f 812/71/3 279/20/3 278/31/3
f 811/69/10 287/70/10 813/72/10
f 814/74/6 280/19/6 279/20/6
f 813/72/10 288/73/10 815/76/10
f 816/78/2 281/109/2 280/19/2
f 288/73/10 817/75/10 815/76/10
f 818/82/5 282/27/5 281/34/5
f 817/79/10 290/80/10 819/84/10
f 820/85/1 283/32/1 282/27/1
f 290/80/10 821/83/10 819/84/10
f 822/87/4 284/25/4 283/32/4
f 291/86/10 823/68/10 821/83/10
f 826/89/10 293/88/10 827/90/10
f 840/91/8 285/64/8 292/67/8
f 825/92/7 286/63/7 285/64/7
f 828/94/3 287/70/3 286/63/3
f 829/93/10 293/88/10 831/99/10
f 830/96/6 288/95/6 287/97/6
f 832/101/2 289/100/2 288/95/2
f 293/88/10 833/98/10 831/99/10
f 834/102/5 290/80/5 289/81/5
f 836/105/1 291/86/1 290/80/1
f 293/88/10 837/103/10 835/110/10
f 838/106/4 292/67/4 291/86/4
f 311/23/27 843/51/27 842/45/27
f 303/15/28 844/47/29 304/8/29
f 855/49/30 311/23/30 842/45/30
f 856/46/31 303/15/28 310/17/31
f 304/8/29 846/52/32 305/14/32
f 312/21/33 845/50/33 843/51/33
f 846/52/32 306/6/34 305/14/32
f 313/18/35 847/53/35 845/50/35
f 848/55/34 307/5/36 306/6/34
f 847/53/37 315/29/37 849/54/37
f 307/12/36 852/57/38 308/2/38
f 315/33/39 851/59/39 849/56/39
f 308/2/38 854/60/40 309/11/40
f 316/28/41 853/61/41 851/59/41
f 854/60/40 310/17/31 309/11/40
f 853/61/42 318/24/42 855/49/42
f 858/62/10 328/63/10 859/69/10
f 857/66/7 320/31/7 319/22/7
f 334/67/10 858/62/10 871/68/10
f 872/65/8 319/22/8 326/25/8
f 860/71/3 321/20/3 320/31/3
f 859/69/10 329/70/10 861/72/10
f 862/74/6 322/19/6 321/20/6
f 861/72/10 330/73/10 863/76/10
f 864/78/2 323/109/2 322/19/2
f 863/76/10 331/107/10 865/75/10
f 866/82/5 324/27/5 323/34/5
f 331/81/10 867/84/10 865/79/10
f 868/85/1 325/32/1 324/27/1
f 332/80/10 869/83/10 867/84/10
f 870/87/4 326/25/4 325/32/4
f 333/86/10 871/68/10 869/83/10
f 874/89/10 335/88/10 875/90/10
f 888/91/8 327/64/8 334/67/8
f 873/92/7 328/63/7 327/64/7
f 876/94/3 329/70/3 328/63/3
f 877/93/10 335/88/10 879/99/10
f 878/96/6 330/95/6 329/97/6
f 880/101/2 331/100/2 330/95/2
f 335/88/10 881/98/10 879/99/10
f 882/102/5 332/80/5 331/81/5
f 884/105/1 333/86/1 332/80/1
f 335/88/10 885/103/10 883/110/10
f 886/106/4 334/67/4 333/86/4
f 353/23/27 891/51/27 890/45/27
f 345/15/28 892/47/29 346/8/29
f 360/24/30 890/45/30 903/49/30
f 904/46/31 345/15/28 352/17/31
f 346/8/29 894/52/32 347/14/32
f 354/21/33 893/50/33 891/51/33
f 894/52/32 348/6/34 347/14/32
f 355/18/35 895/53/35 893/50/35
f 896/55/34 349/5/36 348/6/34
f 895/53/37 357/29/37 897/54/37
f 349/12/36 900/57/38 350/2/38
f 357/33/39 899/59/39 897/56/39
f 350/2/38 902/60/40 351/11/40
f 358/28/41 901/61/41 899/59/41
f 902/60/40 352/17/31 351/11/40
f 359/26/42 903/49/42 901/61/42
f 906/62/10 370/63/10 907/69/10
f 905/66/7 362/31/7 361/22/7
f 376/67/10 906/62/10 919/68/10
f 920/65/8 361/22/8 368/25/8
f 908/71/3 363/20/3 362/31/3
f 907/69/10 371/70/10 909/72/10
f 910/74/6 364/19/6 363/20/6
f 909/72/10 372/73/10 911/76/10
f 912/78/2 365/109/2 364/19/2
f 911/76/10 373/107/10 913/75/10
f 914/82/5 366/27/5 365/34/5
f 373/81/10 915/84/10 913/79/10
f 916/85/1 367/32/1 366/27/1
f 374/80/10 917/83/10 915/84/10
f 918/87/4 368/25/4 367/32/4
f 375/86/10 919/68/10 917/83/10
f 922/89/10 377/88/10 923/90/10
f 936/91/8 369/64/8 376/67/8
f 921/92/7 370/63/7 369/64/7
f 924/94/3 371/70/3 370/63/3
f 925/93/10 377/88/10 927/99/10
f 926/96/6 372/95/6 371/97/6
f 928/101/2 373/100/2 372/95/2
f 377/88/10 929/98/10 927/99/10
f 930/102/5 374/80/5 373/81/5
f 932/105/1 375/86/1 374/80/1
f 377/88/10 933/103/10 931/110/10
f 934/106/4 376/67/4 375/86/4
f 395/23/27 939/51/27 938/45/27
f 937/48/28 388/8/29 387/15/28
f 402/24/30 938/45/30 951/49/30
f 952/46/31 387/15/28 394/17/31
f 388/8/29 942/52/32 389/14/32
f 396/21/33 941/50/33 939/51/33
f 942/52/32 390/6/34 389/14/32
f 397/18/35 943/53/35 941/50/35
f 944/55/34 391/5/36 390/6/34
f 943/53/37 399/29/37 945/54/37
f 391/12/36 948/57/38 392/2/38
f 399/33/39 947/59/39 945/56/39
f 392/2/38 950/60/40 393/11/40
f 947/59/41 401/26/41 949/61/41
f 950/60/40 394/17/31 393/11/40
f 949/61/42 402/24/42 951/49/42
f 954/62/10 412/63/10 955/69/10
f 953/66/7 404/31/7 403/22/7
f 418/67/10 954/62/10 967/68/10
f 968/65/8 403/22/8 410/25/8
f 956/71/3 405/20/3 404/31/3
f 955/69/10 413/70/10 957/72/10
f 958/74/6 406/19/6 405/20/6
f 957/72/10 414/73/10 959/76/10
f 960/78/2 407/109/2 406/19/2
f 959/76/10 415/107/10 961/75/10
f 962/82/5 408/27/5 407/34/5
f 415/81/10 963/84/10 961/79/10
f 964/85/1 409/32/1 408/27/1
f 416/80/10 965/83/10 963/84/10
f 966/87/4 410/25/4 409/32/4
f 417/86/10 967/68/10 965/83/10
f 970/89/10 419/88/10 971/90/10
f 984/91/8 411/64/8 418/67/8
f 969/92/7 412/63/7 411/64/7
f 972/94/3 413/70/3 412/63/3
f 973/93/10 419/88/10 975/99/10
f 974/96/6 414/95/6 413/97/6
f 976/101/2 415/100/2 414/95/2
f 419/88/10 977/98/10 975/99/10
f 978/102/5 416/80/5 415/81/5
f 980/105/1 417/86/1 416/80/1
f 419/88/10 981/103/10 979/110/10
f 982/106/4 418/67/4 417/86/4
f 437/23/27 987/51/27 986/45/27
f 429/15/28 988/47/29 430/8/29
f 999/49/30 437/23/30 986/45/30
f 1000/46/31 429/15/28 436/17/31
f 430/8/29 990/52/32 431/14/32
f 438/21/33 989/50/33 987/51/33
f 990/52/32 432/6/34 431/14/32
f 439/18/35 991/53/35 989/50/35
f 992/55/34 433/5/36 432/6/34
f 991/53/37 441/29/37 993/54/37
f 433/12/36 996/57/38 434/2/38
f 441/33/39 995/59/39 993/56/39
f 434/2/38 998/60/40 435/11/40
f 442/28/41 997/61/41 995/59/41
f 998/60/40 436/17/31 435/11/40
f 997/61/42 444/24/42 999/49/42
f 1002/62/10 454/63/10 1003/69/10
f 1001/66/7 446/31/7 445/22/7
f 460/67/10 1002/62/10 1015/68/10
f 1016/65/8 445/22/8 452/25/8
f 1004/71/3 447/20/3 446/31/3
f 1003/69/10 455/70/10 1005/72/10
f 1006/74/6 448/19/6 447/20/6
f 1005/72/10 456/73/10 1007/76/10
f 1008/78/2 449/109/2 448/19/2
f 1007/76/10 457/107/10 1009/75/10
f 1010/82/5 450/27/5 449/34/5
f 457/81/10 1011/84/10 1009/79/10
f 1012/85/1 451/32/1 450/27/1
f 458/80/10 1013/83/10 1011/84/10
f 1014/87/4 452/25/4 451/32/4
f 459/86/10 1015/68/10 1013/83/10
f 1018/89/10 461/88/10 1019/90/10
f 1032/91/8 453/64/8 460/67/8
f 1017/92/7 454/63/7 453/64/7
f 1020/94/3 455/70/3 454/63/3
f 1021/93/10 461/88/10 1023/99/10
f 1022/96/6 456/95/6 455/97/6
f 1024/101/2 457/100/2 456/95/2
f 461/88/10 1025/98/10 1023/99/10
f 1026/102/5 458/80/5 457/81/5
f 1028/105/1 459/86/1 458/80/1
f 461/88/10 1029/103/10 1027/110/10
f 1030/106/4 460/67/4 459/86/4
f 1034/45/27 480/21/27 1035/51/27
f 471/15/28 1036/47/29 472/8/29
f 486/24/30 1034/45/30 1047/49/30
f 1048/46/31 471/15/28 478/17/31
f 472/8/29 1038/52/32 473/14/32
f 1035/51/33 481/18/33 1037/50/33
f 1038/52/32 474/6/34 473/14/32
f 481/18/35 1039/53/35 1037/50/35
f 474/6/34 1042/108/36 475/5/36
f 482/30/37 1041/54/37 1039/53/37
f 475/12/36 1044/57/38 476/2/38
f 1041/56/39 484/28/39 1043/59/39
f 1044/57/38 477/11/40 476/2/38
f 1043/59/41 485/26/41 1045/61/41
f 1046/60/40 478/17/31 477/11/40
f 485/26/42 1047/49/42 1045/61/42
f 1050/62/10 496/63/10 1051/69/10
f 1049/66/7 488/31/7 487/22/7
f 502/67/10 1050/62/10 1063/68/10
f 1064/65/8 487/22/8 494/25/8
f 1052/71/3 489/20/3 488/31/3
f 1051/69/10 497/70/10 1053/72/10
f 1054/74/6 490/19/6 489/20/6
f 1053/72/10 498/73/10 1055/76/10
f 1056/78/2 491/109/2 490/19/2
f 498/73/10 1057/75/10 1055/76/10
f 1058/82/5 492/27/5 491/34/5
f 1057/79/10 500/80/10 1059/84/10
f 1060/85/1 493/32/1 492/27/1
f 500/80/10 1061/83/10 1059/84/10
f 1062/87/4 494/25/4 493/32/4
f 501/86/10 1063/68/10 1061/83/10
f 1066/89/10 503/88/10 1067/90/10
f 1080/91/8 495/64/8 502/67/8
f 1065/92/7 496/63/7 495/64/7
f 1068/94/3 497/70/3 496/63/3
f 1069/93/10 503/88/10 1071/99/10
f 1070/96/6 498/95/6 497/97/6
f 1072/101/2 499/100/2 498/95/2
f 503/88/10 1073/98/10 1071/99/10
f 1074/102/5 500/80/5 499/81/5
f 1076/105/1 501/86/1 500/80/1
f 503/88/10 1077/103/10 1075/110/10
f 1078/106/4 502/67/4 501/86/4
f 7/1/1 15/11/1 14/2/1
f 4/4/2 5/43/2 13/5/2
f 3/7/3 11/14/3 10/8/3
f 8/10/4 16/17/4 15/11/4
f 6/3/5 14/2/5 13/12/5
f 4/4/6 12/6/6 11/14/6
f 2/9/7 10/8/7 9/15/7
f 1/16/8 9/15/8 16/17/8
f 19/18/9 20/30/9 28/19/9
f 18/21/9 26/31/9 25/22/9
f 24/24/9 17/23/9 25/22/9
f 23/26/9 31/32/9 30/27/9
f 21/29/9 29/109/9 28/19/9
f 19/18/9 27/20/9 26/31/9
f 24/24/9 32/25/9 31/32/9
f 21/33/9 22/28/9 30/27/9
f 42/35/10 7/44/10 6/36/10
f 8/38/10 7/44/10 42/35/10
f 42/35/10 5/37/10 4/40/10
f 2/42/10 1/39/10 42/35/10
f 49/1/1 57/11/1 56/2/1
f 46/4/2 47/43/2 55/5/2
f 45/7/3 53/14/3 52/8/3
f 50/10/4 58/17/4 57/11/4
f 48/3/5 56/2/5 55/12/5
f 46/4/6 54/6/6 53/14/6
f 44/9/7 52/8/7 51/15/7
f 43/16/8 51/15/8 58/17/8
f 61/18/9 62/30/9 70/19/9
f 60/21/9 68/31/9 67/22/9
f 66/24/9 59/23/9 67/22/9
f 65/26/9 73/32/9 72/27/9
f 63/29/9 71/109/9 70/19/9
f 61/18/9 69/20/9 68/31/9
f 66/24/9 74/25/9 73/32/9
f 63/33/9 64/28/9 72/27/9
f 84/35/10 49/44/10 48/36/10
f 50/38/10 49/44/10 84/35/10
f 84/35/10 47/37/10 46/40/10
f 44/42/10 43/39/10 84/35/10
f 91/1/1 99/11/1 98/2/1
f 88/4/2 89/43/2 97/5/2
f 87/7/3 95/14/3 94/8/3
f 92/10/4 100/17/4 99/11/4
f 90/3/5 98/2/5 97/12/5
f 88/4/6 96/6/6 95/14/6
f 86/9/7 94/8/7 93/15/7
f 85/16/8 93/15/8 100/17/8
f 103/18/9 104/30/9 112/19/9
f 102/21/9 110/31/9 109/22/9
f 108/24/9 101/23/9 109/22/9
f 107/26/9 115/32/9 114/27/9
f 105/29/9 113/109/9 112/19/9
f 102/21/9 103/18/9 111/20/9
f 108/24/9 116/25/9 115/32/9
f 105/33/9 106/28/9 114/27/9
f 126/35/10 91/44/10 90/36/10
f 92/38/10 91/44/10 126/35/10
f 126/35/10 89/37/10 88/40/10
f 86/42/10 85/39/10 126/35/10
f 133/1/1 141/11/1 140/2/1
f 130/4/2 131/43/2 139/5/2
f 129/7/3 137/14/3 136/8/3
f 134/10/4 142/17/4 141/11/4
f 132/3/5 140/2/5 139/12/5
f 130/4/6 138/6/6 137/14/6
f 128/9/7 136/8/7 135/15/7
f 127/16/8 135/15/8 142/17/8
f 145/18/9 146/30/9 154/19/9
f 144/21/9 152/31/9 151/22/9
f 150/24/9 143/23/9 151/22/9
f 149/26/9 157/32/9 156/27/9
f 147/29/9 155/109/9 154/19/9
f 144/21/9 145/18/9 153/20/9
f 150/24/9 158/25/9 157/32/9
f 147/33/9 148/28/9 156/27/9
f 168/35/10 133/44/10 132/36/10
f 134/38/10 133/44/10 168/35/10
f 168/35/10 131/37/10 130/40/10
f 128/42/10 127/39/10 168/35/10
f 175/1/1 183/11/1 182/2/1
f 172/4/2 173/43/2 181/5/2
f 171/7/3 179/14/3 178/8/3
f 176/10/4 184/17/4 183/11/4
f 174/3/5 182/2/5 181/12/5
f 172/4/6 180/6/6 179/14/6
f 170/9/7 178/8/7 177/15/7
f 169/16/8 177/15/8 184/17/8
f 187/18/9 188/30/9 196/19/9
f 186/21/9 194/31/9 193/22/9
f 192/24/9 185/23/9 193/22/9
f 191/26/9 199/32/9 198/27/9
f 189/29/9 197/109/9 196/19/9
f 187/18/9 195/20/9 194/31/9
f 192/24/9 200/25/9 199/32/9
f 189/33/9 190/28/9 198/27/9
f 210/35/10 175/44/10 174/36/10
f 176/38/10 175/44/10 210/35/10
f 210/35/10 173/37/10 172/40/10
f 170/42/10 169/39/10 210/35/10
f 217/1/1 225/11/1 224/2/1
f 214/4/2 215/43/2 223/5/2
f 213/7/3 221/14/3 220/8/3
f 218/10/4 226/17/4 225/11/4
f 216/3/5 224/2/5 223/12/5
f 214/4/6 222/6/6 221/14/6
f 212/9/7 220/8/7 219/15/7
f 211/16/8 219/15/8 226/17/8
f 229/18/9 230/30/9 238/19/9
f 227/23/9 228/21/9 236/31/9
f 227/23/9 235/22/9 242/25/9
f 233/26/9 241/32/9 240/27/9
f 231/29/9 239/109/9 238/19/9
f 229/18/9 237/20/9 236/31/9
f 233/26/9 234/24/9 242/25/9
f 231/33/9 232/28/9 240/27/9
f 252/35/10 217/44/10 216/36/10
f 218/38/10 217/44/10 252/35/10
f 252/35/10 215/37/10 214/40/10
f 212/42/10 211/39/10 252/35/10
f 266/2/1 267/11/1 259/1/1
f 256/4/2 264/6/2 265/5/2
f 262/8/3 263/14/3 255/7/3
f 267/11/4 268/17/4 260/10/4
f 265/12/5 266/2/5 258/3/5
f 263/14/6 264/6/6 256/4/6
f 261/15/7 262/8/7 254/9/7
f 268/17/8 261/15/8 253/16/8
f 271/18/10 279/20/10 280/19/10
f 269/23/10 277/22/10 278/31/10
f 276/24/10 284/25/10 277/22/10
f 282/27/10 283/32/10 275/26/10
f 280/19/10 281/109/10 273/29/10
f 270/21/10 278/31/10 279/20/10
f 283/32/10 284/25/10 276/24/10
f 273/33/10 281/34/10 282/27/10
f 294/35/9 257/37/9 258/36/9
f 294/35/9 259/44/9 260/38/9
f 256/40/9 257/37/9 294/35/9
f 254/42/9 255/41/9 294/35/9
f 308/2/1 309/11/1 301/1/1
f 298/4/2 306/6/2 307/5/2
f 304/8/3 305/14/3 297/7/3
f 309/11/4 310/17/4 302/10/4
f 307/12/5 308/2/5 300/3/5
f 305/14/6 306/6/6 298/4/6
f 303/15/7 304/8/7 296/9/7
f 310/17/8 303/15/8 295/16/8
f 313/18/10 321/20/10 322/19/10
f 311/23/10 319/22/10 320/31/10
f 326/25/10 319/22/10 311/23/10
f 324/27/10 325/32/10 317/26/10
f 322/19/10 323/109/10 315/29/10
f 320/31/10 321/20/10 313/18/10
f 325/32/10 326/25/10 318/24/10
f 315/33/10 323/34/10 324/27/10
f 336/35/9 299/37/9 300/36/9
f 336/35/9 301/44/9 302/38/9
f 298/40/9 299/37/9 336/35/9
f 296/42/9 297/41/9 336/35/9
f 350/2/1 351/11/1 343/1/1
f 340/4/2 348/6/2 349/5/2
f 346/8/3 347/14/3 339/7/3
f 351/11/4 352/17/4 344/10/4
f 349/12/5 350/2/5 342/3/5
f 347/14/6 348/6/6 340/4/6
f 345/15/7 346/8/7 338/9/7
f 352/17/8 345/15/8 337/16/8
f 355/18/10 363/20/10 364/19/10
f 353/23/10 361/22/10 362/31/10
f 360/24/10 368/25/10 361/22/10
f 366/27/10 367/32/10 359/26/10
f 364/19/10 365/109/10 357/29/10
f 362/31/10 363/20/10 355/18/10
f 367/32/10 368/25/10 360/24/10
f 357/33/10 365/34/10 366/27/10
f 378/35/9 341/37/9 342/36/9
f 378/35/9 343/44/9 344/38/9
f 340/40/9 341/37/9 378/35/9
f 338/42/9 339/41/9 378/35/9
f 392/2/1 393/11/1 385/1/1
f 382/4/2 390/6/2 391/5/2
f 388/8/3 389/14/3 381/7/3
f 393/11/4 394/17/4 386/10/4
f 391/12/5 392/2/5 384/3/5
f 389/14/6 390/6/6 382/4/6
f 387/15/7 388/8/7 380/9/7
f 394/17/8 387/15/8 379/16/8
f 397/18/10 405/20/10 406/19/10
f 395/23/10 403/22/10 404/31/10
f 402/24/10 410/25/10 403/22/10
f 400/28/10 408/27/10 409/32/10
f 406/19/10 407/109/10 399/29/10
f 404/31/10 405/20/10 397/18/10
f 409/32/10 410/25/10 402/24/10
f 399/33/10 407/34/10 408/27/10
f 420/35/9 383/37/9 384/36/9
f 420/35/9 385/44/9 386/38/9
f 382/40/9 383/37/9 420/35/9
f 380/42/9 381/41/9 420/35/9
f 434/2/1 435/11/1 427/1/1
f 424/4/2 432/6/2 433/5/2
f 430/8/3 431/14/3 423/7/3
f 435/11/4 436/17/4 428/10/4
f 433/12/5 434/2/5 426/3/5
f 431/14/6 432/6/6 424/4/6
f 429/15/7 430/8/7 422/9/7
f 436/17/8 429/15/8 421/16/8
f 439/18/10 447/20/10 448/19/10
f 445/22/10 446/31/10 438/21/10
f 444/24/10 452/25/10 445/22/10
f 450/27/10 451/32/10 443/26/10
f 448/19/10 449/109/10 441/29/10
f 438/21/10 446/31/10 447/20/10
f 451/32/10 452/25/10 444/24/10
f 441/33/10 449/34/10 450/27/10
f 462/35/9 425/37/9 426/36/9
f 462/35/9 427/44/9 428/38/9
f 424/40/9 425/37/9 462/35/9
f 422/42/9 423/41/9 462/35/9
f 476/2/1 477/11/1 469/1/1
f 466/4/2 474/6/2 475/5/2
f 472/8/3 473/14/3 465/7/3
f 477/11/4 478/17/4 470/10/4
f 475/12/5 476/2/5 468/3/5
f 473/14/6 474/6/6 466/4/6
f 471/15/7 472/8/7 464/9/7
f 478/17/8 471/15/8 463/16/8
f 481/18/10 489/20/10 490/19/10
f 479/23/10 487/22/10 488/31/10
f 494/25/10 487/22/10 479/23/10
f 492/27/10 493/32/10 485/26/10
f 490/19/10 491/109/10 483/29/10
f 488/31/10 489/20/10 481/18/10
f 485/26/10 493/32/10 494/25/10
f 483/33/10 491/34/10 492/27/10
f 504/35/9 467/37/9 468/36/9
f 504/35/9 469/44/9 470/38/9
f 466/40/9 467/37/9 504/35/9
f 464/42/9 465/41/9 504/35/9
f 505/45/11 508/51/11 18/21/11
f 9/15/12 506/48/12 519/46/13
f 9/15/12 10/8/14 507/47/14
f 505/45/15 17/23/15 24/24/15
f 510/50/16 19/18/16 18/21/16
f 10/8/14 11/14/17 509/52/17
f 512/53/18 20/30/18 19/18/18
f 12/6/19 511/55/19 509/52/17
f 514/54/20 21/29/20 20/30/20
f 13/5/21 513/108/21 511/55/19
f 514/56/22 516/59/22 22/28/22
f 13/12/21 14/2/23 515/57/23
f 516/59/24 518/61/24 23/26/24
f 14/2/23 15/11/25 517/60/25
f 518/61/26 520/49/26 24/24/26
f 16/17/13 519/46/13 517/60/25
f 521/62/9 524/69/9 34/63/9
f 25/22/8 522/66/8 535/65/8
f 26/31/7 523/71/7 522/66/7
f 521/62/9 33/64/9 40/67/9
f 524/69/9 526/72/9 35/70/9
f 27/20/3 525/74/3 523/71/3
f 526/72/9 528/76/9 36/73/9
f 28/19/6 527/78/6 525/74/6
f 530/75/9 37/107/9 36/73/9
f 28/19/2 29/109/2 529/77/2
f 530/79/9 532/84/9 38/80/9
f 30/27/5 531/85/5 529/82/5
f 534/83/9 39/86/9 38/80/9
f 31/32/1 533/87/1 531/85/1
f 536/68/9 40/67/9 39/86/9
f 32/25/4 535/65/4 533/87/4
f 41/88/9 552/104/9 537/89/9
f 33/64/8 538/92/8 551/91/8
f 34/63/7 539/94/7 538/92/7
f 542/93/9 544/99/9 41/88/9
f 35/70/3 541/111/3 539/94/3
f 36/95/6 543/101/6 541/96/6
f 546/98/9 548/110/9 41/88/9
f 37/100/2 545/102/2 543/101/2
f 38/80/5 547/105/5 545/102/5
f 41/88/9 548/110/9 550/103/9
f 39/86/1 549/106/1 547/105/1
f 40/67/4 551/91/4 549/106/4
f 556/51/11 60/21/11 59/23/11
f 51/15/12 554/48/12 567/46/13
f 51/15/12 52/8/14 555/47/14
f 568/49/15 553/45/15 59/23/15
f 558/50/16 61/18/16 60/21/16
f 52/8/14 53/14/17 557/52/17
f 558/50/18 560/53/18 62/30/18
f 54/6/19 559/55/19 557/52/17
f 560/53/20 562/54/20 63/29/20
f 55/5/21 561/108/21 559/55/19
f 564/59/22 64/28/22 63/33/22
f 55/12/21 56/2/23 563/57/23
f 566/61/24 65/26/24 64/28/24
f 56/2/23 57/11/25 565/60/25
f 566/61/26 568/49/26 66/24/26
f 58/17/13 567/46/13 565/60/25
f 569/62/9 572/69/9 76/63/9
f 67/22/8 570/66/8 583/65/8
f 68/31/7 571/71/7 570/66/7
f 569/62/9 75/64/9 82/67/9
f 572/69/9 574/72/9 77/70/9
f 69/20/3 573/74/3 571/71/3
f 574/72/9 576/76/9 78/73/9
f 70/19/6 575/78/6 573/74/6
f 576/76/9 578/75/9 79/107/9
f 70/19/2 71/109/2 577/77/2
f 580/84/9 80/80/9 79/81/9
f 72/27/5 579/85/5 577/82/5
f 582/83/9 81/86/9 80/80/9
f 73/32/1 581/87/1 579/85/1
f 584/68/9 82/67/9 81/86/9
f 74/25/4 583/65/4 581/87/4
f 83/88/9 600/104/9 585/89/9
f 75/64/8 586/92/8 599/91/8
f 76/63/7 587/94/7 586/92/7
f 590/93/9 592/99/9 83/88/9
f 77/70/3 589/111/3 587/94/3
f 78/95/6 591/101/6 589/96/6
f 594/98/9 596/110/9 83/88/9
f 79/100/2 593/102/2 591/101/2
f 80/80/5 595/105/5 593/102/5
f 83/88/9 596/110/9 598/103/9
f 81/86/1 597/106/1 595/105/1
f 82/67/4 599/91/4 597/106/4
f 601/45/11 604/51/11 102/21/11
f 93/15/12 602/48/12 615/46/13
f 93/15/12 94/8/14 603/47/14
f 601/45/15 101/23/15 108/24/15
f 606/50/16 103/18/16 102/21/16
f 94/8/14 95/14/17 605/52/17
f 608/53/18 104/30/18 103/18/18
f 96/6/19 607/55/19 605/52/17
f 608/53/20 610/54/20 105/29/20
f 97/5/21 609/108/21 607/55/19
f 612/59/22 106/28/22 105/33/22
f 97/12/21 98/2/23 611/57/23
f 612/59/24 614/61/24 107/26/24
f 98/2/23 99/11/25 613/60/25
f 616/49/26 108/24/26 107/26/26
f 100/17/13 615/46/13 613/60/25
f 617/62/9 620/69/9 118/63/9
f 109/22/8 618/66/8 631/65/8
f 110/31/7 619/71/7 618/66/7
f 617/62/9 117/64/9 124/67/9
f 620/69/9 622/72/9 119/70/9
f 111/20/3 621/74/3 619/71/3
f 622/72/9 624/76/9 120/73/9
f 112/19/6 623/78/6 621/74/6
f 624/76/9 626/75/9 121/107/9
f 112/19/2 113/109/2 625/77/2
f 628/84/9 122/80/9 121/81/9
f 114/27/5 627/85/5 625/82/5
f 630/83/9 123/86/9 122/80/9
f 115/32/1 629/87/1 627/85/1
f 632/68/9 124/67/9 123/86/9
f 116/25/4 631/65/4 629/87/4
f 125/88/9 648/104/9 633/89/9
f 117/64/8 634/92/8 647/91/8
f 118/63/7 635/94/7 634/92/7
f 638/93/9 640/99/9 125/88/9
f 119/70/3 637/111/3 635/94/3
f 120/95/6 639/101/6 637/96/6
f 642/98/9 644/110/9 125/88/9
f 121/100/2 641/102/2 639/101/2
f 122/80/5 643/105/5 641/102/5
f 125/88/9 644/110/9 646/103/9
f 123/86/1 645/106/1 643/105/1
f 124/67/4 647/91/4 645/106/4
f 649/45/11 652/51/11 144/21/11
f 135/15/12 650/48/12 663/46/13
f 135/15/12 136/8/14 651/47/14
f 649/45/15 143/23/15 150/24/15
f 652/51/16 654/50/16 145/18/16
f 136/8/14 137/14/17 653/52/17
f 654/50/18 656/53/18 146/30/18
f 138/6/19 655/55/19 653/52/17
f 656/53/20 658/54/20 147/29/20
f 139/5/21 657/108/21 655/55/19
f 660/59/22 148/28/22 147/33/22
f 139/12/21 140/2/23 659/57/23
f 662/61/24 149/26/24 148/28/24
f 140/2/23 141/11/25 661/60/25
f 664/49/26 150/24/26 149/26/26
f 142/17/13 663/46/13 661/60/25
f 665/62/9 668/69/9 160/63/9
f 151/22/8 666/66/8 679/65/8
f 152/31/7 667/71/7 666/66/7
f 665/62/9 159/64/9 166/67/9
f 668/69/9 670/72/9 161/70/9
f 153/20/3 669/74/3 667/71/3
f 670/72/9 672/76/9 162/73/9
f 154/19/6 671/78/6 669/74/6
f 672/76/9 674/75/9 163/107/9
f 154/19/2 155/109/2 673/77/2
f 676/84/9 164/80/9 163/81/9
f 156/27/5 675/85/5 673/82/5
f 678/83/9 165/86/9 164/80/9
f 157/32/1 677/87/1 675/85/1
f 680/68/9 166/67/9 165/86/9
f 158/25/4 679/65/4 677/87/4
f 167/88/9 696/104/9 681/89/9
f 159/64/8 682/92/8 695/91/8
f 160/63/7 683/94/7 682/92/7
f 686/93/9 688/99/9 167/88/9
f 161/70/3 685/111/3 683/94/3
f 162/95/6 687/101/6 685/96/6
f 690/98/9 692/110/9 167/88/9
f 163/100/2 689/102/2 687/101/2
f 164/80/5 691/105/5 689/102/5
f 167/88/9 692/110/9 694/103/9
f 165/86/1 693/106/1 691/105/1
f 166/67/4 695/91/4 693/106/4
f 700/51/11 186/21/11 185/23/11
f 177/15/12 698/48/12 711/46/13
f 177/15/12 178/8/14 699/47/14
f 697/45/15 185/23/15 192/24/15
f 702/50/16 187/18/16 186/21/16
f 178/8/14 179/14/17 701/52/17
f 702/50/18 704/53/18 188/30/18
f 180/6/19 703/55/19 701/52/17
f 704/53/20 706/54/20 189/29/20
f 181/5/21 705/108/21 703/55/19
f 708/59/22 190/28/22 189/33/22
f 181/12/21 182/2/23 707/57/23
f 710/61/24 191/26/24 190/28/24
f 182/2/23 183/11/25 709/60/25
f 710/61/26 712/49/26 192/24/26
f 184/17/13 711/46/13 709/60/25
f 713/62/9 716/69/9 202/63/9
f 193/22/8 714/66/8 727/65/8
f 194/31/7 715/71/7 714/66/7
f 713/62/9 201/64/9 208/67/9
f 716/69/9 718/72/9 203/70/9
f 195/20/3 717/74/3 715/71/3
f 718/72/9 720/76/9 204/73/9
f 196/19/6 719/78/6 717/74/6
f 720/76/9 722/75/9 205/107/9
f 196/19/2 197/109/2 721/77/2
f 724/84/9 206/80/9 205/81/9
f 198/27/5 723/85/5 721/82/5
f 726/83/9 207/86/9 206/80/9
f 199/32/1 725/87/1 723/85/1
f 728/68/9 208/67/9 207/86/9
f 200/25/4 727/65/4 725/87/4
f 209/88/9 744/104/9 729/89/9
f 201/64/8 730/92/8 743/91/8
f 202/63/7 731/94/7 730/92/7
f 734/93/9 736/99/9 209/88/9
f 203/70/3 733/111/3 731/94/3
f 204/95/6 735/101/6 733/96/6
f 738/98/9 740/110/9 209/88/9
f 205/100/2 737/102/2 735/101/2
f 206/80/5 739/105/5 737/102/5
f 209/88/9 740/110/9 742/103/9
f 207/86/1 741/106/1 739/105/1
f 208/67/4 743/91/4 741/106/4
f 745/45/11 748/51/11 228/21/11
f 219/15/12 746/48/12 759/46/13
f 219/15/12 220/8/14 747/47/14
f 745/45/15 227/23/15 234/24/15
f 748/51/16 750/50/16 229/18/16
f 220/8/14 221/14/17 749/52/17
f 752/53/18 230/30/18 229/18/18
f 222/6/19 751/55/19 749/52/17
f 754/54/20 231/29/20 230/30/20
f 222/6/19 223/5/21 753/108/21
f 754/56/22 756/59/22 232/28/22
f 223/12/21 224/2/23 755/57/23
f 756/59/24 758/61/24 233/26/24
f 224/2/23 225/11/25 757/60/25
f 760/49/26 234/24/26 233/26/26
f 226/17/13 759/46/13 757/60/25
f 761/62/9 764/69/9 244/63/9
f 235/22/8 762/66/8 775/65/8
f 236/31/7 763/71/7 762/66/7
f 761/62/9 243/64/9 250/67/9
f 764/69/9 766/72/9 245/70/9
f 237/20/3 765/74/3 763/71/3
f 766/72/9 768/76/9 246/73/9
f 238/19/6 767/78/6 765/74/6
f 770/75/9 247/107/9 246/73/9
f 238/19/2 239/109/2 769/77/2
f 770/79/9 772/84/9 248/80/9
f 240/27/5 771/85/5 769/82/5
f 774/83/9 249/86/9 248/80/9
f 241/32/1 773/87/1 771/85/1
f 776/68/9 250/67/9 249/86/9
f 242/25/4 775/65/4 773/87/4
f 251/88/9 792/104/9 777/89/9
f 243/64/8 778/92/8 791/91/8
f 244/63/7 779/94/7 778/92/7
f 782/93/9 784/99/9 251/88/9
f 245/70/3 781/111/3 779/94/3
f 246/95/6 783/101/6 781/96/6
f 786/98/9 788/110/9 251/88/9
f 247/100/2 785/102/2 783/101/2
f 248/80/5 787/105/5 785/102/5
f 251/88/9 788/110/9 790/103/9
f 249/86/1 789/106/1 787/105/1
f 250/67/4 791/91/4 789/106/4
f 269/23/27 270/21/27 795/51/27
f 261/15/28 793/48/28 796/47/29
f 807/49/30 276/24/30 269/23/30
f 808/46/31 793/48/28 261/15/28
f 262/8/29 796/47/29 798/52/32
f 270/21/33 271/18/33 797/50/33
f 798/52/32 800/55/34 264/6/34
f 271/18/35 272/30/35 799/53/35
f 264/6/34 800/55/34 802/108/36
f 272/30/37 273/29/37 801/54/37
f 802/58/36 804/57/38 266/2/38
f 801/56/39 273/33/39 274/28/39
f 804/57/38 806/60/40 267/11/40
f 803/59/41 274/28/41 275/26/41
f 806/60/40 808/46/31 268/17/31
f 805/61/42 275/26/42 276/24/42
f 810/62/10 285/64/10 286/63/10
f 809/66/7 812/71/7 278/31/7
f 292/67/10 285/64/10 810/62/10
f 824/65/8 809/66/8 277/22/8
f 812/71/3 814/74/3 279/20/3
f 811/69/10 286/63/10 287/70/10
f 814/74/6 816/78/6 280/19/6
f 813/72/10 287/70/10 288/73/10
f 816/78/2 818/77/2 281/109/2
f 288/73/10 289/107/10 817/75/10
f 818/82/5 820/85/5 282/27/5
f 817/79/10 289/81/10 290/80/10
f 820/85/1 822/87/1 283/32/1
f 290/80/10 291/86/10 821/83/10
f 822/87/4 824/65/4 284/25/4
f 291/86/10 292/67/10 823/68/10
f 826/89/10 839/104/10 293/88/10
f 840/91/8 825/92/8 285/64/8
f 825/92/7 828/94/7 286/63/7
f 828/94/3 830/111/3 287/70/3
f 829/93/10 827/90/10 293/88/10
f 830/96/6 832/101/6 288/95/6
f 832/101/2 834/102/2 289/100/2
f 293/88/10 835/110/10 833/98/10
f 834/102/5 836/105/5 290/80/5
f 836/105/1 838/106/1 291/86/1
f 293/88/10 839/104/10 837/103/10
f 838/106/4 840/91/4 292/67/4
f 311/23/27 312/21/27 843/51/27
f 303/15/28 841/48/28 844/47/29
f 855/49/30 318/24/30 311/23/30
f 856/46/31 841/48/28 303/15/28
f 304/8/29 844/47/29 846/52/32
f 312/21/33 313/18/33 845/50/33
f 846/52/32 848/55/34 306/6/34
f 313/18/35 314/30/35 847/53/35
f 848/55/34 850/108/36 307/5/36
f 847/53/37 314/30/37 315/29/37
f 307/12/36 850/58/36 852/57/38
f 315/33/39 316/28/39 851/59/39
f 308/2/38 852/57/38 854/60/40
f 316/28/41 317/26/41 853/61/41
f 854/60/40 856/46/31 310/17/31
f 853/61/42 317/26/42 318/24/42
f 858/62/10 327/64/10 328/63/10
f 857/66/7 860/71/7 320/31/7
f 334/67/10 327/64/10 858/62/10
f 872/65/8 857/66/8 319/22/8
f 860/71/3 862/74/3 321/20/3
f 859/69/10 328/63/10 329/70/10
f 862/74/6 864/78/6 322/19/6
f 861/72/10 329/70/10 330/73/10
f 864/78/2 866/77/2 323/109/2
f 863/76/10 330/73/10 331/107/10
f 866/82/5 868/85/5 324/27/5
f 331/81/10 332/80/10 867/84/10
f 868/85/1 870/87/1 325/32/1
f 332/80/10 333/86/10 869/83/10
f 870/87/4 872/65/4 326/25/4
f 333/86/10 334/67/10 871/68/10
f 874/89/10 887/104/10 335/88/10
f 888/91/8 873/92/8 327/64/8
f 873/92/7 876/94/7 328/63/7
f 876/94/3 878/111/3 329/70/3
f 877/93/10 875/90/10 335/88/10
f 878/96/6 880/101/6 330/95/6
f 880/101/2 882/102/2 331/100/2
f 335/88/10 883/110/10 881/98/10
f 882/102/5 884/105/5 332/80/5
f 884/105/1 886/106/1 333/86/1
f 335/88/10 887/104/10 885/103/10
f 886/106/4 888/91/4 334/67/4
f 353/23/27 354/21/27 891/51/27
f 345/15/28 889/48/28 892/47/29
f 360/24/30 353/23/30 890/45/30
f 904/46/31 889/48/28 345/15/28
f 346/8/29 892/47/29 894/52/32
f 354/21/33 355/18/33 893/50/33
f 894/52/32 896/55/34 348/6/34
f 355/18/35 356/30/35 895/53/35
f 896/55/34 898/108/36 349/5/36
f 895/53/37 356/30/37 357/29/37
f 349/12/36 898/58/36 900/57/38
f 357/33/39 358/28/39 899/59/39
f 350/2/38 900/57/38 902/60/40
f 358/28/41 359/26/41 901/61/41
f 902/60/40 904/46/31 352/17/31
f 359/26/42 360/24/42 903/49/42
f 906/62/10 369/64/10 370/63/10
f 905/66/7 908/71/7 362/31/7
f 376/67/10 369/64/10 906/62/10
f 920/65/8 905/66/8 361/22/8
f 908/71/3 910/74/3 363/20/3
f 907/69/10 370/63/10 371/70/10
f 910/74/6 912/78/6 364/19/6
f 909/72/10 371/70/10 372/73/10
f 912/78/2 914/77/2 365/109/2
f 911/76/10 372/73/10 373/107/10
f 914/82/5 916/85/5 366/27/5
f 373/81/10 374/80/10 915/84/10
f 916/85/1 918/87/1 367/32/1
f 374/80/10 375/86/10 917/83/10
f 918/87/4 920/65/4 368/25/4
f 375/86/10 376/67/10 919/68/10
f 922/89/10 935/104/10 377/88/10
f 936/91/8 921/92/8 369/64/8
f 921/92/7 924/94/7 370/63/7
f 924/94/3 926/111/3 371/70/3
f 925/93/10 923/90/10 377/88/10
f 926/96/6 928/101/6 372/95/6
f 928/101/2 930/102/2 373/100/2
f 377/88/10 931/110/10 929/98/10
f 930/102/5 932/105/5 374/80/5
f 932/105/1 934/106/1 375/86/1
f 377/88/10 935/104/10 933/103/10
f 934/106/4 936/91/4 376/67/4
f 395/23/27 396/21/27 939/51/27
f 937/48/28 940/47/29 388/8/29
f 402/24/30 395/23/30 938/45/30
f 952/46/31 937/48/28 387/15/28
f 388/8/29 940/47/29 942/52/32
f 396/21/33 397/18/33 941/50/33
f 942/52/32 944/55/34 390/6/34
f 397/18/35 398/30/35 943/53/35
f 944/55/34 946/108/36 391/5/36
f 943/53/37 398/30/37 399/29/37
f 391/12/36 946/58/36 948/57/38
f 399/33/39 400/28/39 947/59/39
f 392/2/38 948/57/38 950/60/40
f 947/59/41 400/28/41 401/26/41
f 950/60/40 952/46/31 394/17/31
f 949/61/42 401/26/42 402/24/42
f 954/62/10 411/64/10 412/63/10
f 953/66/7 956/71/7 404/31/7
f 418/67/10 411/64/10 954/62/10
f 968/65/8 953/66/8 403/22/8
f 956/71/3 958/74/3 405/20/3
f 955/69/10 412/63/10 413/70/10
f 958/74/6 960/78/6 406/19/6
f 957/72/10 413/70/10 414/73/10
f 960/78/2 962/77/2 407/109/2
f 959/76/10 414/73/10 415/107/10
f 962/82/5 964/85/5 408/27/5
f 415/81/10 416/80/10 963/84/10
f 964/85/1 966/87/1 409/32/1
f 416/80/10 417/86/10 965/83/10
f 966/87/4 968/65/4 410/25/4
f 417/86/10 418/67/10 967/68/10
f 970/89/10 983/104/10 419/88/10
f 984/91/8 969/92/8 411/64/8
f 969/92/7 972/94/7 412/63/7
f 972/94/3 974/111/3 413/70/3
f 973/93/10 971/90/10 419/88/10
f 974/96/6 976/101/6 414/95/6
f 976/101/2 978/102/2 415/100/2
f 419/88/10 979/110/10 977/98/10
f 978/102/5 980/105/5 416/80/5
f 980/105/1 982/106/1 417/86/1
f 419/88/10 983/104/10 981/103/10
f 982/106/4 984/91/4 418/67/4
f 437/23/27 438/21/27 987/51/27
f 429/15/28 985/48/28 988/47/29
f 999/49/30 444/24/30 437/23/30
f 1000/46/31 985/48/28 429/15/28
f 430/8/29 988/47/29 990/52/32
f 438/21/33 439/18/33 989/50/33
f 990/52/32 992/55/34 432/6/34
f 439/18/35 440/30/35 991/53/35
f 992/55/34 994/108/36 433/5/36
f 991/53/37 440/30/37 441/29/37
f 433/12/36 994/58/36 996/57/38
f 441/33/39 442/28/39 995/59/39
f 434/2/38 996/57/38 998/60/40
f 442/28/41 443/26/41 997/61/41
f 998/60/40 1000/46/31 436/17/31
f 997/61/42 443/26/42 444/24/42
f 1002/62/10 453/64/10 454/63/10
f 1001/66/7 1004/71/7 446/31/7
f 460/67/10 453/64/10 1002/62/10
f 1016/65/8 1001/66/8 445/22/8
f 1004/71/3 1006/74/3 447/20/3
f 1003/69/10 454/63/10 455/70/10
f 1006/74/6 1008/78/6 448/19/6
f 1005/72/10 455/70/10 456/73/10
f 1008/78/2 1010/77/2 449/109/2
f 1007/76/10 456/73/10 457/107/10
f 1010/82/5 1012/85/5 450/27/5
f 457/81/10 458/80/10 1011/84/10
f 1012/85/1 1014/87/1 451/32/1
f 458/80/10 459/86/10 1013/83/10
f 1014/87/4 1016/65/4 452/25/4
f 459/86/10 460/67/10 1015/68/10
f 1018/89/10 1031/104/10 461/88/10
f 1032/91/8 1017/92/8 453/64/8
f 1017/92/7 1020/94/7 454/63/7
f 1020/94/3 1022/111/3 455/70/3
f 1021/93/10 1019/90/10 461/88/10
f 1022/96/6 1024/101/6 456/95/6
f 1024/101/2 1026/102/2 457/100/2
f 461/88/10 1027/110/10 1025/98/10
f 1026/102/5 1028/105/5 458/80/5
f 1028/105/1 1030/106/1 459/86/1
f 461/88/10 1031/104/10 1029/103/10
f 1030/106/4 1032/91/4 460/67/4
f 1034/45/27 479/23/27 480/21/27
f 471/15/28 1033/48/28 1036/47/29
f 486/24/30 479/23/30 1034/45/30
f 1048/46/31 1033/48/28 471/15/28
f 472/8/29 1036/47/29 1038/52/32
f 1035/51/33 480/21/33 481/18/33
f 1038/52/32 1040/55/34 474/6/34
f 481/18/35 482/30/35 1039/53/35
f 474/6/34 1040/55/34 1042/108/36
f 482/30/37 483/29/37 1041/54/37
f 475/12/36 1042/58/36 1044/57/38
f 1041/56/39 483/33/39 484/28/39
f 1044/57/38 1046/60/40 477/11/40
f 1043/59/41 484/28/41 485/26/41
f 1046/60/40 1048/46/31 478/17/31
f 485/26/42 486/24/42 1047/49/42
f 1050/62/10 495/64/10 496/63/10
f 1049/66/7 1052/71/7 488/31/7
f 502/67/10 495/64/10 1050/62/10
f 1064/65/8 1049/66/8 487/22/8
f 1052/71/3 1054/74/3 489/20/3
f 1051/69/10 496/63/10 497/70/10
f 1054/74/6 1056/78/6 490/19/6
f 1053/72/10 497/70/10 498/73/10
f 1056/78/2 1058/77/2 491/109/2
f 498/73/10 499/107/10 1057/75/10
f 1058/82/5 1060/85/5 492/27/5
f 1057/79/10 499/81/10 500/80/10
f 1060/85/1 1062/87/1 493/32/1
f 500/80/10 501/86/10 1061/83/10
f 1062/87/4 1064/65/4 494/25/4
f 501/86/10 502/67/10 1063/68/10
f 1066/89/10 1079/104/10 503/88/10
f 1080/91/8 1065/92/8 495/64/8
f 1065/92/7 1068/94/7 496/63/7
f 1068/94/3 1070/111/3 497/70/3
f 1069/93/10 1067/90/10 503/88/10
f 1070/96/6 1072/101/6 498/95/6
f 1072/101/2 1074/102/2 499/100/2
f 503/88/10 1075/110/10 1073/98/10
f 1074/102/5 1076/105/5 500/80/5
f 1076/105/1 1078/106/1 501/86/1
f 503/88/10 1079/104/10 1077/103/10
f 1078/106/4 1080/91/4 502/67/4
f 505/45/43 507/47/44 508/51/44
f 508/51/45 509/52/45 510/50/45
f 512/53/46 509/52/47 511/55/46
f 512/53/48 513/108/49 514/54/49
f 516/59/50 513/58/51 515/57/50
f 516/59/52 517/60/53 518/61/53
f 520/49/54 517/60/55 519/46/54
f 520/49/56 506/48/56 505/45/56
f 524/69/57 522/66/58 523/71/57
f 524/69/59 525/74/60 526/72/60
f 528/76/61 525/74/62 527/78/61
f 530/75/63 527/78/64 529/77/65
f 530/79/66 531/85/67 532/84/67
f 532/84/68 533/87/69 534/83/69
f 536/68/70 533/87/71 535/65/72
f 536/68/73 522/66/74 521/62/75
f 540/90/57 538/112/57 539/113/57
f 540/90/59 541/96/59 542/93/59
f 544/99/61 541/96/76 543/101/61
f 544/99/77 545/102/77 546/98/77
f 548/110/67 545/102/67 547/105/67
f 548/110/78 549/106/78 550/103/78
f 552/114/79 549/106/79 551/91/79
f 552/114/80 538/92/80 537/115/80
f 553/45/43 555/47/44 556/51/44
f 556/51/45 557/52/81 558/50/81
f 560/53/47 557/52/47 559/55/47
f 562/54/49 559/55/49 561/108/49
f 564/59/51 561/58/50 563/57/51
f 564/59/52 565/60/53 566/61/53
f 568/49/54 565/60/55 567/46/54
f 568/49/82 554/48/56 553/45/56
f 569/62/58 571/71/57 572/69/57
f 572/69/60 573/74/60 574/72/60
f 576/76/62 573/74/62 575/78/62
f 578/75/63 575/78/77 577/77/63
f 578/79/83 579/85/83 580/84/83
f 580/84/69 581/87/69 582/83/69
f 584/68/72 581/87/71 583/65/70
f 569/62/74 583/65/84 570/66/74
f 585/89/85 587/113/85 588/90/85
f 588/90/60 589/96/59 590/93/59
f 592/99/62 589/96/61 591/101/62
f 594/98/86 591/101/64 593/102/77
f 594/98/87 595/105/88 596/110/88
f 596/110/78 597/106/78 598/103/78
f 600/114/79 597/106/79 599/91/79
f 585/115/89 599/91/90 586/92/80
f 601/45/44 603/47/44 604/51/44
f 606/50/45 603/47/45 605/52/45
f 608/53/47 605/52/47 607/55/47
f 608/53/49 609/108/49 610/54/49
f 612/59/50 609/58/51 611/57/50
f 612/59/52 613/60/53 614/61/53
f 616/49/54 613/60/55 615/46/54
f 616/49/82 602/48/56 601/45/56
f 620/69/57 618/66/58 619/71/57
f 622/72/60 619/71/60 621/74/60
f 624/76/61 621/74/62 623/78/61
f 624/76/77 625/77/63 626/75/63
f 626/79/91 627/85/92 628/84/92
f 628/84/69 629/87/69 630/83/69
f 630/83/71 631/65/71 632/68/71
f 632/68/93 618/66/74 617/62/74
f 636/90/57 634/112/57 635/113/57
f 636/90/60 637/96/59 638/93/59
f 640/99/62 637/96/62 639/101/62
f 642/98/64 639/101/64 641/102/64
f 642/98/88 643/105/88 644/110/88
f 644/110/78 645/106/78 646/103/78
f 648/114/79 645/106/79 647/91/79
f 648/114/80 634/92/80 633/115/89
f 649/45/43 651/47/44 652/51/44
f 652/51/81 653/52/45 654/50/45
f 654/50/47 655/55/47 656/53/47
f 656/53/49 657/108/49 658/54/49
f 660/59/50 657/58/51 659/57/50
f 662/61/52 659/57/52 661/60/52
f 662/61/54 663/46/54 664/49/54
f 664/49/82 650/48/82 649/45/56
f 668/69/57 666/66/58 667/71/57
f 670/72/60 667/71/94 669/74/60
f 672/76/62 669/74/62 671/78/62
f 674/75/63 671/78/77 673/77/63
f 674/79/91 675/85/91 676/84/91
f 676/84/95 677/87/69 678/83/69
f 678/83/71 679/65/71 680/68/71
f 680/68/93 666/66/74 665/62/74
f 681/89/57 683/113/57 684/90/57
f 684/90/60 685/96/59 686/93/59
f 686/93/61 687/101/62 688/99/62
f 690/98/77 687/101/77 689/102/77
f 690/98/67 691/105/67 692/110/67
f 692/110/78 693/106/78 694/103/78
f 696/114/79 693/106/79 695/91/79
f 681/115/80 695/91/80 682/92/80
f 697/45/44 699/47/44 700/51/44
f 700/51/45 701/52/81 702/50/81
f 704/53/47 701/52/46 703/55/47
f 704/53/49 705/108/49 706/54/49
f 708/59/51 705/58/51 707/57/51
f 708/59/52 709/60/52 710/61/52
f 712/49/54 709/60/55 711/46/54
f 712/49/82 698/48/82 697/45/82
f 713/62/57 715/71/57 716/69/57
f 716/69/60 717/74/59 718/72/59
f 720/76/62 717/74/62 719/78/62
f 722/75/77 719/78/86 721/77/77
f 722/79/67 723/85/67 724/84/67
f 724/84/69 725/87/69 726/83/69
f 728/68/96 725/87/71 727/65/96
f 713/62/80 727/65/74 714/66/80
f 729/89/57 731/113/57 732/90/57
f 732/90/60 733/96/59 734/93/59
f 736/99/62 733/96/61 735/101/62
f 738/98/77 735/101/77 737/102/77
f 738/98/67 739/105/83 740/110/83
f 740/110/78 741/106/78 742/103/78
f 744/114/79 741/106/79 743/91/79
f 729/115/93 743/91/80 730/92/93
f 748/51/44 746/48/44 747/47/44
f 748/51/45 749/52/45 750/50/81
f 752/53/47 749/52/46 751/55/47
f 752/53/49 753/108/49 754/54/49
f 756/59/51 753/58/51 755/57/51
f 756/59/53 757/60/52 758/61/52
f 760/49/54 757/60/55 759/46/54
f 760/49/56 746/48/82 745/45/82
f 764/69/85 762/66/97 763/71/98
f 764/69/60 765/74/60 766/72/60
f 768/76/61 765/74/61 767/78/61
f 770/75/77 767/78/77 769/77/77
f 770/79/67 771/85/83 772/84/66
f 772/84/69 773/87/69 774/83/69
f 776/68/72 773/87/71 775/65/72
f 776/68/80 762/66/73 761/62/73
f 780/90/85 778/112/85 779/113/85
f 780/90/60 781/96/59 782/93/59
f 784/99/62 781/96/61 783/101/62
f 784/99/77 785/102/64 786/98/64
f 788/110/67 785/102/88 787/105/67
f 788/110/78 789/106/78 790/103/78
f 792/114/79 789/106/79 791/91/79
f 792/114/90 778/92/90 777/115/90
f 793/48/99 795/51/100 796/47/100
f 798/52/101 795/51/101 797/50/101
f 798/52/102 799/53/103 800/55/103
f 802/108/104 799/53/105 801/54/104
f 802/58/106 803/59/107 804/57/107
f 804/57/108 805/61/108 806/60/108
f 806/60/109 807/49/109 808/46/109
f 793/48/110 807/49/111 794/45/110
f 809/66/112 811/69/113 812/71/113
f 814/74/114 811/69/114 813/72/114
f 814/74/115 815/76/115 816/78/115
f 816/78/116 817/75/117 818/77/117
f 820/85/118 817/79/118 819/84/118
f 822/87/119 819/84/119 821/83/119
f 822/87/120 823/68/120 824/65/120
f 809/66/121 823/68/122 810/62/121
f 825/112/123 827/90/113 828/113/113
f 830/96/124 827/90/114 829/93/124
f 830/96/125 831/99/115 832/101/115
f 834/102/116 831/99/126 833/98/116
f 834/102/118 835/110/118 836/105/127
f 838/106/119 835/110/119 837/103/119
f 838/106/120 839/114/120 840/91/120
f 825/92/122 839/114/128 826/115/122
f 844/47/100 842/45/99 843/51/100
f 846/52/129 843/51/101 845/50/129
f 846/52/103 847/53/103 848/55/103
f 850/108/105 847/53/104 849/54/105
f 850/58/107 851/59/106 852/57/106
f 854/60/108 851/59/108 853/61/108
f 854/60/130 855/49/109 856/46/109
f 841/48/110 855/49/111 842/45/110
f 860/71/113 858/62/113 859/69/113
f 862/74/114 859/69/124 861/72/114
f 862/74/115 863/76/131 864/78/131
f 864/78/116 865/75/116 866/77/116
f 868/85/127 865/79/118 867/84/127
f 870/87/119 867/84/119 869/83/119
f 870/87/120 871/68/120 872/65/120
f 872/65/122 858/62/122 857/66/122
f 873/112/112 875/90/113 876/113/113
f 878/96/124 875/90/114 877/93/124
f 878/96/125 879/99/115 880/101/115
f 880/101/116 881/98/116 882/102/116
f 884/105/118 881/98/118 883/110/118
f 886/106/119 883/110/119 885/103/119
f 886/106/120 887/114/120 888/91/120
f 888/91/122 874/115/132 873/92/132
f 892/47/100 890/45/100 891/51/100
f 894/52/101 891/51/129 893/50/101
f 894/52/103 895/53/103 896/55/103
f 898/108/104 895/53/104 897/54/104
f 898/58/106 899/59/106 900/57/106
f 900/57/108 901/61/108 902/60/108
f 902/60/109 903/49/130 904/46/130
f 889/48/111 903/49/111 890/45/111
f 905/66/113 907/69/113 908/71/133
f 908/71/124 909/72/114 910/74/114
f 910/74/115 911/76/115 912/78/115
f 912/78/116 913/75/116 914/77/116
f 916/85/127 913/79/118 915/84/127
f 916/85/134 917/83/119 918/87/119
f 920/65/120 917/83/120 919/68/120
f 905/66/122 919/68/122 906/62/122
f 921/112/113 923/90/113 924/113/113
f 926/96/124 923/90/114 925/93/124
f 928/101/115 925/93/125 927/99/115
f 928/101/116 929/98/116 930/102/116
f 932/105/118 929/98/118 931/110/118
f 932/105/119 933/103/119 934/106/119
f 934/106/120 935/114/120 936/91/120
f 921/92/122 935/114/122 922/115/122
f 937/48/100 939/51/100 940/47/100
f 940/47/129 941/50/101 942/52/101
f 942/52/103 943/53/103 944/55/103
f 944/55/104 945/54/105 946/108/105
f 946/58/106 947/59/106 948/57/106
f 950/60/108 947/59/108 949/61/108
f 952/46/130 949/61/109 951/49/130
f 937/48/111 951/49/111 938/45/111
f 953/66/113 955/69/113 956/71/113
f 956/71/114 957/72/114 958/74/114
f 958/74/115 959/76/115 960/78/115
f 960/78/116 961/75/116 962/77/116
f 964/85/127 961/79/118 963/84/127
f 966/87/119 963/84/119 965/83/119
f 968/65/120 965/83/120 967/68/120
f 953/66/122 967/68/122 954/62/122
f 969/112/133 971/90/133 972/113/133
f 974/96/114 971/90/124 973/93/114
f 976/101/115 973/93/115 975/99/115
f 976/101/116 977/98/117 978/102/117
f 980/105/135 977/98/136 979/110/118
f 982/106/119 979/110/119 981/103/119
f 982/106/120 983/114/137 984/91/138
f 984/91/139 970/115/132 969/92/132
f 985/48/99 987/51/100 988/47/100
f 990/52/129 987/51/129 989/50/129
f 990/52/103 991/53/102 992/55/102
f 994/108/105 991/53/104 993/54/105
f 994/58/107 995/59/106 996/57/106
f 998/60/108 995/59/108 997/61/108
f 998/60/130 999/49/109 1000/46/109
f 985/48/110 999/49/111 986/45/110
f 1004/71/113 1002/62/113 1003/69/113
f 1006/74/140 1003/69/124 1005/72/141
f 1006/74/131 1007/76/125 1008/78/125
f 1008/78/116 1009/75/116 1010/77/116
f 1012/85/118 1009/79/127 1011/84/118
f 1014/87/119 1011/84/119 1013/83/119
f 1014/87/120 1015/68/120 1016/65/120
f 1016/65/122 1002/62/122 1001/66/122
f 1020/113/113 1018/89/113 1019/90/113
f 1022/96/124 1019/90/114 1021/93/124
f 1022/96/125 1023/99/115 1024/101/115
f 1024/101/116 1025/98/116 1026/102/116
f 1028/105/127 1025/98/118 1027/110/142
f 1030/106/119 1027/110/119 1029/103/119
f 1030/106/120 1031/114/120 1032/91/120
f 1032/91/122 1018/115/122 1017/92/122
f 1033/48/100 1035/51/99 1036/47/99
f 1038/52/101 1035/51/101 1037/50/101
f 1038/52/102 1039/53/102 1040/55/102
f 1042/108/104 1039/53/104 1041/54/104
f 1042/58/106 1043/59/106 1044/57/106
f 1044/57/143 1045/61/143 1046/60/143
f 1046/60/109 1047/49/109 1048/46/109
f 1033/48/111 1047/49/110 1034/45/111
f 1049/66/112 1051/69/113 1052/71/113
f 1054/74/114 1051/69/114 1053/72/114
f 1054/74/144 1055/76/115 1056/78/115
f 1056/78/145 1057/75/117 1058/77/117
f 1060/85/136 1057/79/118 1059/84/136
f 1062/87/119 1059/84/119 1061/83/119
f 1062/87/120 1063/68/120 1064/65/120
f 1049/66/139 1063/68/122 1050/62/121
f 1065/112/113 1067/90/113 1068/113/113
f 1070/96/124 1067/90/114 1069/93/124
f 1070/96/125 1071/99/115 1072/101/115
f 1074/102/116 1071/99/116 1073/98/116
f 1074/102/118 1075/110/118 1076/105/135
f 1078/106/119 1075/110/119 1077/103/119
f 1078/106/120 1079/114/120 1080/91/120
f 1065/92/122 1079/114/122 1066/115/122
f 505/45/43 506/48/43 507/47/44
f 508/51/45 507/47/45 509/52/45
f 512/53/46 510/50/47 509/52/47
f 512/53/48 511/55/48 513/108/49
f 516/59/50 514/56/51 513/58/51
f 516/59/52 515/57/52 517/60/53
f 520/49/54 518/61/55 517/60/55
f 520/49/56 519/46/56 506/48/56
f 524/69/57 521/62/146 522/66/58
f 524/69/59 523/71/59 525/74/60
f 528/76/61 526/72/62 525/74/62
f 530/75/63 528/76/64 527/78/64
f 530/79/66 529/82/66 531/85/67
f 532/84/68 531/85/68 533/87/69
f 536/68/70 534/83/71 533/87/71
f 536/68/73 535/65/73 522/66/74
f 540/90/57 537/89/57 538/112/57
f 540/90/59 539/113/59 541/96/59
f 544/99/61 542/93/76 541/96/76
f 544/99/77 543/101/77 545/102/77
f 548/110/67 546/98/67 545/102/67
f 548/110/78 547/105/78 549/106/78
f 552/114/79 550/103/79 549/106/79
f 552/114/80 551/91/80 538/92/80
f 553/45/43 554/48/43 555/47/44
f 556/51/45 555/47/147 557/52/81
f 560/53/47 558/50/46 557/52/47
f 562/54/49 560/53/49 559/55/49
f 564/59/51 562/56/50 561/58/50
f 564/59/52 563/57/52 565/60/53
f 568/49/54 566/61/55 565/60/55
f 568/49/82 567/46/82 554/48/56
f 569/62/58 570/66/58 571/71/57
f 572/69/60 571/71/60 573/74/60
f 576/76/62 574/72/62 573/74/62
f 578/75/63 576/76/77 575/78/77
f 578/79/83 577/82/83 579/85/83
f 580/84/69 579/85/69 581/87/69
f 584/68/72 582/83/71 581/87/71
f 569/62/74 584/68/84 583/65/84
f 585/89/85 586/112/85 587/113/85
f 588/90/60 587/113/60 589/96/59
f 592/99/62 590/93/61 589/96/61
f 594/98/86 592/99/64 591/101/64
f 594/98/87 593/102/67 595/105/88
f 596/110/78 595/105/78 597/106/78
f 600/114/79 598/103/79 597/106/79
f 585/115/89 600/114/90 599/91/90
f 601/45/44 602/48/44 603/47/44
f 606/50/45 604/51/45 603/47/45
f 608/53/47 606/50/47 605/52/47
f 608/53/49 607/55/49 609/108/49
f 612/59/50 610/56/51 609/58/51
f 612/59/52 611/57/52 613/60/53
f 616/49/54 614/61/55 613/60/55
f 616/49/82 615/46/82 602/48/56
f 620/69/57 617/62/58 618/66/58
f 622/72/60 620/69/60 619/71/60
f 624/76/61 622/72/62 621/74/62
f 624/76/77 623/78/77 625/77/63
f 626/79/91 625/82/91 627/85/92
f 628/84/69 627/85/69 629/87/69
f 630/83/71 629/87/71 631/65/71
f 632/68/93 631/65/93 618/66/74
f 636/90/57 633/89/148 634/112/57
f 636/90/60 635/113/60 637/96/59
f 640/99/62 638/93/62 637/96/62
f 642/98/64 640/99/64 639/101/64
f 642/98/88 641/102/88 643/105/88
f 644/110/78 643/105/78 645/106/78
f 648/114/79 646/103/79 645/106/79
f 648/114/80 647/91/80 634/92/80
f 649/45/43 650/48/43 651/47/44
f 652/51/81 651/47/81 653/52/45
f 654/50/47 653/52/47 655/55/47
f 656/53/49 655/55/49 657/108/49
f 660/59/50 658/56/51 657/58/51
f 662/61/52 660/59/52 659/57/52
f 662/61/54 661/60/54 663/46/54
f 664/49/82 663/46/82 650/48/82
f 668/69/57 665/62/58 666/66/58
f 670/72/60 668/69/94 667/71/94
f 672/76/62 670/72/62 669/74/62
f 674/75/63 672/76/77 671/78/77
f 674/79/91 673/82/91 675/85/91
f 676/84/95 675/85/95 677/87/69
f 678/83/71 677/87/71 679/65/71
f 680/68/93 679/65/93 666/66/74
f 681/89/57 682/112/57 683/113/57
f 684/90/60 683/113/60 685/96/59
f 686/93/61 685/96/61 687/101/62
f 690/98/77 688/99/77 687/101/77
f 690/98/67 689/102/67 691/105/67
f 692/110/78 691/105/78 693/106/78
f 696/114/79 694/103/79 693/106/79
f 681/115/80 696/114/80 695/91/80
f 697/45/44 698/48/43 699/47/44
f 700/51/45 699/47/45 701/52/81
f 704/53/47 702/50/46 701/52/46
f 704/53/49 703/55/49 705/108/49
f 708/59/51 706/56/51 705/58/51
f 708/59/52 707/57/52 709/60/52
f 712/49/54 710/61/55 709/60/55
f 712/49/82 711/46/82 698/48/82
f 713/62/57 714/66/57 715/71/57
f 716/69/60 715/71/60 717/74/59
f 720/76/62 718/72/62 717/74/62
f 722/75/77 720/76/64 719/78/86
f 722/79/67 721/82/67 723/85/67
f 724/84/69 723/85/69 725/87/69
f 728/68/96 726/83/71 725/87/71
f 713/62/80 728/68/74 727/65/74
f 729/89/57 730/112/57 731/113/57
f 732/90/60 731/113/60 733/96/59
f 736/99/62 734/93/61 733/96/61
f 738/98/77 736/99/77 735/101/77
f 738/98/67 737/102/67 739/105/83
f 740/110/78 739/105/78 741/106/78
f 744/114/79 742/103/79 741/106/79
f 729/115/93 744/114/80 743/91/80
f 748/51/44 745/45/44 746/48/44
f 748/51/45 747/47/45 749/52/45
f 752/53/47 750/50/46 749/52/46
f 752/53/49 751/55/49 753/108/49
f 756/59/51 754/56/51 753/58/51
f 756/59/53 755/57/53 757/60/52
f 760/49/54 758/61/55 757/60/55
f 760/49/56 759/46/56 746/48/82
f 764/69/85 761/62/97 762/66/97
f 764/69/60 763/71/60 765/74/60
f 768/76/61 766/72/61 765/74/61
f 770/75/77 768/76/77 767/78/77
f 770/79/67 769/82/67 771/85/83
f 772/84/69 771/85/69 773/87/69
f 776/68/72 774/83/149 773/87/71
f 776/68/80 775/65/80 762/66/73
f 780/90/85 777/89/85 778/112/85
f 780/90/60 779/113/60 781/96/59
f 784/99/62 782/93/61 781/96/61
f 784/99/77 783/101/77 785/102/64
f 788/110/67 786/98/88 785/102/88
f 788/110/78 787/105/78 789/106/78
f 792/114/79 790/103/79 789/106/79
f 792/114/90 791/91/90 778/92/90
f 793/48/99 794/45/99 795/51/100
f 798/52/101 796/47/101 795/51/101
f 798/52/102 797/50/102 799/53/103
f 802/108/104 800/55/105 799/53/105
f 802/58/106 801/56/106 803/59/107
f 804/57/108 803/59/108 805/61/108
f 806/60/109 805/61/109 807/49/109
f 793/48/110 808/46/111 807/49/111
f 809/66/112 810/62/112 811/69/113
f 814/74/114 812/71/114 811/69/114
f 814/74/115 813/72/115 815/76/115
f 816/78/116 815/76/116 817/75/117
f 820/85/118 818/82/118 817/79/118
f 822/87/119 820/85/119 819/84/119
f 822/87/120 821/83/120 823/68/120
f 809/66/121 824/65/122 823/68/122
f 825/112/123 826/89/123 827/90/113
f 830/96/124 828/113/114 827/90/114
f 830/96/125 829/93/125 831/99/115
f 834/102/116 832/101/126 831/99/126
f 834/102/118 833/98/118 835/110/118
f 838/106/119 836/105/119 835/110/119
f 838/106/120 837/103/120 839/114/120
f 825/92/122 840/91/128 839/114/128
f 844/47/100 841/48/99 842/45/99
f 846/52/129 844/47/101 843/51/101
f 846/52/103 845/50/103 847/53/103
f 850/108/105 848/55/104 847/53/104
f 850/58/107 849/56/107 851/59/106
f 854/60/108 852/57/108 851/59/108
f 854/60/130 853/61/130 855/49/109
f 841/48/110 856/46/111 855/49/111
f 860/71/113 857/66/113 858/62/113
f 862/74/114 860/71/124 859/69/124
f 862/74/115 861/72/115 863/76/131
f 864/78/116 863/76/116 865/75/116
f 868/85/127 866/82/118 865/79/118
f 870/87/119 868/85/119 867/84/119
f 870/87/120 869/83/120 871/68/120
f 872/65/122 871/68/122 858/62/122
f 873/112/112 874/89/112 875/90/113
f 878/96/124 876/113/114 875/90/114
f 878/96/125 877/93/125 879/99/115
f 880/101/116 879/99/116 881/98/116
f 884/105/118 882/102/118 881/98/118
f 886/106/119 884/105/119 883/110/119
f 886/106/120 885/103/120 887/114/120
f 888/91/122 887/114/122 874/115/132
f 892/47/100 889/48/100 890/45/100
f 894/52/101 892/47/129 891/51/129
f 894/52/103 893/50/103 895/53/103
f 898/108/104 896/55/104 895/53/104
f 898/58/106 897/56/106 899/59/106
f 900/57/108 899/59/108 901/61/108
f 902/60/109 901/61/109 903/49/130
f 889/48/111 904/46/111 903/49/111
f 905/66/113 906/62/113 907/69/113
f 908/71/124 907/69/124 909/72/114
f 910/74/115 909/72/115 911/76/115
f 912/78/116 911/76/116 913/75/116
f 916/85/127 914/82/118 913/79/118
f 916/85/134 915/84/134 917/83/119
f 920/65/120 918/87/120 917/83/120
f 905/66/122 920/65/122 919/68/122
f 921/112/113 922/89/133 923/90/113
f 926/96/124 924/113/114 923/90/114
f 928/101/115 926/96/125 925/93/125
f 928/101/116 927/99/116 929/98/116
f 932/105/118 930/102/118 929/98/118
f 932/105/119 931/110/119 933/103/119
f 934/106/120 933/103/120 935/114/120
f 921/92/122 936/91/122 935/114/122
f 937/48/100 938/45/100 939/51/100
f 940/47/129 939/51/129 941/50/101
f 942/52/103 941/50/103 943/53/103
f 944/55/104 943/53/104 945/54/105
f 946/58/106 945/56/106 947/59/106
f 950/60/108 948/57/108 947/59/108
f 952/46/130 950/60/109 949/61/109
f 937/48/111 952/46/111 951/49/111
f 953/66/113 954/62/113 955/69/113
f 956/71/114 955/69/114 957/72/114
f 958/74/115 957/72/115 959/76/115
f 960/78/116 959/76/116 961/75/116
f 964/85/127 962/82/118 961/79/118
f 966/87/119 964/85/134 963/84/119
f 968/65/120 966/87/120 965/83/120
f 953/66/122 968/65/122 967/68/122
f 969/112/133 970/89/133 971/90/133
f 974/96/114 972/113/124 971/90/124
f 976/101/115 974/96/115 973/93/115
f 976/101/116 975/99/116 977/98/117
f 980/105/135 978/102/136 977/98/136
f 982/106/119 980/105/119 979/110/119
f 982/106/120 981/103/120 983/114/137
f 984/91/139 983/114/139 970/115/132
f 985/48/99 986/45/99 987/51/100
f 990/52/129 988/47/129 987/51/129
f 990/52/103 989/50/103 991/53/102
f 994/108/105 992/55/104 991/53/104
f 994/58/107 993/56/107 995/59/106
f 998/60/108 996/57/108 995/59/108
f 998/60/130 997/61/130 999/49/109
f 985/48/110 1000/46/111 999/49/111
f 1004/71/113 1001/66/113 1002/62/113
f 1006/74/140 1004/71/124 1003/69/124
f 1006/74/131 1005/72/150 1007/76/125
f 1008/78/116 1007/76/116 1009/75/116
f 1012/85/118 1010/82/127 1009/79/127
f 1014/87/119 1012/85/119 1011/84/119
f 1014/87/120 1013/83/120 1015/68/120
f 1016/65/122 1015/68/122 1002/62/122
f 1020/113/113 1017/112/133 1018/89/113
f 1022/96/124 1020/113/114 1019/90/114
f 1022/96/125 1021/93/125 1023/99/115
f 1024/101/116 1023/99/116 1025/98/116
f 1028/105/127 1026/102/118 1025/98/118
f 1030/106/119 1028/105/119 1027/110/119
f 1030/106/120 1029/103/120 1031/114/120
f 1032/91/122 1031/114/122 1018/115/122
f 1033/48/100 1034/45/100 1035/51/99
f 1038/52/101 1036/47/101 1035/51/101
f 1038/52/102 1037/50/102 1039/53/102
f 1042/108/104 1040/55/104 1039/53/104
f 1042/58/106 1041/56/106 1043/59/106
f 1044/57/143 1043/59/143 1045/61/143
f 1046/60/109 1045/61/109 1047/49/109
f 1033/48/111 1048/46/110 1047/49/110
f 1049/66/112 1050/62/112 1051/69/113
f 1054/74/114 1052/71/114 1051/69/114
f 1054/74/144 1053/72/125 1055/76/115
f 1056/78/145 1055/76/145 1057/75/117
f 1060/85/136 1058/82/118 1057/79/118
f 1062/87/119 1060/85/119 1059/84/119
f 1062/87/120 1061/83/120 1063/68/120
f 1049/66/139 1064/65/122 1063/68/122
f 1065/112/113 1066/89/113 1067/90/113
f 1070/96/124 1068/113/114 1067/90/114
f 1070/96/125 1069/93/125 1071/99/115
f 1074/102/116 1072/101/116 1071/99/116
f 1074/102/118 1073/98/118 1075/110/118
f 1078/106/119 1076/105/119 1075/110/119
f 1078/106/120 1077/103/120 1079/114/120
f 1065/92/122 1080/91/122 1079/114/122
o 円.001
v -0.000375 0.854159 -1.872409
v -1.064740 0.854159 -1.431534
v -1.505615 0.854159 -0.367168
v -1.064740 0.854159 0.697197
v -0.000375 0.854159 1.138072
v 1.063991 0.854159 0.697197
v 1.504865 0.854159 -0.367168
v 1.063991 0.854159 -1.431534
v -0.002126 1.819354 -1.895086
v -1.066492 1.819354 -1.454211
v -1.507367 1.819354 -0.389845
v -1.066492 1.819354 0.674520
v -0.002126 1.819354 1.115395
v 1.062239 1.819354 0.674520
v 1.503114 1.819354 -0.389845
v 1.062239 1.819354 -1.454211
vn 0.9238 0.0107 0.3827
vn -0.3826 0.0210 0.9237
vn -0.9238 -0.0107 -0.3827
vn 0.9239 -0.0073 -0.3827
vn 0.3826 0.0224 0.9236
vn -0.9239 0.0073 0.3827
vn -0.3826 -0.0224 -0.9236
vn 0.3826 -0.0210 -0.9237
vt 0.903306 0.405201
vt 0.850035 0.341636
vt 0.903306 0.341636
vt 0.903306 0.214505
vt 0.850035 0.278071
vt 0.850035 0.214505
vt 0.903306 0.087375
vt 0.850035 0.150940
vt 0.850035 0.087375
vt 0.903306 0.468767
vt 0.850035 0.405201
vt 0.903306 0.278071
vt 0.903306 0.150940
vt 0.903306 0.023809
vt 0.850035 0.023809
vt 0.903306 0.532332
vt 0.850035 0.468767
vt 0.850035 0.532332
s 1
usemtl マテリアル.001
f 1087/116/151 1094/117/151 1086/118/151
f 1084/119/152 1093/120/152 1092/121/152
f 1082/122/153 1091/123/153 1090/124/153
f 1088/125/154 1095/126/154 1087/116/154
f 1086/118/155 1093/120/155 1085/127/155
f 1083/128/156 1092/121/156 1091/123/156
f 1081/129/157 1090/124/157 1089/130/157
f 1081/131/158 1096/132/158 1088/125/158
f 1087/116/151 1095/126/151 1094/117/151
f 1084/119/152 1085/127/152 1093/120/152
f 1082/122/153 1083/128/153 1091/123/153
f 1088/125/154 1096/132/154 1095/126/154
f 1086/118/155 1094/117/155 1093/120/155
f 1083/128/156 1084/119/156 1092/121/156
f 1081/129/157 1082/122/157 1090/124/157
f 1081/131/158 1089/133/158 1096/132/158
o 平面
v 0.214615 3.271519 -0.010440
v 1.214615 3.271519 -0.010440
v 0.214615 3.271519 -1.010440
v 1.214615 3.271519 -1.010440
v 0.260536 3.532424 -0.964519
v 0.260536 3.532424 -0.056360
v 1.168695 3.532424 -0.056360
v 1.168695 3.532424 -0.964519
v 0.311989 3.532424 -0.913066
v 0.311989 3.532424 -0.107813
v 1.117242 3.532424 -0.107813
v 1.117242 3.532424 -0.913066
v 0.073990 3.271519 -0.783877
v 0.027115 3.271519 -0.510440
v 0.073990 3.271519 -0.237002
v 0.441178 3.271519 0.130185
v 0.714615 3.271519 0.177060
v 0.988053 3.271519 0.130185
v 1.355240 3.271519 -0.237002
v 1.402115 3.271519 -0.510440
v 1.355240 3.271519 -0.783877
v 0.988053 3.271519 -1.151065
v 0.714615 3.271519 -1.197940
v 0.441178 3.271519 -1.151065
v 0.214615 3.524999 -1.010440
v 0.214615 3.440506 -1.010440
v 0.214615 3.356013 -1.010440
v 1.214615 3.356013 -1.010440
v 1.214615 3.440506 -1.010440
v 1.214615 3.524999 -1.010440
v 1.214615 3.524999 -0.010440
v 1.214615 3.440506 -0.010440
v 1.214615 3.356013 -0.010440
v 0.214615 3.356013 -0.010440
v 0.214615 3.440506 -0.010440
v 0.214615 3.524999 -0.010439
v 0.226095 3.609493 -0.021920
v 0.237575 3.609493 -0.033400
v 0.249056 3.609493 -0.044880
v 0.249056 3.609493 -0.975999
v 0.237575 3.609493 -0.987479
v 0.226095 3.609493 -0.998960
v 1.180175 3.609493 -0.975999
v 1.191655 3.609493 -0.987479
v 1.203135 3.609493 -0.998960
v 1.203135 3.609493 -0.021920
v 1.191655 3.609493 -0.033400
v 1.180175 3.609493 -0.044880
v 0.132826 3.532423 -0.758764
v 0.090256 3.532424 -0.510440
v 0.132826 3.532423 -0.262115
v 0.466291 3.532423 0.071350
v 0.714615 3.532424 0.113920
v 0.962940 3.532423 0.071350
v 1.296405 3.532423 -0.262115
v 1.338975 3.532424 -0.510440
v 1.296405 3.532423 -0.758764
v 0.962940 3.532423 -1.092229
v 0.714615 3.532424 -1.134799
v 0.466291 3.532423 -1.092229
v 1.168695 3.590226 -0.964519
v 1.168695 3.570958 -0.964519
v 1.168695 3.551691 -0.964519
v 1.168695 3.551691 -0.056360
v 1.168695 3.570958 -0.056360
v 1.168695 3.590226 -0.056360
v 0.260536 3.590226 -0.056360
v 0.260536 3.570958 -0.056360
v 0.260536 3.551691 -0.056360
v 0.260536 3.551691 -0.964519
v 0.260536 3.570958 -0.964519
v 0.260536 3.590226 -0.964519
v 0.198750 3.532423 -0.730626
v 0.161004 3.532424 -0.510440
v 0.198750 3.532423 -0.290253
v 0.494429 3.532424 0.005426
v 0.714615 3.532424 0.043172
v 0.934802 3.532424 0.005426
v 1.230480 3.532423 -0.290253
v 1.268227 3.532424 -0.510440
v 1.230480 3.532423 -0.730626
v 0.934802 3.532423 -1.026305
v 0.714615 3.532424 -1.064051
v 0.494429 3.532423 -1.026305
v 0.273399 3.532424 -0.951656
v 0.286262 3.532424 -0.938793
v 0.299126 3.532424 -0.925929
v 1.130105 3.532424 -0.925929
v 1.142968 3.532424 -0.938793
v 1.155832 3.532424 -0.951656
v 1.155832 3.532424 -0.069223
v 1.142968 3.532424 -0.082087
v 1.130105 3.532424 -0.094950
v 0.299126 3.532424 -0.094950
v 0.286262 3.532424 -0.082087
v 0.273399 3.532424 -0.069223
v 1.117242 3.547070 -0.107813
v 1.117242 3.561717 -0.107813
v 1.117242 3.576364 -0.107813
v 0.311989 3.576364 -0.107813
v 0.311989 3.561717 -0.107813
v 0.311989 3.547070 -0.107813
v 1.117242 3.547070 -0.913066
v 1.117242 3.561717 -0.913066
v 1.117242 3.576364 -0.913066
v 0.311989 3.576364 -0.913066
v 0.311989 3.561717 -0.913066
v 0.311989 3.547070 -0.913066
v 0.088699 3.609493 -0.777599
v 0.042900 3.609493 -0.510440
v 0.088699 3.609493 -0.243280
v 0.103408 3.609493 -0.771321
v 0.058686 3.609493 -0.510440
v 0.103408 3.609493 -0.249558
v 0.118117 3.609493 -0.765042
v 0.074471 3.609493 -0.510440
v 0.118117 3.609493 -0.255837
v 0.988053 3.524999 -1.151065
v 0.988053 3.440506 -1.151065
v 0.988053 3.356013 -1.151065
v 0.714615 3.524999 -1.197940
v 0.714615 3.440506 -1.197940
v 0.714615 3.356012 -1.197940
v 0.441178 3.525000 -1.151065
v 0.441178 3.440506 -1.151065
v 0.441178 3.356013 -1.151065
v 0.441178 3.524999 0.130185
v 0.441178 3.440506 0.130185
v 0.441178 3.356013 0.130185
v 0.714615 3.524999 0.177060
v 0.714615 3.440506 0.177061
v 0.714615 3.356013 0.177060
v 0.988053 3.525000 0.130185
v 0.988053 3.440506 0.130185
v 0.988053 3.356012 0.130185
v 1.355240 3.524999 -0.237002
v 1.355240 3.440506 -0.237002
v 1.355240 3.356012 -0.237002
v 1.402115 3.524999 -0.510440
v 1.402115 3.440506 -0.510440
v 1.402115 3.356012 -0.510440
v 1.355240 3.525000 -0.783877
v 1.355240 3.440506 -0.783877
v 1.355240 3.356013 -0.783877
v 0.073990 3.524999 -0.783877
v 0.073990 3.440506 -0.783877
v 0.073990 3.356013 -0.783877
v 0.027115 3.524999 -0.510440
v 0.027115 3.440506 -0.510440
v 0.027115 3.356012 -0.510440
v 0.073990 3.525000 -0.237002
v 0.073990 3.440506 -0.237002
v 0.073990 3.356013 -0.237002
v 1.296405 3.590225 -0.262115
v 1.338975 3.590226 -0.510440
v 1.296405 3.590225 -0.758764
v 1.296405 3.570958 -0.262115
v 1.338975 3.570958 -0.510440
v 1.296405 3.570958 -0.758764
v 1.296405 3.551691 -0.262115
v 1.338975 3.551691 -0.510440
v 1.296405 3.551691 -0.758764
v 0.981775 3.609493 -1.136356
v 0.714615 3.609493 -1.182155
v 0.447456 3.609493 -1.136356
v 0.975496 3.609493 -1.121647
v 0.714615 3.609493 -1.166369
v 0.453734 3.609493 -1.121647
v 0.969218 3.609493 -1.106938
v 0.714615 3.609493 -1.150584
v 0.460012 3.609493 -1.106938
v 0.447456 3.609493 0.115477
v 0.714615 3.609493 0.161275
v 0.981775 3.609493 0.115477
v 0.453734 3.609493 0.100768
v 0.714615 3.609493 0.145490
v 0.975496 3.609493 0.100768
v 0.460012 3.609493 0.086059
v 0.714615 3.609493 0.129705
v 0.969218 3.609493 0.086059
v 1.340531 3.609493 -0.243280
v 1.386330 3.609493 -0.510440
v 1.340531 3.609493 -0.777599
v 1.325823 3.609493 -0.249558
v 1.370545 3.609493 -0.510440
v 1.325823 3.609493 -0.771321
v 1.311114 3.609493 -0.255837
v 1.354760 3.609493 -0.510440
v 1.311114 3.609493 -0.765042
v 0.955905 3.532423 -1.075748
v 0.714615 3.532424 -1.117112
v 0.473325 3.532423 -1.075748
v 0.948871 3.532424 -1.059267
v 0.714615 3.532423 -1.099425
v 0.480360 3.532424 -1.059267
v 0.941836 3.532423 -1.042786
v 0.714615 3.532424 -1.081738
v 0.487394 3.532423 -1.042786
v 0.132826 3.590225 -0.758764
v 0.090256 3.590226 -0.510440
v 0.132826 3.590225 -0.262115
v 0.132826 3.570958 -0.758764
v 0.090256 3.570958 -0.510440
v 0.132826 3.570958 -0.262115
v 0.132826 3.551691 -0.758764
v 0.090256 3.551691 -0.510440
v 0.132826 3.551691 -0.262115
v 0.962940 3.590225 -1.092229
v 0.714615 3.590226 -1.134799
v 0.466291 3.590225 -1.092229
v 0.962940 3.570958 -1.092229
v 0.714615 3.570958 -1.134799
v 0.466290 3.570958 -1.092229
v 0.962940 3.551691 -1.092229
v 0.714615 3.551691 -1.134799
v 0.466291 3.551691 -1.092229
v 0.466291 3.590225 0.071350
v 0.714615 3.590226 0.113920
v 0.962940 3.590225 0.071350
v 0.466290 3.570958 0.071350
v 0.714615 3.570958 0.113920
v 0.962940 3.570958 0.071350
v 0.466291 3.551691 0.071350
v 0.714615 3.551691 0.113920
v 0.962940 3.551691 0.071350
v 0.494429 3.547071 0.005426
v 0.714615 3.547070 0.043172
v 0.934802 3.547071 0.005426
v 0.494429 3.561717 0.005426
v 0.714615 3.561717 0.043172
v 0.934802 3.561717 0.005426
v 0.494429 3.576364 0.005426
v 0.714615 3.576364 0.043172
v 0.934802 3.576364 0.005426
v 0.473325 3.532423 0.054869
v 0.714615 3.532424 0.096233
v 0.955905 3.532423 0.054869
v 0.480360 3.532424 0.038388
v 0.714615 3.532423 0.078546
v 0.948871 3.532424 0.038388
v 0.487394 3.532423 0.021907
v 0.714615 3.532424 0.060859
v 0.941836 3.532423 0.021907
v 1.279924 3.532423 -0.269149
v 1.321288 3.532424 -0.510440
v 1.279924 3.532423 -0.751730
v 1.263443 3.532424 -0.276184
v 1.303601 3.532423 -0.510440
v 1.263443 3.532424 -0.744695
v 1.246962 3.532423 -0.283219
v 1.285914 3.532424 -0.510440
v 1.246962 3.532423 -0.737661
v 0.149307 3.532423 -0.751730
v 0.107943 3.532424 -0.510440
v 0.149307 3.532423 -0.269149
v 0.165788 3.532424 -0.744695
v 0.125630 3.532423 -0.510440
v 0.165788 3.532424 -0.276184
v 0.182269 3.532423 -0.737660
v 0.143317 3.532424 -0.510440
v 0.182269 3.532423 -0.283219
v 0.454586 3.591010 -0.250410
v 0.714615 3.591010 -0.233634
v 0.974645 3.591010 -0.250410
v 0.437810 3.591010 -0.510440
v 0.714615 3.591010 -0.510440
v 0.991421 3.591010 -0.510440
v 0.454586 3.591010 -0.770469
v 0.714615 3.591010 -0.787245
v 0.974645 3.591010 -0.770469
v 1.230480 3.547071 -0.290253
v 1.268227 3.547070 -0.510440
v 1.230480 3.547071 -0.730626
v 1.230480 3.561717 -0.290253
v 1.268227 3.561717 -0.510440
v 1.230481 3.561717 -0.730626
v 1.230480 3.576364 -0.290253
v 1.268227 3.576364 -0.510440
v 1.230480 3.576364 -0.730626
v 0.198750 3.547071 -0.730626
v 0.161004 3.547070 -0.510440
v 0.198750 3.547071 -0.290253
v 0.198750 3.561717 -0.730626
v 0.161004 3.561717 -0.510440
v 0.198750 3.561717 -0.290253
v 0.198750 3.576364 -0.730626
v 0.161004 3.576364 -0.510440
v 0.198750 3.576364 -0.290253
v 0.934802 3.547071 -1.026305
v 0.714615 3.547070 -1.064051
v 0.494429 3.547071 -1.026305
v 0.934802 3.561717 -1.026305
v 0.714615 3.561717 -1.064051
v 0.494429 3.561717 -1.026305
v 0.934802 3.576364 -1.026305
v 0.714615 3.576364 -1.064051
v 0.494429 3.576364 -1.026305
v 0.214615 3.601046 -0.010440
v 0.220796 3.609493 -0.016620
v 1.214615 3.601046 -0.010440
v 1.208434 3.609493 -0.016620
v 0.220796 3.609493 -1.004259
v 0.214615 3.601046 -1.010440
v 1.214615 3.601046 -1.010440
v 1.208434 3.609493 -1.004259
v 0.073990 3.601046 -0.783877
v 0.081912 3.609493 -0.780496
v 0.027115 3.601046 -0.510440
v 0.035619 3.609493 -0.510440
v 0.073990 3.601046 -0.237002
v 0.081912 3.609493 -0.240383
v 0.441178 3.601046 0.130185
v 0.444559 3.609493 0.122264
v 0.714615 3.601046 0.177060
v 0.714615 3.609493 0.168557
v 0.988053 3.601046 0.130185
v 0.984672 3.609493 0.122264
v 1.355240 3.601046 -0.237002
v 1.347319 3.609493 -0.240383
v 1.402115 3.601046 -0.510440
v 1.393611 3.609493 -0.510440
v 1.355240 3.601046 -0.783877
v 1.347319 3.609493 -0.780496
v 0.988053 3.601046 -1.151065
v 0.984672 3.609493 -1.143143
v 0.714615 3.601046 -1.197940
v 0.714615 3.609493 -1.189436
v 0.441178 3.601046 -1.151065
v 0.444559 3.609493 -1.143143
v 0.260536 3.602980 -0.964519
v 0.255770 3.609493 -0.969285
v 0.255770 3.609493 -0.051594
v 0.260536 3.602980 -0.056360
v 1.173460 3.609493 -0.051594
v 1.168695 3.602980 -0.056360
v 1.173460 3.609493 -0.969285
v 1.168695 3.602980 -0.964519
v 0.316164 3.591010 -0.908891
v 0.311989 3.584497 -0.913066
v 0.311989 3.584497 -0.107813
v 0.316164 3.591010 -0.111988
v 1.117242 3.584497 -0.107813
v 1.113066 3.591010 -0.111988
v 1.117242 3.584497 -0.913066
v 1.113066 3.591010 -0.908891
v 0.126718 3.609493 -0.761371
v 0.132826 3.602980 -0.758764
v 0.083699 3.609493 -0.510440
v 0.090256 3.602980 -0.510440
v 0.126718 3.609493 -0.259508
v 0.132826 3.602980 -0.262115
v 0.463684 3.609493 0.077458
v 0.466291 3.602980 0.071350
v 0.714615 3.609493 0.120477
v 0.714615 3.602980 0.113920
v 0.965547 3.609493 0.077458
v 0.962940 3.602980 0.071350
v 1.302513 3.609493 -0.259508
v 1.296405 3.602980 -0.262115
v 1.345532 3.609493 -0.510440
v 1.338975 3.602980 -0.510440
v 1.302513 3.609493 -0.761371
v 1.296405 3.602980 -0.758764
v 0.965547 3.609493 -1.098337
v 0.962940 3.602980 -1.092229
v 0.714615 3.609493 -1.141356
v 0.714615 3.602980 -1.134799
v 0.463684 3.609493 -1.098337
v 0.466291 3.602980 -1.092229
v 0.198750 3.584497 -0.730626
v 0.206201 3.591010 -0.731786
v 0.161004 3.584497 -0.510440
v 0.168231 3.591010 -0.510440
v 0.198750 3.584497 -0.290253
v 0.206201 3.591010 -0.289093
v 0.494429 3.584497 0.005426
v 0.493268 3.591010 -0.002026
v 0.714615 3.584497 0.043172
v 0.714615 3.591010 0.035944
v 0.934802 3.584497 0.005426
v 0.935962 3.591010 -0.002026
v 1.230480 3.584497 -0.290253
v 1.223029 3.591010 -0.289093
v 1.268227 3.584497 -0.510440
v 1.260999 3.591010 -0.510440
v 1.230480 3.584497 -0.730626
v 1.223029 3.591010 -0.731786
v 0.934802 3.584497 -1.026305
v 0.935962 3.591010 -1.018854
v 0.714615 3.584497 -1.064051
v 0.714615 3.591010 -1.056823
v 0.494429 3.584497 -1.026305
v 0.493268 3.591010 -1.018854
vn -0.0000 1.0000 -0.0000
vn 0.3547 -0.0000 -0.9350
vn -0.0000 -0.0000 -1.0000
vn -0.3547 -0.0000 -0.9350
vn 0.7071 -0.0000 -0.7071
vn -0.7071 -0.0000 -0.7071
vn -0.3547 -0.0000 0.9350
vn -0.0000 -0.0000 1.0000
vn 0.3547 -0.0000 0.9350
vn -0.7071 -0.0000 0.7071
vn 0.7071 -0.0000 0.7071
vn 0.9350 -0.0000 0.3547
vn 1.0000 -0.0000 -0.0000
vn 0.9350 -0.0000 -0.3547
vn -0.9350 -0.0000 -0.3547
vn -1.0000 -0.0000 -0.0000
vn -0.9350 -0.0000 0.3547
vn -0.0000 1.0000 0.0001
vn -0.6541 0.7137 -0.2505
vn -0.4914 0.7191 -0.4913
vn -0.7047 0.7095 -0.0000
vn -0.6560 0.7136 -0.2458
vn -0.6560 0.7136 0.2458
vn -0.6541 0.7137 0.2505
vn -0.4914 0.7191 0.4914
vn -0.2505 0.7137 0.6541
vn -0.0000 0.7094 0.7048
vn -0.2458 0.7136 0.6560
vn 0.2458 0.7136 0.6560
vn 0.2505 0.7137 0.6541
vn 0.4914 0.7191 0.4914
vn 0.6541 0.7137 0.2505
vn 0.7047 0.7095 -0.0000
vn 0.6560 0.7136 0.2458
vn 0.6560 0.7136 -0.2458
vn 0.6541 0.7137 -0.2505
vn 0.4914 0.7191 -0.4913
vn 0.2505 0.7137 -0.6541
vn -0.0000 0.7095 -0.7047
vn 0.2458 0.7136 -0.6560
vn -0.2458 0.7136 -0.6560
vn -0.2505 0.7137 -0.6541
vn 0.4914 0.7191 -0.4914
vn 0.2459 0.7136 -0.6560
vn -0.4914 0.7191 -0.4914
vn -0.6560 0.7136 -0.2459
vn -0.6560 0.7136 0.2459
vn -0.6541 0.7137 0.2506
vn -0.0000 0.7095 0.7047
vn -0.5239 0.6716 -0.5239
vn -0.6551 0.6979 -0.2895
vn -0.6612 0.7172 -0.2199
vn -0.6694 0.7429 -0.0000
vn -0.6612 0.7172 0.2199
vn -0.6695 0.7428 -0.0000
vn -0.5239 0.6716 0.5239
vn -0.6551 0.6979 0.2895
vn -0.2895 0.6979 0.6550
vn -0.2199 0.7173 0.6612
vn -0.0000 0.7429 0.6694
vn 0.2199 0.7173 0.6612
vn 0.5239 0.6716 0.5239
vn 0.2895 0.6980 0.6550
vn 0.6551 0.6979 0.2895
vn 0.5238 0.6717 0.5239
vn 0.6612 0.7172 0.2199
vn 0.6694 0.7429 -0.0000
vn 0.6612 0.7172 -0.2199
vn 0.5239 0.6716 -0.5239
vn 0.6551 0.6979 -0.2895
vn 0.2895 0.6979 -0.6551
vn 0.5238 0.6717 -0.5239
vn 0.2199 0.7172 -0.6612
vn -0.0000 0.7429 -0.6694
vn -0.2199 0.7172 -0.6612
vn -0.2895 0.6979 -0.6551
vt 0.663376 0.592272
vt 0.662352 0.576877
vt 0.663376 0.576877
vt 0.662352 0.607667
vt 0.662352 0.592272
vt 0.661328 0.576877
vt 0.661328 0.607667
vt 0.661328 0.592272
vt 0.663376 0.607667
vt 0.662352 0.623062
vt 0.661328 0.623062
vt 0.661328 0.561482
vt 0.662352 0.561482
vt 0.663376 0.561482
vt 0.667952 0.515297
vt 0.671505 0.530692
vt 0.667952 0.530692
vt 0.675058 0.515297
vt 0.671505 0.515297
vt 0.671505 0.546087
vt 0.667952 0.546087
vt 0.675058 0.530692
vt 0.671505 0.499902
vt 0.667952 0.499902
vt 0.675058 0.499902
vt 0.678610 0.499902
vt 0.678610 0.515297
vt 0.678610 0.546087
vt 0.675058 0.546087
vt 0.675058 0.561482
vt 0.671505 0.561482
vt 0.667952 0.561482
vt 0.671505 0.638457
vt 0.667952 0.653852
vt 0.667952 0.638457
vt 0.675058 0.653852
vt 0.671505 0.653852
vt 0.671505 0.669247
vt 0.667952 0.669247
vt 0.675058 0.669247
vt 0.671505 0.623062
vt 0.667952 0.623062
vt 0.675058 0.623062
vt 0.678610 0.623062
vt 0.675058 0.638457
vt 0.678610 0.638457
vt 0.678610 0.653852
vt 0.678610 0.684642
vt 0.675058 0.684642
vt 0.671505 0.684642
vt 0.667952 0.684642
vt 0.671505 0.453716
vt 0.667952 0.469111
vt 0.667952 0.453716
vt 0.675058 0.453716
vt 0.671505 0.469111
vt 0.671505 0.484506
vt 0.667952 0.484506
vt 0.675058 0.469111
vt 0.667952 0.438321
vt 0.675058 0.438321
vt 0.671505 0.438321
vt 0.678610 0.438321
vt 0.678610 0.469111
vt 0.678610 0.484506
vt 0.675058 0.484506
vt 0.667952 0.576877
vt 0.671505 0.592272
vt 0.667952 0.592272
vt 0.675058 0.576877
vt 0.671505 0.576877
vt 0.671505 0.607667
vt 0.667952 0.607667
vt 0.675058 0.592272
vt 0.678610 0.561482
vt 0.678610 0.576877
vt 0.678610 0.607667
vt 0.675058 0.607667
vt 0.659494 0.453716
vt 0.658683 0.469111
vt 0.658683 0.453716
vt 0.659494 0.484506
vt 0.659494 0.469111
vt 0.657873 0.453716
vt 0.657873 0.484506
vt 0.657873 0.469111
vt 0.659494 0.499902
vt 0.658683 0.484506
vt 0.657873 0.499902
vt 0.657063 0.499902
vt 0.657063 0.484506
vt 0.657063 0.469111
vt 0.657063 0.453716
vt 0.657063 0.438321
vt 0.657873 0.438321
vt 0.658683 0.438321
vt 0.659494 0.438321
vt 0.663376 0.530692
vt 0.662352 0.515297
vt 0.663376 0.515297
vt 0.662352 0.546087
vt 0.662352 0.530692
vt 0.661328 0.515297
vt 0.661328 0.546087
vt 0.661328 0.530692
vt 0.663376 0.546087
vt 0.661328 0.499902
vt 0.662352 0.499902
vt 0.663376 0.499902
vt 0.663376 0.653852
vt 0.662352 0.638457
vt 0.663376 0.638457
vt 0.662352 0.669247
vt 0.662352 0.653852
vt 0.661328 0.638457
vt 0.661328 0.669247
vt 0.661328 0.653852
vt 0.663376 0.669247
vt 0.662352 0.684642
vt 0.661328 0.684642
vt 0.663376 0.623062
vt 0.663376 0.469111
vt 0.662352 0.453716
vt 0.663376 0.453716
vt 0.662352 0.484506
vt 0.662352 0.469111
vt 0.661328 0.453716
vt 0.661328 0.484506
vt 0.661328 0.469111
vt 0.663376 0.484506
vt 0.661328 0.438321
vt 0.662352 0.438321
vt 0.663376 0.438321
vt 0.655916 0.530692
vt 0.654769 0.515297
vt 0.655916 0.515297
vt 0.654769 0.546087
vt 0.654769 0.530692
vt 0.653621 0.515297
vt 0.653621 0.546087
vt 0.653621 0.530692
vt 0.657063 0.515297
vt 0.655916 0.499902
vt 0.657063 0.530692
vt 0.655916 0.546087
vt 0.657063 0.546087
vt 0.655916 0.561482
vt 0.654769 0.561482
vt 0.653621 0.561482
vt 0.652474 0.561482
vt 0.652474 0.546087
vt 0.652474 0.530692
vt 0.652474 0.515297
vt 0.652474 0.499902
vt 0.653621 0.499902
vt 0.654769 0.499902
vt 0.659494 0.576877
vt 0.658683 0.592272
vt 0.658683 0.576877
vt 0.659494 0.607667
vt 0.659494 0.592272
vt 0.657873 0.576877
vt 0.657873 0.607667
vt 0.657873 0.592272
vt 0.659494 0.623062
vt 0.658683 0.607667
vt 0.657873 0.623062
vt 0.657063 0.623062
vt 0.657063 0.607667
vt 0.657063 0.592272
vt 0.657063 0.576877
vt 0.657063 0.561482
vt 0.657873 0.561482
vt 0.658683 0.561482
vt 0.659494 0.561482
vt 0.659494 0.515297
vt 0.658683 0.530692
vt 0.658683 0.515297
vt 0.659494 0.546087
vt 0.659494 0.530692
vt 0.657873 0.515297
vt 0.657873 0.546087
vt 0.657873 0.530692
vt 0.658683 0.546087
vt 0.658683 0.499902
vt 0.659494 0.638457
vt 0.658683 0.653852
vt 0.658683 0.638457
vt 0.659494 0.669247
vt 0.659494 0.653852
vt 0.657873 0.638457
vt 0.657873 0.669247
vt 0.657873 0.653852
vt 0.659494 0.684642
vt 0.658683 0.669247
vt 0.657873 0.684642
vt 0.657063 0.684642
vt 0.657063 0.669247
vt 0.657063 0.653852
vt 0.657063 0.638457
vt 0.658683 0.623062
vt 0.651858 0.638457
vt 0.651242 0.653852
vt 0.651242 0.638457
vt 0.651858 0.669247
vt 0.651858 0.653852
vt 0.650626 0.638457
vt 0.651242 0.669247
vt 0.650626 0.653852
vt 0.652474 0.623062
vt 0.651858 0.623062
vt 0.652474 0.653852
vt 0.652474 0.638457
vt 0.652474 0.684642
vt 0.652474 0.669247
vt 0.651242 0.684642
vt 0.650626 0.669247
vt 0.650626 0.623062
vt 0.651242 0.623062
vt 0.655916 0.653852
vt 0.654769 0.638457
vt 0.655916 0.638457
vt 0.654769 0.669247
vt 0.654769 0.653852
vt 0.653621 0.638457
vt 0.653621 0.669247
vt 0.653621 0.653852
vt 0.655916 0.623062
vt 0.655916 0.669247
vt 0.655916 0.684642
vt 0.654769 0.684642
vt 0.653621 0.684642
vt 0.653621 0.623062
vt 0.654769 0.623062
vt 0.655916 0.469111
vt 0.654769 0.453716
vt 0.655916 0.453716
vt 0.654769 0.484506
vt 0.654769 0.469111
vt 0.653621 0.453716
vt 0.653621 0.484506
vt 0.653621 0.469111
vt 0.655916 0.438321
vt 0.655916 0.484506
vt 0.652474 0.484506
vt 0.652474 0.469111
vt 0.652474 0.453716
vt 0.652474 0.438321
vt 0.653621 0.438321
vt 0.654769 0.438321
vt 0.655916 0.592272
vt 0.654769 0.576877
vt 0.655916 0.576877
vt 0.654769 0.607667
vt 0.654769 0.592272
vt 0.653621 0.576877
vt 0.653621 0.607667
vt 0.653621 0.592272
vt 0.655916 0.607667
vt 0.652474 0.607667
vt 0.652474 0.592272
vt 0.652474 0.576877
vt 0.607226 0.546087
vt 0.621488 0.530692
vt 0.621488 0.546087
vt 0.607226 0.515297
vt 0.607226 0.530692
vt 0.635749 0.546087
vt 0.635749 0.515297
vt 0.635749 0.530692
vt 0.651858 0.453716
vt 0.651242 0.469111
vt 0.651242 0.453716
vt 0.651858 0.484506
vt 0.651858 0.469111
vt 0.650626 0.453716
vt 0.651242 0.484506
vt 0.650626 0.469111
vt 0.651858 0.438321
vt 0.651242 0.499902
vt 0.650626 0.484506
vt 0.651242 0.438321
vt 0.650626 0.438321
vt 0.651858 0.576877
vt 0.651242 0.592272
vt 0.651242 0.576877
vt 0.651858 0.607667
vt 0.651858 0.592272
vt 0.650626 0.576877
vt 0.651242 0.607667
vt 0.650626 0.592272
vt 0.651858 0.561482
vt 0.650626 0.607667
vt 0.650626 0.561482
vt 0.651242 0.561482
vt 0.651858 0.515297
vt 0.651242 0.530692
vt 0.651242 0.515297
vt 0.651858 0.546087
vt 0.651858 0.530692
vt 0.650626 0.515297
vt 0.651242 0.546087
vt 0.650626 0.530692
vt 0.651858 0.499902
vt 0.650626 0.546087
vt 0.650626 0.499902
vt 0.664755 0.623062
vt 0.664755 0.607667
vt 0.663848 0.638457
vt 0.663848 0.623062
vt 0.664755 0.638457
vt 0.663848 0.607667
vt 0.663848 0.669247
vt 0.663376 0.684642
vt 0.664755 0.684642
vt 0.664755 0.669247
vt 0.663848 0.453716
vt 0.663848 0.438321
vt 0.664755 0.438321
vt 0.664755 0.453716
vt 0.664755 0.576877
vt 0.664755 0.561482
vt 0.663848 0.546087
vt 0.663848 0.576877
vt 0.663848 0.561482
vt 0.664755 0.546087
vt 0.663848 0.484506
vt 0.664755 0.499902
vt 0.664755 0.484506
vt 0.663848 0.515297
vt 0.663848 0.499902
vt 0.664755 0.515297
vt 0.663848 0.592272
vt 0.664755 0.592272
vt 0.663848 0.653852
vt 0.664755 0.653852
vt 0.663848 0.469111
vt 0.664755 0.469111
vt 0.663848 0.530692
vt 0.664755 0.530692
vt 0.660030 0.561482
vt 0.660729 0.561482
vt 0.660729 0.546087
vt 0.660030 0.546087
vt 0.660030 0.607667
vt 0.660729 0.623062
vt 0.660729 0.607667
vt 0.660030 0.623062
vt 0.660030 0.669247
vt 0.660729 0.684642
vt 0.660729 0.669247
vt 0.660030 0.438321
vt 0.660729 0.438321
vt 0.660729 0.499902
vt 0.660729 0.484506
vt 0.660030 0.499902
vt 0.660030 0.484506
vt 0.650284 0.561482
vt 0.649626 0.561099
vt 0.635749 0.561034
vt 0.650284 0.546087
vt 0.650284 0.607667
vt 0.593541 0.560860
vt 0.607226 0.561033
vt 0.650284 0.623062
vt 0.593541 0.500523
vt 0.593381 0.515297
vt 0.650284 0.453716
vt 0.650284 0.438321
vt 0.650284 0.684642
vt 0.650284 0.669247
vt 0.650284 0.484506
vt 0.649626 0.500284
vt 0.649595 0.515297
vt 0.650284 0.499902
vt 0.660030 0.576877
vt 0.660729 0.576877
vt 0.660030 0.592272
vt 0.660729 0.592272
vt 0.660030 0.638457
vt 0.660729 0.638457
vt 0.660030 0.653852
vt 0.660729 0.653852
vt 0.660030 0.453716
vt 0.660729 0.453716
vt 0.660030 0.469111
vt 0.660729 0.469111
vt 0.660030 0.515297
vt 0.660729 0.515297
vt 0.660030 0.530692
vt 0.660729 0.530692
vt 0.621488 0.561080
vt 0.650284 0.576877
vt 0.650284 0.592272
vt 0.593380 0.546087
vt 0.650284 0.638457
vt 0.593338 0.530692
vt 0.650284 0.653852
vt 0.607226 0.500350
vt 0.621488 0.515297
vt 0.635749 0.500350
vt 0.650284 0.469111
vt 0.649638 0.530692
vt 0.650284 0.515297
vt 0.649595 0.546087
vt 0.650284 0.530692
vt 0.678610 0.530692
vt 0.678610 0.669247
vt 0.678610 0.453716
vt 0.678610 0.592272
vt 0.658683 0.684642
vt 0.651858 0.684642
vt 0.650626 0.684642
vt 0.663848 0.684642
vt 0.660030 0.684642
vt 0.621488 0.500304
vt 0.650010 0.576701
vt 0.650010 0.592272
vt 0.650010 0.607843
vt 0.650010 0.638281
vt 0.650010 0.623062
vt 0.650010 0.653852
vt 0.650010 0.669424
vt 0.650010 0.453540
vt 0.650010 0.438418
vt 0.650010 0.469111
vt 0.650010 0.484683
vt 0.650010 0.684546
s 1
usemtl マテリアル.005
f 1206/134/159 1208/135/159 1205/136/159
f 1206/134/159 1210/137/159 1209/138/159
f 1209/138/159 1211/139/159 1208/135/159
f 1209/138/159 1213/140/159 1212/141/159
f 1207/142/159 1134/143/159 1210/137/159
f 1210/137/159 1135/144/159 1213/140/159
f 1208/135/159 1136/145/159 1137/146/159
f 1205/136/159 1137/146/159 1138/147/159
f 1214/148/160 1218/149/161 1217/150/161
f 1216/151/160 1218/149/161 1215/152/160
f 1217/150/161 1221/153/162 1220/154/162
f 1219/155/161 1221/153/162 1218/149/161
f 1125/156/163 1214/148/160 1126/157/163
f 1124/158/163 1215/152/160 1125/156/163
f 1100/159/163 1216/151/160 1124/158/163
f 1118/160/160 1219/155/161 1216/151/160
f 1219/155/161 1120/161/162 1222/162/162
f 1120/161/162 1123/163/164 1222/162/162
f 1221/153/162 1123/163/164 1122/164/164
f 1220/154/162 1122/164/164 1121/165/164
f 1224/166/165 1226/167/166 1223/168/165
f 1224/166/165 1228/169/166 1227/170/166
f 1226/167/166 1230/171/167 1229/172/167
f 1227/170/166 1231/173/167 1230/171/167
f 1131/174/168 1223/168/165 1132/175/168
f 1130/176/168 1224/166/165 1131/174/168
f 1097/177/168 1225/178/165 1130/176/168
f 1112/179/165 1228/169/166 1225/178/165
f 1113/180/166 1231/173/167 1228/169/166
f 1231/173/167 1098/181/169 1129/182/169
f 1231/173/167 1128/183/169 1230/171/167
f 1230/171/167 1127/184/169 1229/172/167
f 1233/185/170 1235/186/171 1232/187/170
f 1234/188/170 1236/189/171 1233/185/170
f 1235/186/171 1239/190/172 1238/191/172
f 1237/192/171 1239/190/172 1236/189/171
f 1127/193/169 1233/185/170 1232/187/170
f 1129/194/169 1233/185/170 1128/195/169
f 1098/196/169 1234/188/170 1129/194/169
f 1234/188/170 1116/197/171 1237/192/171
f 1237/192/171 1117/198/172 1240/199/172
f 1117/198/172 1124/158/163 1240/199/172
f 1239/190/172 1124/158/163 1125/156/163
f 1238/191/172 1125/156/163 1126/157/163
f 1241/200/173 1245/201/174 1244/202/174
f 1243/203/173 1245/201/174 1242/204/173
f 1244/202/174 1248/205/175 1247/206/175
f 1246/207/174 1248/205/175 1245/201/174
f 1122/164/164 1241/200/173 1121/165/164
f 1123/163/164 1242/204/173 1122/164/164
f 1099/208/164 1243/203/173 1123/163/164
f 1109/209/173 1246/207/174 1243/203/173
f 1246/207/174 1111/210/175 1249/211/175
f 1111/210/175 1130/176/168 1249/211/175
f 1248/205/175 1130/176/168 1131/174/168
f 1247/206/175 1131/174/168 1132/175/168
f 1250/212/173 1254/213/174 1253/214/173
f 1252/215/175 1254/213/174 1251/216/174
f 1254/213/174 1256/217/173 1253/214/173
f 1254/213/174 1258/218/175 1257/219/174
f 1157/220/168 1255/221/175 1252/215/175
f 1255/221/175 1159/222/168 1258/218/175
f 1258/218/175 1104/223/168 1153/224/175
f 1258/218/175 1152/225/174 1257/219/174
f 1256/217/173 1152/225/174 1151/226/173
f 1256/217/173 1103/227/164 1160/228/164
f 1253/214/173 1160/228/164 1161/229/164
f 1250/212/173 1161/229/164 1162/230/164
f 1260/231/159 1262/232/159 1259/233/159
f 1260/231/159 1264/234/159 1263/235/159
f 1263/235/159 1265/236/159 1262/232/159
f 1263/235/159 1267/237/159 1266/238/159
f 1261/239/159 1137/146/159 1264/234/159
f 1264/234/159 1136/145/159 1267/237/159
f 1262/232/159 1139/240/159 1140/241/159
f 1259/233/159 1140/241/159 1141/242/159
f 1269/243/159 1271/244/159 1268/245/159
f 1269/243/159 1273/246/159 1272/247/159
f 1272/247/159 1274/248/159 1271/244/159
f 1272/247/159 1276/249/159 1275/250/159
f 1270/251/159 1143/252/159 1273/246/159
f 1273/246/159 1144/253/159 1276/249/159
f 1271/244/159 1135/144/159 1134/143/159
f 1268/245/159 1134/143/159 1133/254/159
f 1278/255/159 1280/256/159 1277/257/159
f 1278/255/159 1282/258/159 1281/259/159
f 1281/259/159 1283/260/159 1280/256/159
f 1281/259/159 1285/261/159 1284/262/159
f 1279/263/159 1140/241/159 1282/258/159
f 1282/258/159 1139/240/159 1285/261/159
f 1280/256/159 1144/264/159 1143/265/159
f 1277/257/159 1143/265/159 1142/266/159
f 1287/267/159 1289/268/159 1286/269/159
f 1287/267/159 1291/270/159 1290/271/159
f 1290/271/159 1292/272/159 1289/268/159
f 1290/271/159 1294/273/159 1293/274/159
f 1154/275/159 1186/276/159 1104/223/159
f 1155/277/159 1286/269/159 1154/275/159
f 1155/277/159 1288/278/159 1287/267/159
f 1156/279/159 1181/280/159 1288/278/159
f 1288/278/159 1182/281/159 1291/270/159
f 1291/270/159 1183/282/159 1294/273/159
f 1294/273/159 1105/283/159 1180/284/159
f 1293/274/159 1180/284/159 1179/285/159
f 1293/274/159 1178/286/159 1292/272/159
f 1292/272/159 1108/287/159 1184/288/159
f 1289/268/159 1184/288/159 1185/289/159
f 1286/269/159 1185/289/159 1186/276/159
f 1295/290/170 1299/291/171 1298/292/170
f 1297/293/172 1299/291/171 1296/294/171
f 1299/291/171 1301/295/170 1298/292/170
f 1299/291/171 1303/296/172 1302/297/171
f 1163/298/163 1300/299/172 1297/293/172
f 1300/299/172 1165/300/163 1303/296/172
f 1303/296/172 1102/301/163 1147/302/172
f 1303/296/172 1146/303/171 1302/297/171
f 1301/295/170 1146/303/171 1145/304/170
f 1301/295/170 1101/305/169 1166/306/169
f 1298/292/170 1166/306/169 1167/307/169
f 1295/290/170 1167/307/169 1168/308/169
f 1304/309/165 1308/310/166 1307/311/165
f 1306/312/167 1308/310/166 1305/313/166
f 1308/310/166 1310/314/165 1307/311/165
f 1308/310/166 1312/315/167 1311/316/166
f 1168/308/169 1309/317/167 1306/312/167
f 1309/317/167 1166/306/169 1312/315/167
f 1312/315/167 1101/305/169 1156/279/167
f 1312/315/167 1155/277/166 1311/316/166
f 1310/314/165 1155/277/166 1154/275/165
f 1310/314/165 1104/223/168 1159/222/168
f 1307/311/165 1159/222/168 1158/318/168
f 1304/309/165 1158/318/168 1157/220/168
f 1313/319/160 1317/320/161 1316/321/160
f 1315/322/162 1317/320/161 1314/323/161
f 1317/320/161 1319/324/160 1316/321/160
f 1317/320/161 1321/325/162 1320/326/161
f 1162/327/164 1318/328/162 1315/322/162
f 1318/328/162 1160/329/164 1321/325/162
f 1321/325/162 1103/330/164 1150/331/162
f 1321/325/162 1149/332/161 1320/326/161
f 1319/324/160 1149/332/161 1148/333/160
f 1319/324/160 1102/301/163 1165/300/163
f 1316/321/160 1165/300/163 1164/334/163
f 1313/319/160 1164/334/163 1163/298/163
f 1322/335/165 1326/336/166 1325/337/165
f 1324/338/167 1326/336/166 1323/339/166
f 1326/336/166 1328/340/165 1325/337/165
f 1327/341/167 1329/342/166 1326/336/166
f 1106/343/168 1322/335/165 1198/344/168
f 1173/345/166 1322/335/165 1172/346/165
f 1173/345/166 1324/338/167 1323/339/166
f 1107/347/169 1324/338/167 1174/348/167
f 1324/338/167 1194/349/169 1327/341/167
f 1194/349/169 1330/350/167 1327/341/167
f 1325/337/165 1196/351/168 1197/352/168
f 1322/335/165 1197/352/168 1198/344/168
f 1332/353/159 1334/354/159 1331/355/159
f 1332/353/159 1336/356/159 1335/357/159
f 1335/357/159 1337/358/159 1334/354/159
f 1335/357/159 1339/359/159 1338/360/159
f 1148/333/159 1192/361/159 1102/301/159
f 1149/332/159 1331/355/159 1148/333/159
f 1149/332/159 1333/362/159 1332/353/159
f 1150/331/159 1187/363/159 1333/362/159
f 1333/362/159 1188/364/159 1336/356/159
f 1336/356/159 1189/365/159 1339/359/159
f 1339/359/159 1107/347/159 1174/348/159
f 1338/360/159 1174/348/159 1173/345/159
f 1338/360/159 1172/346/176 1337/358/159
f 1337/358/159 1106/343/159 1190/366/159
f 1334/354/159 1190/366/159 1191/367/159
f 1331/355/159 1191/367/159 1192/361/159
f 1341/368/159 1343/369/159 1340/370/159
f 1341/368/159 1345/371/159 1344/372/159
f 1344/372/159 1346/373/159 1343/369/159
f 1344/372/159 1348/374/159 1347/375/159
f 1151/226/159 1187/376/159 1103/227/159
f 1152/225/159 1340/370/159 1151/226/159
f 1152/225/159 1342/377/159 1341/368/159
f 1153/224/159 1186/276/159 1342/377/159
f 1342/377/159 1185/289/159 1345/371/159
f 1345/371/159 1184/288/159 1348/374/159
f 1348/374/159 1108/287/159 1177/378/159
f 1347/375/159 1177/378/159 1176/379/159
f 1347/375/159 1175/380/159 1346/373/159
f 1346/373/159 1107/381/159 1189/382/159
f 1343/369/159 1189/382/159 1188/383/159
f 1340/370/159 1188/383/159 1187/376/159
f 1350/384/159 1352/385/159 1349/386/159
f 1350/384/159 1354/387/159 1353/388/159
f 1353/388/159 1355/389/159 1352/385/159
f 1353/388/159 1357/390/159 1356/391/159
f 1145/304/159 1181/280/159 1101/305/159
f 1146/303/159 1349/386/159 1145/304/159
f 1146/303/159 1351/392/159 1350/384/159
f 1147/302/159 1192/361/159 1351/392/159
f 1351/392/159 1191/367/159 1354/387/159
f 1354/387/159 1190/366/159 1357/390/159
f 1357/390/159 1106/343/159 1171/393/159
f 1356/391/159 1171/393/159 1170/394/159
f 1356/391/159 1169/395/159 1355/389/159
f 1355/389/159 1105/283/159 1183/282/159
f 1352/385/159 1183/282/159 1182/281/159
f 1349/386/159 1182/281/159 1181/280/159
f 1358/396/159 1362/397/159 1361/398/159
f 1360/399/159 1362/397/159 1359/400/159
f 1362/397/159 1364/401/159 1361/398/159
f 1362/397/159 1366/402/159 1365/403/159
f 1367/404/170 1371/405/171 1370/406/170
f 1369/407/172 1371/405/171 1368/408/171
f 1371/405/171 1373/409/170 1370/406/170
f 1372/410/172 1374/411/171 1371/405/171
f 1107/381/169 1367/404/170 1193/412/169
f 1175/380/170 1368/408/171 1367/404/170
f 1176/379/171 1369/407/172 1368/408/171
f 1108/287/163 1369/407/172 1177/378/172
f 1369/407/172 1200/413/163 1372/410/172
f 1200/413/163 1375/414/172 1372/410/172
f 1194/415/169 1373/409/170 1195/416/169
f 1367/404/170 1194/415/169 1193/412/169
f 1376/417/173 1380/418/174 1379/419/173
f 1378/420/175 1380/418/174 1377/421/174
f 1380/418/174 1382/422/173 1379/419/173
f 1381/423/175 1383/424/174 1380/418/174
f 1105/283/164 1376/417/173 1204/425/164
f 1169/395/173 1377/421/174 1376/417/173
f 1170/394/174 1378/420/175 1377/421/174
f 1106/343/168 1378/420/175 1171/393/175
f 1378/420/175 1197/352/168 1381/423/175
f 1197/352/168 1384/426/175 1381/423/175
f 1379/419/173 1202/427/164 1203/428/164
f 1376/417/173 1203/428/164 1204/425/164
f 1385/429/160 1389/430/161 1388/431/160
f 1387/432/162 1389/430/161 1386/433/161
f 1389/430/161 1391/434/160 1388/431/160
f 1390/435/162 1392/436/161 1389/430/161
f 1108/287/163 1385/429/160 1199/437/163
f 1178/286/160 1386/433/161 1385/429/160
f 1179/285/161 1387/432/162 1386/433/161
f 1105/283/164 1387/432/162 1180/284/162
f 1387/432/162 1203/428/164 1390/435/162
f 1203/428/164 1393/438/162 1390/435/162
f 1200/413/163 1391/434/160 1201/439/163
f 1385/429/160 1200/413/163 1199/437/163
f 1247/206/175 1394/440/168 1406/441/175
f 1409/442/159 1133/254/159 1395/443/159
f 1394/440/168 1223/168/165 1408/444/165
f 1407/445/159 1133/254/159 1207/142/159
f 1413/446/159 1142/447/159 1270/251/159
f 1229/172/167 1396/448/169 1412/449/167
f 1415/450/159 1142/266/159 1397/451/159
f 1396/452/169 1232/187/170 1414/453/170
f 1121/165/164 1402/454/173 1399/455/164
f 1425/456/159 1138/147/159 1261/239/159
f 1403/457/159 1138/147/159 1398/458/159
f 1220/154/162 1399/455/164 1424/459/162
f 1419/460/159 1141/242/159 1279/263/159
f 1238/191/172 1400/461/163 1418/462/172
f 1421/463/159 1141/242/159 1401/464/159
f 1400/461/163 1214/148/160 1420/465/160
f 1405/466/159 1205/136/159 1403/457/159
f 1402/454/173 1244/202/174 1404/467/174
f 1405/466/159 1207/142/159 1206/134/159
f 1244/202/174 1406/441/175 1404/467/174
f 1411/468/159 1268/245/159 1409/442/159
f 1223/168/165 1410/469/166 1408/444/165
f 1411/468/159 1270/251/159 1269/243/159
f 1410/469/166 1229/172/167 1412/449/167
f 1417/470/159 1277/257/159 1415/450/159
f 1232/187/170 1416/471/171 1414/453/170
f 1417/470/159 1279/263/159 1278/255/159
f 1416/471/171 1238/191/172 1418/462/172
f 1423/472/159 1259/233/159 1421/463/159
f 1214/148/160 1422/473/161 1420/465/160
f 1423/472/159 1261/239/159 1260/231/159
f 1422/473/161 1220/154/162 1424/459/162
f 1426/474/169 1295/290/170 1168/308/169
f 1267/237/159 1427/475/159 1464/476/159
f 1211/139/159 1427/475/159 1136/145/159
f 1465/477/167 1168/308/169 1306/312/167
f 1447/478/172 1163/298/163 1297/293/172
f 1213/140/159 1428/479/159 1446/480/159
f 1429/481/163 1313/319/160 1163/298/163
f 1274/248/159 1428/479/159 1135/144/159
f 1453/482/162 1162/327/164 1315/322/162
f 1276/249/159 1430/483/159 1452/484/159
f 1431/485/164 1250/212/173 1162/230/164
f 1283/260/159 1430/486/159 1144/264/159
f 1285/261/159 1432/487/159 1458/488/159
f 1433/489/168 1304/309/165 1157/220/168
f 1265/236/159 1432/487/159 1139/240/159
f 1459/490/175 1157/220/168 1252/215/175
f 1382/422/173 1435/491/164 1202/427/164
f 1364/401/159 1434/492/159 1467/493/159
f 1393/438/162 1435/491/164 1488/494/162
f 1196/351/168 1470/495/175 1384/426/175
f 1437/496/159 1358/396/159 1471/497/159
f 1328/340/165 1436/498/168 1196/351/168
f 1439/499/159 1360/399/159 1477/500/159
f 1195/416/169 1478/501/170 1438/502/169
f 1330/350/167 1438/503/169 1476/504/167
f 1201/439/163 1482/505/172 1375/414/172
f 1366/402/159 1441/506/159 1485/507/159
f 1391/434/160 1440/508/163 1201/439/163
f 1443/509/170 1296/294/171 1295/290/170
f 1212/141/159 1442/510/159 1211/139/159
f 1447/478/172 1296/294/171 1445/511/171
f 1212/141/159 1446/480/159 1444/512/159
f 1449/513/160 1314/323/161 1313/319/160
f 1275/250/159 1448/514/159 1274/248/159
f 1453/482/162 1314/323/161 1451/515/161
f 1275/250/159 1452/484/159 1450/516/159
f 1455/517/173 1251/216/174 1250/212/173
f 1284/262/159 1454/518/159 1283/260/159
f 1459/490/175 1251/216/174 1457/519/174
f 1284/262/159 1458/488/159 1456/520/159
f 1461/521/165 1305/313/166 1304/309/165
f 1266/238/159 1460/522/159 1265/236/159
f 1465/477/167 1305/313/166 1463/523/166
f 1266/238/159 1464/476/159 1462/524/159
f 1361/398/159 1467/493/159 1469/525/159
f 1383/424/174 1466/526/173 1382/422/173
f 1471/497/159 1361/398/159 1469/525/159
f 1384/426/175 1468/527/174 1383/424/174
f 1473/528/159 1359/400/159 1358/396/159
f 1329/342/166 1472/529/165 1328/340/165
f 1477/500/159 1359/400/159 1475/530/159
f 1330/350/167 1474/531/166 1329/342/166
f 1479/532/159 1363/533/159 1360/399/159
f 1374/411/171 1478/501/170 1373/409/170
f 1363/533/159 1483/534/159 1366/402/159
f 1375/414/172 1480/535/171 1374/411/171
f 1365/403/159 1485/507/159 1487/536/159
f 1392/436/161 1484/537/160 1391/434/160
f 1365/403/159 1489/538/159 1364/401/159
f 1393/438/162 1486/539/161 1392/436/161
f 1206/134/159 1209/138/159 1208/135/159
f 1206/134/159 1207/142/159 1210/137/159
f 1209/138/159 1212/141/159 1211/139/159
f 1209/138/159 1210/137/159 1213/140/159
f 1207/142/159 1133/254/159 1134/143/159
f 1210/137/159 1134/143/159 1135/144/159
f 1208/135/159 1211/139/159 1136/145/159
f 1205/136/159 1208/135/159 1137/146/159
f 1214/148/160 1215/152/160 1218/149/161
f 1216/151/160 1219/155/161 1218/149/161
f 1217/150/161 1218/149/161 1221/153/162
f 1219/155/161 1222/162/162 1221/153/162
f 1125/156/163 1215/152/160 1214/148/160
f 1124/158/163 1216/151/160 1215/152/160
f 1100/159/163 1118/160/160 1216/151/160
f 1118/160/160 1119/540/161 1219/155/161
f 1219/155/161 1119/540/161 1120/161/162
f 1120/161/162 1099/208/164 1123/163/164
f 1221/153/162 1222/162/162 1123/163/164
f 1220/154/162 1221/153/162 1122/164/164
f 1224/166/165 1227/170/166 1226/167/166
f 1224/166/165 1225/178/165 1228/169/166
f 1226/167/166 1227/170/166 1230/171/167
f 1227/170/166 1228/169/166 1231/173/167
f 1131/174/168 1224/166/165 1223/168/165
f 1130/176/168 1225/178/165 1224/166/165
f 1097/177/168 1112/179/165 1225/178/165
f 1112/179/165 1113/180/166 1228/169/166
f 1113/180/166 1114/541/167 1231/173/167
f 1231/173/167 1114/541/167 1098/181/169
f 1231/173/167 1129/182/169 1128/183/169
f 1230/171/167 1128/183/169 1127/184/169
f 1233/185/170 1236/189/171 1235/186/171
f 1234/188/170 1237/192/171 1236/189/171
f 1235/186/171 1236/189/171 1239/190/172
f 1237/192/171 1240/199/172 1239/190/172
f 1127/193/169 1128/195/169 1233/185/170
f 1129/194/169 1234/188/170 1233/185/170
f 1098/196/169 1115/542/170 1234/188/170
f 1234/188/170 1115/542/170 1116/197/171
f 1237/192/171 1116/197/171 1117/198/172
f 1117/198/172 1100/159/163 1124/158/163
f 1239/190/172 1240/199/172 1124/158/163
f 1238/191/172 1239/190/172 1125/156/163
f 1241/200/173 1242/204/173 1245/201/174
f 1243/203/173 1246/207/174 1245/201/174
f 1244/202/174 1245/201/174 1248/205/175
f 1246/207/174 1249/211/175 1248/205/175
f 1122/164/164 1242/204/173 1241/200/173
f 1123/163/164 1243/203/173 1242/204/173
f 1099/208/164 1109/209/173 1243/203/173
f 1109/209/173 1110/543/174 1246/207/174
f 1246/207/174 1110/543/174 1111/210/175
f 1111/210/175 1097/177/168 1130/176/168
f 1248/205/175 1249/211/175 1130/176/168
f 1247/206/175 1248/205/175 1131/174/168
f 1250/212/173 1251/216/174 1254/213/174
f 1252/215/175 1255/221/175 1254/213/174
f 1254/213/174 1257/219/174 1256/217/173
f 1254/213/174 1255/221/175 1258/218/175
f 1157/220/168 1158/318/168 1255/221/175
f 1255/221/175 1158/318/168 1159/222/168
f 1258/218/175 1159/222/168 1104/223/168
f 1258/218/175 1153/224/175 1152/225/174
f 1256/217/173 1257/219/174 1152/225/174
f 1256/217/173 1151/226/173 1103/227/164
f 1253/214/173 1256/217/173 1160/228/164
f 1250/212/173 1253/214/173 1161/229/164
f 1260/231/159 1263/235/159 1262/232/159
f 1260/231/159 1261/239/159 1264/234/159
f 1263/235/159 1266/238/159 1265/236/159
f 1263/235/159 1264/234/159 1267/237/159
f 1261/239/159 1138/147/159 1137/146/159
f 1264/234/159 1137/146/159 1136/145/159
f 1262/232/159 1265/236/159 1139/240/159
f 1259/233/159 1262/232/159 1140/241/159
f 1269/243/159 1272/247/159 1271/244/159
f 1269/243/159 1270/251/159 1273/246/159
f 1272/247/159 1275/250/159 1274/248/159
f 1272/247/159 1273/246/159 1276/249/159
f 1270/251/159 1142/447/159 1143/252/159
f 1273/246/159 1143/252/159 1144/253/159
f 1271/244/159 1274/248/159 1135/144/159
f 1268/245/159 1271/244/159 1134/143/159
f 1278/255/159 1281/259/159 1280/256/159
f 1278/255/159 1279/263/159 1282/258/159
f 1281/259/159 1284/262/159 1283/260/159
f 1281/259/159 1282/258/159 1285/261/159
f 1279/263/159 1141/242/159 1140/241/159
f 1282/258/159 1140/241/159 1139/240/159
f 1280/256/159 1283/260/159 1144/264/159
f 1277/257/159 1280/256/159 1143/265/159
f 1287/267/159 1290/271/159 1289/268/159
f 1287/267/159 1288/278/159 1291/270/159
f 1290/271/159 1293/274/159 1292/272/159
f 1290/271/159 1291/270/159 1294/273/159
f 1154/275/159 1286/269/159 1186/276/159
f 1155/277/159 1287/267/159 1286/269/159
f 1155/277/159 1156/279/159 1288/278/159
f 1156/279/159 1101/305/159 1181/280/159
f 1288/278/159 1181/280/159 1182/281/159
f 1291/270/159 1182/281/159 1183/282/159
f 1294/273/159 1183/282/159 1105/283/159
f 1293/274/159 1294/273/159 1180/284/159
f 1293/274/159 1179/285/159 1178/286/159
f 1292/272/159 1178/286/159 1108/287/159
f 1289/268/159 1292/272/159 1184/288/159
f 1286/269/159 1289/268/159 1185/289/159
f 1295/290/170 1296/294/171 1299/291/171
f 1297/293/172 1300/299/172 1299/291/171
f 1299/291/171 1302/297/171 1301/295/170
f 1299/291/171 1300/299/172 1303/296/172
f 1163/298/163 1164/334/163 1300/299/172
f 1300/299/172 1164/334/163 1165/300/163
f 1303/296/172 1165/300/163 1102/301/163
f 1303/296/172 1147/302/172 1146/303/171
f 1301/295/170 1302/297/171 1146/303/171
f 1301/295/170 1145/304/170 1101/305/169
f 1298/292/170 1301/295/170 1166/306/169
f 1295/290/170 1298/292/170 1167/307/169
f 1304/309/165 1305/313/166 1308/310/166
f 1306/312/167 1309/317/167 1308/310/166
f 1308/310/166 1311/316/166 1310/314/165
f 1308/310/166 1309/317/167 1312/315/167
f 1168/308/169 1167/307/169 1309/317/167
f 1309/317/167 1167/307/169 1166/306/169
f 1312/315/167 1166/306/169 1101/305/169
f 1312/315/167 1156/279/167 1155/277/166
f 1310/314/165 1311/316/166 1155/277/166
f 1310/314/165 1154/275/165 1104/223/168
f 1307/311/165 1310/314/165 1159/222/168
f 1304/309/165 1307/311/165 1158/318/168
f 1313/319/160 1314/323/161 1317/320/161
f 1315/322/162 1318/328/162 1317/320/161
f 1317/320/161 1320/326/161 1319/324/160
f 1317/320/161 1318/328/162 1321/325/162
f 1162/327/164 1161/544/164 1318/328/162
f 1318/328/162 1161/544/164 1160/329/164
f 1321/325/162 1160/329/164 1103/330/164
f 1321/325/162 1150/331/162 1149/332/161
f 1319/324/160 1320/326/161 1149/332/161
f 1319/324/160 1148/333/160 1102/301/163
f 1316/321/160 1319/324/160 1165/300/163
f 1313/319/160 1316/321/160 1164/334/163
f 1322/335/165 1323/339/166 1326/336/166
f 1324/338/167 1327/341/167 1326/336/166
f 1326/336/166 1329/342/166 1328/340/165
f 1327/341/167 1330/350/167 1329/342/166
f 1106/343/168 1172/346/165 1322/335/165
f 1173/345/166 1323/339/166 1322/335/165
f 1173/345/166 1174/348/167 1324/338/167
f 1107/347/169 1193/545/169 1324/338/167
f 1324/338/167 1193/545/169 1194/349/169
f 1194/349/169 1195/546/169 1330/350/167
f 1325/337/165 1328/340/165 1196/351/168
f 1322/335/165 1325/337/165 1197/352/168
f 1332/353/159 1335/357/159 1334/354/159
f 1332/353/159 1333/362/159 1336/356/159
f 1335/357/159 1338/360/159 1337/358/159
f 1335/357/159 1336/356/159 1339/359/159
f 1148/333/159 1331/355/159 1192/361/159
f 1149/332/159 1332/353/159 1331/355/159
f 1149/332/159 1150/331/159 1333/362/159
f 1150/331/159 1103/330/159 1187/363/159
f 1333/362/159 1187/363/159 1188/364/159
f 1336/356/159 1188/364/159 1189/365/159
f 1339/359/159 1189/365/159 1107/347/159
f 1338/360/159 1339/359/159 1174/348/159
f 1338/360/159 1173/345/159 1172/346/176
f 1337/358/159 1172/346/176 1106/343/159
f 1334/354/159 1337/358/159 1190/366/159
f 1331/355/159 1334/354/159 1191/367/159
f 1341/368/159 1344/372/159 1343/369/159
f 1341/368/159 1342/377/159 1345/371/159
f 1344/372/159 1347/375/159 1346/373/159
f 1344/372/159 1345/371/159 1348/374/159
f 1151/226/159 1340/370/159 1187/376/159
f 1152/225/159 1341/368/159 1340/370/159
f 1152/225/159 1153/224/159 1342/377/159
f 1153/224/159 1104/223/159 1186/276/159
f 1342/377/159 1186/276/159 1185/289/159
f 1345/371/159 1185/289/159 1184/288/159
f 1348/374/159 1184/288/159 1108/287/159
f 1347/375/159 1348/374/159 1177/378/159
f 1347/375/159 1176/379/159 1175/380/159
f 1346/373/159 1175/380/159 1107/381/159
f 1343/369/159 1346/373/159 1189/382/159
f 1340/370/159 1343/369/159 1188/383/159
f 1350/384/159 1353/388/159 1352/385/159
f 1350/384/159 1351/392/159 1354/387/159
f 1353/388/159 1356/391/159 1355/389/159
f 1353/388/159 1354/387/159 1357/390/159
f 1145/304/159 1349/386/159 1181/280/159
f 1146/303/159 1350/384/159 1349/386/159
f 1146/303/159 1147/302/159 1351/392/159
f 1147/302/159 1102/301/159 1192/361/159
f 1351/392/159 1192/361/159 1191/367/159
f 1354/387/159 1191/367/159 1190/366/159
f 1357/390/159 1190/366/159 1106/343/159
f 1356/391/159 1357/390/159 1171/393/159
f 1356/391/159 1170/394/159 1169/395/159
f 1355/389/159 1169/395/159 1105/283/159
f 1352/385/159 1355/389/159 1183/282/159
f 1349/386/159 1352/385/159 1182/281/159
f 1358/396/159 1359/400/159 1362/397/159
f 1360/399/159 1363/533/159 1362/397/159
f 1362/397/159 1365/403/159 1364/401/159
f 1362/397/159 1363/533/159 1366/402/159
f 1367/404/170 1368/408/171 1371/405/171
f 1369/407/172 1372/410/172 1371/405/171
f 1371/405/171 1374/411/171 1373/409/170
f 1372/410/172 1375/414/172 1374/411/171
f 1107/381/169 1175/380/170 1367/404/170
f 1175/380/170 1176/379/171 1368/408/171
f 1176/379/171 1177/378/172 1369/407/172
f 1108/287/163 1199/437/163 1369/407/172
f 1369/407/172 1199/437/163 1200/413/163
f 1200/413/163 1201/439/163 1375/414/172
f 1194/415/169 1370/406/170 1373/409/170
f 1367/404/170 1370/406/170 1194/415/169
f 1376/417/173 1377/421/174 1380/418/174
f 1378/420/175 1381/423/175 1380/418/174
f 1380/418/174 1383/424/174 1382/422/173
f 1381/423/175 1384/426/175 1383/424/174
f 1105/283/164 1169/395/173 1376/417/173
f 1169/395/173 1170/394/174 1377/421/174
f 1170/394/174 1171/393/175 1378/420/175
f 1106/343/168 1198/344/168 1378/420/175
f 1378/420/175 1198/344/168 1197/352/168
f 1197/352/168 1196/351/168 1384/426/175
f 1379/419/173 1382/422/173 1202/427/164
f 1376/417/173 1379/419/173 1203/428/164
f 1385/429/160 1386/433/161 1389/430/161
f 1387/432/162 1390/435/162 1389/430/161
f 1389/430/161 1392/436/161 1391/434/160
f 1390/435/162 1393/438/162 1392/436/161
f 1108/287/163 1178/286/160 1385/429/160
f 1178/286/160 1179/285/161 1386/433/161
f 1179/285/161 1180/284/162 1387/432/162
f 1105/283/164 1204/425/164 1387/432/162
f 1387/432/162 1204/425/164 1203/428/164
f 1203/428/164 1202/427/164 1393/438/162
f 1200/413/163 1388/431/160 1391/434/160
f 1385/429/160 1388/431/160 1200/413/163
f 1247/206/175 1132/175/168 1394/440/168
f 1409/442/159 1268/245/159 1133/254/159
f 1394/440/168 1132/175/168 1223/168/165
f 1407/445/159 1395/443/159 1133/254/159
f 1413/446/159 1397/547/159 1142/447/159
f 1229/172/167 1127/184/169 1396/448/169
f 1415/450/159 1277/257/159 1142/266/159
f 1396/452/169 1127/193/169 1232/187/170
f 1121/165/164 1241/200/173 1402/454/173
f 1425/456/159 1398/458/159 1138/147/159
f 1403/457/159 1205/136/159 1138/147/159
f 1220/154/162 1121/165/164 1399/455/164
f 1419/460/159 1401/464/159 1141/242/159
f 1238/191/172 1126/157/163 1400/461/163
f 1421/463/159 1259/233/159 1141/242/159
f 1400/461/163 1126/157/163 1214/148/160
f 1405/466/159 1206/134/159 1205/136/159
f 1402/454/173 1241/200/173 1244/202/174
f 1405/466/159 1407/445/159 1207/142/159
f 1244/202/174 1247/206/175 1406/441/175
f 1411/468/159 1269/243/159 1268/245/159
f 1223/168/165 1226/167/166 1410/469/166
f 1411/468/159 1413/446/159 1270/251/159
f 1410/469/166 1226/167/166 1229/172/167
f 1417/470/159 1278/255/159 1277/257/159
f 1232/187/170 1235/186/171 1416/471/171
f 1417/470/159 1419/460/159 1279/263/159
f 1416/471/171 1235/186/171 1238/191/172
f 1423/472/159 1260/231/159 1259/233/159
f 1214/148/160 1217/150/161 1422/473/161
f 1423/472/159 1425/456/159 1261/239/159
f 1422/473/161 1217/150/161 1220/154/162
f 1426/474/169 1443/509/170 1295/290/170
f 1267/237/159 1136/145/159 1427/475/159
f 1211/139/159 1442/510/159 1427/475/159
f 1465/477/167 1426/474/169 1168/308/169
f 1447/478/172 1429/481/163 1163/298/163
f 1213/140/159 1135/144/159 1428/479/159
f 1429/481/163 1449/513/160 1313/319/160
f 1274/248/159 1448/514/159 1428/479/159
f 1453/482/162 1431/548/164 1162/327/164
f 1276/249/159 1144/253/159 1430/483/159
f 1431/485/164 1455/517/173 1250/212/173
f 1283/260/159 1454/518/159 1430/486/159
f 1285/261/159 1139/240/159 1432/487/159
f 1433/489/168 1461/521/165 1304/309/165
f 1265/236/159 1460/522/159 1432/487/159
f 1459/490/175 1433/489/168 1157/220/168
f 1382/422/173 1466/526/173 1435/491/164
f 1364/401/159 1489/538/159 1434/492/159
f 1393/438/162 1202/427/164 1435/491/164
f 1196/351/168 1436/498/168 1470/495/175
f 1437/496/159 1473/528/159 1358/396/159
f 1328/340/165 1472/529/165 1436/498/168
f 1439/499/159 1479/532/159 1360/399/159
f 1195/416/169 1373/409/170 1478/501/170
f 1330/350/167 1195/546/169 1438/503/169
f 1201/439/163 1440/508/163 1482/505/172
f 1366/402/159 1483/534/159 1441/506/159
f 1391/434/160 1484/537/160 1440/508/163
f 1443/509/170 1445/511/171 1296/294/171
f 1212/141/159 1444/512/159 1442/510/159
f 1447/478/172 1297/293/172 1296/294/171
f 1212/141/159 1213/140/159 1446/480/159
f 1449/513/160 1451/515/161 1314/323/161
f 1275/250/159 1450/516/159 1448/514/159
f 1453/482/162 1315/322/162 1314/323/161
f 1275/250/159 1276/249/159 1452/484/159
f 1455/517/173 1457/519/174 1251/216/174
f 1284/262/159 1456/520/159 1454/518/159
f 1459/490/175 1252/215/175 1251/216/174
f 1284/262/159 1285/261/159 1458/488/159
f 1461/521/165 1463/523/166 1305/313/166
f 1266/238/159 1462/524/159 1460/522/159
f 1465/477/167 1306/312/167 1305/313/166
f 1266/238/159 1267/237/159 1464/476/159
f 1361/398/159 1364/401/159 1467/493/159
f 1383/424/174 1468/527/174 1466/526/173
f 1471/497/159 1358/396/159 1361/398/159
f 1384/426/175 1470/495/175 1468/527/174
f 1473/528/159 1475/530/159 1359/400/159
f 1329/342/166 1474/531/166 1472/529/165
f 1477/500/159 1360/399/159 1359/400/159
f 1330/350/167 1476/504/167 1474/531/166
f 1479/532/159 1481/549/159 1363/533/159
f 1374/411/171 1480/535/171 1478/501/170
f 1363/533/159 1481/549/159 1483/534/159
f 1375/414/172 1482/505/172 1480/535/171
f 1365/403/159 1366/402/159 1485/507/159
f 1392/436/161 1486/539/161 1484/537/160
f 1365/403/159 1487/536/159 1489/538/159
f 1393/438/162 1488/494/162 1486/539/161
f 1402/454/177 1398/458/178 1399/455/178
f 1404/467/179 1403/457/180 1402/454/177
f 1404/467/179 1407/445/181 1405/466/179
f 1406/441/182 1395/443/183 1407/445/181
f 1408/444/184 1395/443/183 1394/440/183
f 1410/469/185 1409/442/186 1408/444/184
f 1410/469/185 1413/446/187 1411/468/185
f 1412/449/188 1397/547/189 1413/446/187
f 1414/453/190 1397/451/189 1396/452/189
f 1416/471/191 1415/450/192 1414/453/190
f 1416/471/191 1419/460/193 1417/470/191
f 1418/462/194 1401/464/195 1419/460/193
f 1420/465/196 1401/464/195 1400/461/195
f 1422/473/197 1421/463/198 1420/465/196
f 1422/473/197 1425/456/199 1423/472/197
f 1424/459/200 1398/458/178 1425/456/199
f 1442/510/190 1426/474/189 1427/475/189
f 1444/512/191 1443/509/192 1442/510/190
f 1444/512/191 1447/478/193 1445/511/191
f 1446/480/194 1429/481/201 1447/478/193
f 1448/514/196 1429/481/201 1428/479/201
f 1450/516/197 1449/513/202 1448/514/196
f 1450/516/197 1453/482/199 1451/515/197
f 1452/484/200 1431/548/203 1453/482/199
f 1454/518/177 1431/485/203 1430/486/203
f 1456/520/179 1455/517/204 1454/518/177
f 1456/520/179 1459/490/205 1457/519/179
f 1458/488/206 1433/489/183 1459/490/205
f 1460/522/184 1433/489/183 1432/487/183
f 1462/524/207 1461/521/186 1460/522/184
f 1462/524/207 1465/477/187 1463/523/207
f 1464/476/188 1426/474/189 1465/477/187
f 1435/491/208 1467/550/209 1434/492/208
f 1466/526/210 1469/551/211 1467/550/209
f 1470/495/212 1469/551/211 1468/527/213
f 1436/498/214 1471/552/215 1470/495/212
f 1436/498/214 1473/553/216 1437/554/214
f 1472/529/217 1475/555/218 1473/553/216
f 1476/504/219 1475/555/218 1474/531/218
f 1438/503/220 1477/556/221 1476/504/219
f 1438/502/220 1479/557/222 1439/558/223
f 1478/501/224 1481/559/225 1479/557/222
f 1482/505/226 1481/559/225 1480/535/225
f 1440/508/227 1483/560/228 1482/505/226
f 1440/508/227 1485/507/229 1441/506/230
f 1484/537/231 1487/536/232 1485/507/229
f 1488/494/233 1487/536/232 1486/539/232
f 1435/491/208 1489/538/234 1488/494/233
f 1402/454/177 1403/457/180 1398/458/178
f 1404/467/179 1405/466/179 1403/457/180
f 1404/467/179 1406/441/182 1407/445/181
f 1406/441/182 1394/440/183 1395/443/183
f 1408/444/184 1409/442/186 1395/443/183
f 1410/469/185 1411/468/185 1409/442/186
f 1410/469/185 1412/449/188 1413/446/187
f 1412/449/188 1396/448/189 1397/547/189
f 1414/453/190 1415/450/192 1397/451/189
f 1416/471/191 1417/470/191 1415/450/192
f 1416/471/191 1418/462/194 1419/460/193
f 1418/462/194 1400/461/195 1401/464/195
f 1420/465/196 1421/463/198 1401/464/195
f 1422/473/197 1423/472/197 1421/463/198
f 1422/473/197 1424/459/200 1425/456/199
f 1424/459/200 1399/455/178 1398/458/178
f 1442/510/190 1443/509/192 1426/474/189
f 1444/512/191 1445/511/191 1443/509/192
f 1444/512/191 1446/480/194 1447/478/193
f 1446/480/194 1428/479/201 1429/481/201
f 1448/514/196 1449/513/202 1429/481/201
f 1450/516/197 1451/515/197 1449/513/202
f 1450/516/197 1452/484/200 1453/482/199
f 1452/484/200 1430/483/203 1431/548/203
f 1454/518/177 1455/517/204 1431/485/203
f 1456/520/179 1457/519/179 1455/517/204
f 1456/520/179 1458/488/206 1459/490/205
f 1458/488/206 1432/487/183 1433/489/183
f 1460/522/184 1461/521/186 1433/489/183
f 1462/524/207 1463/523/207 1461/521/186
f 1462/524/207 1464/476/188 1465/477/187
f 1464/476/188 1427/475/189 1426/474/189
f 1435/491/208 1466/526/210 1467/550/209
f 1466/526/210 1468/527/213 1469/551/211
f 1470/495/212 1471/552/215 1469/551/211
f 1436/498/214 1437/554/214 1471/552/215
f 1436/498/214 1472/529/217 1473/553/216
f 1472/529/217 1474/531/218 1475/555/218
f 1476/504/219 1477/556/221 1475/555/218
f 1438/503/220 1439/561/223 1477/556/221
f 1438/502/220 1478/501/224 1479/557/222
f 1478/501/224 1480/535/225 1481/559/225
f 1482/505/226 1483/560/228 1481/559/225
f 1440/508/227 1441/506/230 1483/560/228
f 1440/508/227 1484/537/231 1485/507/229
f 1484/537/231 1486/539/232 1487/536/232
f 1488/494/233 1489/538/234 1487/536/232
f 1435/491/208 1434/492/208 1489/538/234
o 立方体.003
v 0.000000 3.354796 0.467665
v 0.000000 2.941916 -2.207820
v 1.607332 2.941916 -2.207820
v 0.000000 3.200279 1.288191
v 1.942283 3.071098 1.967498
v -1.607332 2.941916 -2.207820
v -1.942283 3.071098 1.967498
v 2.277233 2.109278 2.631123
v 2.263741 2.118367 2.646805
v 2.263741 2.107084 2.640113
v 2.277233 2.935991 2.631123
v 2.269404 2.946741 2.591429
v 2.270267 2.944602 2.632677
v 2.263741 2.928011 2.646805
v 0.000000 1.124687 1.412606
v 0.000000 1.119244 1.390731
v 1.607332 2.118367 2.646805
v 1.607332 2.107084 2.640113
v 1.615161 3.349971 0.455987
v 1.593027 3.354796 0.467665
v 1.619207 3.345598 0.516273
v 1.624770 3.344049 0.494480
v 1.619102 2.609450 2.632740
v 1.593840 2.601661 2.636641
v 1.607332 2.590275 2.646805
v 1.607332 1.119244 1.390731
v 1.607332 1.125703 1.414480
v 1.585298 1.124687 1.412606
v 2.269404 2.946741 0.880669
v 2.277233 2.935991 0.871264
v 2.269404 2.946741 0.847932
v 1.593927 3.187719 1.318819
v 1.619143 3.195724 1.312143
v 1.592931 3.200279 1.288191
v 0.644045 2.590312 2.646805
v 0.644045 2.602326 2.639176
v 0.630553 2.595611 2.631123
v 0.617061 1.897250 2.285057
v 0.622291 1.885882 2.278608
v 0.643515 1.887113 2.283022
v 0.630553 1.912735 2.301412
v 0.000000 1.897250 2.285057
v 0.000000 1.885882 2.278608
v 0.000000 2.819759 2.313648
v 0.000000 2.809683 2.324580
v 0.644045 2.118368 2.646805
v 0.630553 2.114127 2.631123
v 0.644045 2.107404 2.638556
v 0.626589 2.819759 2.313648
v 0.617061 2.809683 2.324580
v 0.630553 2.793438 2.339561
v 0.643242 2.812697 2.323024
v 0.000000 3.350137 -1.713037
v 0.000000 3.354796 -1.687668
v 0.000000 3.105562 -2.207820
v 0.000000 3.116838 -2.198132
v 1.593840 3.114468 -2.198191
v 1.619171 3.110637 -2.196507
v 1.607332 3.103127 -2.207820
v 1.617553 3.342391 -1.715920
v 1.593840 3.350120 -1.712978
v 1.593059 3.354796 -1.687668
v 1.615161 3.349971 -1.687668
v 2.032809 2.946143 -2.193106
v 2.043121 2.935991 -2.194104
v 2.021024 2.941916 -2.207820
v 2.270691 2.935991 -1.717065
v 2.262257 2.946944 -1.717642
v 2.269404 2.946741 -1.687668
v 2.277233 2.935991 -1.687668
v 2.162637 1.125530 1.414264
v 2.160245 1.119244 1.390731
v 2.172162 1.124558 1.396028
v 2.263741 1.215944 1.527181
v 2.271297 1.213158 1.506658
v 2.277233 1.225450 1.527547
v 0.000000 1.224697 -2.196731
v 0.000000 1.234811 -2.207820
v 0.000000 1.119244 -1.901935
v 0.000000 1.123433 -1.928705
v 1.607332 1.234811 -2.207820
v 1.607332 1.224697 -2.196731
v 1.607332 1.123433 -1.928705
v 1.607332 1.119244 -1.901935
v 1.817849 1.119244 -1.901935
v 1.820899 1.123433 -1.928705
v 1.842669 1.123046 -1.913420
v 2.007045 1.224697 -2.196731
v 2.014807 1.234811 -2.207820
v 2.036976 1.234811 -2.194190
v 2.030265 1.225086 -2.183525
v 2.271915 1.223266 -1.649317
v 2.265023 1.225097 -1.703916
v 2.270561 1.234811 -1.716980
v 2.277233 1.235831 -1.687668
v 2.176917 1.124709 -1.208926
v 2.166002 1.119244 -1.187003
v 2.166827 1.123038 -1.248029
v 1.886753 1.125660 1.414427
v 1.886753 1.119244 1.390731
v 1.940039 3.149739 0.683352
v 1.942283 3.148356 0.651960
v 1.939074 3.145088 -1.716804
v 1.942283 3.148356 -1.687668
v 1.825082 3.029016 -2.194758
v 1.814396 3.022110 -2.207820
v -2.277233 2.109278 2.631123
v -2.263741 2.107084 2.640113
v -2.263741 2.118367 2.646805
v -2.277233 2.935991 2.631123
v -2.263741 2.928011 2.646805
v -2.270267 2.944602 2.632677
v -2.269404 2.946741 2.591429
v -1.607332 2.107084 2.640113
v -1.607332 2.118367 2.646805
v -1.615161 3.349971 0.455987
v -1.624770 3.344049 0.494480
v -1.619207 3.345598 0.516273
v -1.593027 3.354796 0.467665
v -1.619102 2.609450 2.632740
v -1.607332 2.590275 2.646805
v -1.593840 2.601661 2.636641
v -1.585298 1.124687 1.412606
v -1.607332 1.125703 1.414480
v -1.607332 1.119244 1.390731
v -2.269404 2.946741 0.880669
v -2.269404 2.946741 0.847932
v -2.277233 2.935991 0.871264
v -1.592931 3.200279 1.288191
v -1.619143 3.195724 1.312143
v -1.593927 3.187719 1.318819
v -0.644045 2.590312 2.646805
v -0.630553 2.595611 2.631123
v -0.644045 2.602326 2.639176
v -0.617061 1.897250 2.285057
v -0.630553 1.912735 2.301412
v -0.643515 1.887113 2.283022
v -0.622291 1.885882 2.278608
v -0.644045 2.118368 2.646805
v -0.644045 2.107404 2.638556
v -0.630553 2.114127 2.631123
v -0.626589 2.819759 2.313648
v -0.643242 2.812697 2.323024
v -0.630553 2.793438 2.339561
v -0.617061 2.809683 2.324580
v -1.593840 3.114468 -2.198191
v -1.607332 3.103127 -2.207820
v -1.619171 3.110637 -2.196507
v -1.617553 3.342391 -1.715920
v -1.615161 3.349971 -1.687668
v -1.593059 3.354796 -1.687668
v -1.593840 3.350120 -1.712978
v -2.032809 2.946143 -2.193106
v -2.021024 2.941916 -2.207820
v -2.043121 2.935991 -2.194104
v -2.270691 2.935991 -1.717065
v -2.277233 2.935991 -1.687668
v -2.269404 2.946741 -1.687668
v -2.262257 2.946944 -1.717642
v -2.172162 1.124558 1.396028
v -2.160245 1.119244 1.390731
v -2.162637 1.125530 1.414264
v -2.263741 1.215944 1.527181
v -2.277233 1.225450 1.527547
v -2.271297 1.213158 1.506658
v -1.607332 1.224697 -2.196731
v -1.607332 1.234811 -2.207820
v -1.607332 1.119244 -1.901935
v -1.607332 1.123433 -1.928705
v -1.817849 1.119244 -1.901935
v -1.842669 1.123046 -1.913420
v -1.820899 1.123433 -1.928705
v -2.007045 1.224697 -2.196731
v -2.030265 1.225086 -2.183525
v -2.036976 1.234811 -2.194190
v -2.014807 1.234811 -2.207820
v -2.271915 1.223266 -1.649317
v -2.277233 1.235831 -1.687668
v -2.270561 1.234811 -1.716980
v -2.265023 1.225097 -1.703916
v -2.176917 1.124709 -1.208926
v -2.166827 1.123038 -1.248029
v -2.166002 1.119244 -1.187003
v -1.886753 1.119244 1.390731
v -1.886753 1.125660 1.414427
v -1.942283 3.148356 0.651960
v -1.940039 3.149739 0.683352
v -1.942283 3.148356 -1.687668
v -1.939074 3.145088 -1.716804
v -1.814396 3.022110 -2.207820
v -1.825082 3.029016 -2.194758
vn 1.0000 -0.0000 -0.0000
vn -0.0000 -0.0000 1.0000
vn -0.0000 -0.7806 0.6250
vn -0.2810 -0.9597 -0.0000
vn 0.0023 0.9827 0.1851
vn 0.0037 0.9827 0.1851
vn 0.0028 0.9827 0.1851
vn -0.4256 0.8271 0.3672
vn -0.0000 -1.0000 -0.0000
vn -0.0000 -0.7511 0.6602
vn -0.0533 -0.7795 0.6241
vn -0.0000 1.0000 -0.0000
vn -0.0000 0.9827 0.1851
vn 0.0002 0.9827 0.1853
vn 0.0013 0.9827 0.1851
vn 0.5247 0.8513 -0.0000
vn 0.0021 0.8325 0.5540
vn -0.0000 0.9375 0.3479
vn -1.0000 -0.0000 -0.0000
vn -0.0000 -0.0433 0.9991
vn -0.0000 0.8998 -0.4363
vn -0.0003 0.9008 -0.4342
vn -0.0000 0.9012 -0.4334
vn 0.0003 0.9008 -0.4342
vn -0.0000 -0.0000 -1.0000
vn 0.4833 0.7892 -0.3790
vn 0.9016 -0.0008 -0.4326
vn 0.8992 -0.0025 -0.4376
vn 0.9026 -0.0001 -0.4306
vn 0.3547 0.8856 -0.2997
vn 0.3556 0.8853 -0.2998
vn 0.3546 0.8857 -0.2997
vn 0.6657 -0.7463 0.0012
vn -0.0000 -0.9355 -0.3534
vn 0.3004 -0.9425 -0.1464
vn 0.3006 -0.9424 -0.1470
vn 0.3003 -0.9425 -0.1463
vn -0.5247 0.8513 -0.0000
vn -0.0037 0.9827 0.1851
vn -0.0023 0.9827 0.1851
vn -0.0027 0.9827 0.1851
vn 0.4256 0.8271 0.3672
vn 0.0533 -0.7795 0.6241
vn -0.0000 0.7811 -0.6244
vn -0.0002 0.9827 0.1853
vn -0.0013 0.9827 0.1851
vn -0.0686 0.9116 0.4054
vn -0.4833 0.7892 -0.3790
vn -0.8992 -0.0025 -0.4376
vn -0.9016 -0.0008 -0.4326
vn -0.9026 -0.0001 -0.4306
vn -0.5062 0.8267 -0.2457
vn -0.6657 -0.7463 0.0012
vn -0.3006 -0.9424 -0.1470
vn -0.3004 -0.9425 -0.1464
vn -0.3003 -0.9425 -0.1463
vn -0.7580 0.0001 -0.6522
vn -0.7580 -0.0000 -0.6522
vn -0.0011 -0.8501 0.5267
vn 0.0686 0.9116 0.4054
vn -0.0013 0.8995 -0.4369
vn 0.0013 0.8995 -0.4369
vn 0.3538 0.8861 -0.2996
vn 0.8982 -0.0032 -0.4396
vn 0.5062 0.8267 -0.2457
vn 0.7153 -0.6988 -0.0021
vn 0.3007 -0.9423 -0.1472
vn 0.2810 -0.9597 -0.0000
vn 0.5739 0.6534 -0.4937
vn 0.5739 0.6533 -0.4937
vn 0.0011 -0.8501 0.5267
vn -0.0021 0.8325 0.5540
vn -0.3538 0.8861 -0.2996
vn -0.3546 0.8857 -0.2997
vn -0.3547 0.8856 -0.2997
vn -0.8982 -0.0032 -0.4396
vn -0.3556 0.8853 -0.2998
vn -0.7153 -0.6988 -0.0021
vn -0.3007 -0.9423 -0.1472
vn 0.5485 -0.4265 0.7192
vn 0.6068 0.3633 0.7070
vn 0.2546 0.9633 0.0846
vn -0.0693 0.6174 0.7836
vn 0.0222 -0.9647 0.2624
vn 0.8084 0.5887 -0.0000
vn -0.1878 0.9066 0.3779
vn -0.6104 0.4246 0.6687
vn -0.1847 -0.6330 0.7518
vn -0.5948 -0.4833 0.6424
vn -0.0480 0.7550 0.6540
vn 0.1554 0.7403 -0.6541
vn 0.2762 0.9339 -0.2272
vn 0.5320 0.5992 -0.5982
vn 0.7956 0.5794 -0.1771
vn 0.3166 -0.9240 0.2146
vn 0.5428 -0.7821 0.3060
vn 0.0841 -0.9859 -0.1447
vn 0.3065 -0.8003 -0.5154
vn 0.7381 -0.6648 -0.1155
vn 0.3598 -0.9315 -0.0530
vn -0.5485 -0.4265 0.7192
vn -0.7788 0.6271 0.0162
vn -0.2546 0.9633 0.0846
vn 0.0693 0.6174 0.7836
vn -0.0222 -0.9647 0.2624
vn -0.8084 0.5887 -0.0000
vn 0.1878 0.9066 0.3779
vn 0.6104 0.4246 0.6687
vn 0.1418 -0.5370 0.8316
vn 0.5948 -0.4833 0.6424
vn 0.0480 0.7550 0.6540
vn -0.1554 0.7403 -0.6541
vn -0.2762 0.9339 -0.2272
vn -0.5320 0.5992 -0.5982
vn -0.7836 0.5937 -0.1828
vn -0.3166 -0.9240 0.2146
vn -0.5428 -0.7821 0.3060
vn -0.0841 -0.9859 -0.1447
vn -0.3065 -0.8003 -0.5154
vn -0.7381 -0.6648 -0.1155
vn -0.3598 -0.9315 -0.0530
vn 0.7581 -0.0000 0.6522
vn -0.0000 -0.5101 0.8601
vn -0.0001 -0.5101 0.8601
vn -0.0008 -0.5101 0.8601
vn 0.1235 0.8856 0.4477
vn -0.0000 -0.9704 0.2414
vn -0.0000 -0.9704 0.2415
vn -0.3517 0.6835 0.6396
vn -0.3520 0.6841 0.6388
vn -0.3516 0.6832 0.6400
vn -0.1797 0.8991 0.3991
vn 0.8083 0.5887 -0.0000
vn -0.0000 -0.4934 0.8698
vn -0.7581 -0.0000 0.6522
vn -0.7580 -0.0000 0.6522
vn -0.6812 -0.6219 0.3863
vn -0.4748 0.7322 0.4884
vn -0.0000 0.7353 0.6777
vn 0.0026 0.5361 0.8442
vn -0.0016 -0.5101 0.8601
vn -0.0198 -0.7626 0.6466
vn -0.7578 -0.0282 0.6519
vn 0.4198 0.9066 0.0427
vn 0.6502 0.6914 -0.3149
vn 0.1629 0.8889 -0.4281
vn 0.5165 0.8428 -0.1514
vn 0.5164 0.8429 -0.1514
vn 0.2859 0.7306 -0.6201
vn 0.2870 0.7298 -0.6205
vn 0.2930 0.7252 -0.6230
vn -0.0000 0.9835 -0.1809
vn -0.0000 0.9834 -0.1813
vn -0.0000 0.9836 -0.1806
vn -0.0000 0.6489 -0.7609
vn 0.0009 0.6506 -0.7594
vn 0.0010 0.6479 -0.7617
vn 0.2130 0.9771 -0.0000
vn 0.2133 0.9770 -0.0000
vn 0.4476 -0.8495 0.2793
vn 0.4473 -0.8495 0.2797
vn 0.4477 -0.8495 0.2791
vn -0.0000 -0.9880 -0.1546
vn -0.0000 -0.7388 -0.6739
vn 0.4873 -0.8686 -0.0893
vn 0.4858 -0.8694 -0.0900
vn 0.4847 -0.8700 -0.0904
vn 0.1235 -0.9905 -0.0601
vn 0.1237 -0.9905 -0.0602
vn 0.1231 -0.9906 -0.0599
vn 0.1589 -0.9550 -0.2506
vn 0.1589 -0.9550 -0.2505
vn 0.6034 -0.7407 -0.2954
vn 0.6036 -0.7405 -0.2954
vn 0.4069 -0.9135 0.0009
vn 0.9195 -0.3930 -0.0013
vn -0.0001 -0.9651 0.2619
vn -0.0000 -0.9651 0.2617
vn -0.0000 -0.9652 0.2614
vn 0.9754 -0.0001 -0.2206
vn 0.9758 -0.0000 -0.2186
vn 0.9751 -0.0001 -0.2219
vn 0.5247 -0.0018 -0.8513
vn 0.5261 -0.0019 -0.8504
vn 0.5270 -0.0019 -0.8499
vn 0.4725 -0.6879 0.5509
vn 0.4754 -0.6867 0.5500
vn 0.4775 -0.6858 0.5492
vn -0.0003 -0.9661 0.2581
vn 0.5160 0.8372 -0.1810
vn 0.3160 0.8142 -0.4870
vn 0.0001 -0.5101 0.8601
vn 0.0008 -0.5101 0.8601
vn -0.1235 0.8856 0.4477
vn 0.3520 0.6841 0.6389
vn 0.3517 0.6835 0.6396
vn 0.3516 0.6832 0.6400
vn 0.1797 0.8991 0.3991
vn 0.7580 -0.0000 0.6522
vn 0.6812 -0.6219 0.3863
vn 0.4748 0.7322 0.4884
vn -0.0026 0.5361 0.8442
vn 0.0016 -0.5101 0.8601
vn 0.0198 -0.7626 0.6466
vn 0.7578 -0.0282 0.6519
vn -0.4198 0.9066 0.0427
vn -0.6502 0.6914 -0.3149
vn -0.1629 0.8889 -0.4281
vn -0.5164 0.8429 -0.1514
vn -0.5165 0.8428 -0.1514
vn -0.2870 0.7298 -0.6205
vn -0.2859 0.7306 -0.6201
vn -0.2930 0.7253 -0.6230
vn -0.0000 0.9835 -0.1810
vn -0.0009 0.6506 -0.7594
vn -0.0010 0.6479 -0.7617
vn -0.2133 0.9770 -0.0000
vn -0.2130 0.9771 -0.0000
vn -0.4473 -0.8495 0.2797
vn -0.4476 -0.8495 0.2792
vn -0.4477 -0.8495 0.2791
vn -0.4857 -0.8695 -0.0900
vn -0.4874 -0.8686 -0.0893
vn -0.4847 -0.8700 -0.0904
vn -0.1237 -0.9905 -0.0602
vn -0.1235 -0.9905 -0.0601
vn -0.1231 -0.9906 -0.0599
vn -0.1589 -0.9550 -0.2505
vn -0.1586 -0.9550 -0.2506
vn -0.6034 -0.7408 -0.2953
vn -0.6035 -0.7406 -0.2954
vn -0.6036 -0.7405 -0.2954
vn -0.4069 -0.9135 0.0009
vn -0.9195 -0.3930 -0.0013
vn 0.0002 -0.9658 0.2595
vn -0.9758 -0.0000 -0.2186
vn -0.9754 -0.0001 -0.2206
vn -0.9751 -0.0001 -0.2219
vn -0.5260 -0.0018 -0.8505
vn -0.5247 -0.0018 -0.8513
vn -0.5270 -0.0019 -0.8499
vn -0.4754 -0.6867 0.5500
vn -0.4725 -0.6879 0.5509
vn -0.4775 -0.6858 0.5492
vn 0.0001 -0.9655 0.2604
vn 0.0003 -0.9661 0.2581
vn -0.5160 0.8372 -0.1810
vn -0.3160 0.8142 -0.4870
vn 0.7788 0.6271 0.0162
vn 0.3116 0.9502 0.0120
vn -0.1418 -0.5370 0.8316
vn -0.0319 0.6631 0.7478
vn 0.2101 0.9625 -0.1713
vn 0.7836 0.5937 -0.1828
vn 0.3200 -0.7916 -0.5205
vn 0.7581 -0.6345 -0.1505
vn -0.6068 0.3633 0.7070
vn -0.3116 0.9502 0.0120
vn 0.1847 -0.6330 0.7518
vn 0.0319 0.6631 0.7478
vn -0.2101 0.9625 -0.1713
vn -0.7956 0.5794 -0.1771
vn -0.3200 -0.7916 -0.5205
vn -0.7581 -0.6345 -0.1505
vn 0.0370 0.9250 0.3781
vn -0.3522 0.6844 0.6384
vn -0.2139 0.8926 0.3969
vn -0.5802 -0.6950 0.4245
vn -0.5984 0.6630 0.4498
vn -0.0000 0.6660 0.7460
vn -0.0000 -0.6012 0.7991
vn -0.0802 -0.7912 0.6063
vn 0.4324 0.9009 0.0377
vn 0.7490 0.5580 -0.3573
vn 0.2324 0.8749 -0.4249
vn 0.5210 0.8453 -0.1185
vn 0.2647 0.6525 -0.7101
vn -0.0000 0.9834 -0.1817
vn -0.0000 0.6517 -0.7585
vn 0.4471 -0.8496 0.2799
vn 0.4884 -0.8681 -0.0889
vn 0.1238 -0.9905 -0.0603
vn 0.1586 -0.9550 -0.2507
vn 0.6032 -0.7409 -0.2952
vn 0.4490 -0.8936 0.0008
vn 0.9013 -0.4332 -0.0012
vn -0.0001 -0.9650 0.2624
vn 0.9761 -0.0000 -0.2172
vn 0.5237 -0.0018 -0.8519
vn 0.4704 -0.6888 0.5516
vn 0.5167 0.8427 -0.1514
vn 0.2940 0.7244 -0.6235
vn -0.0370 0.9250 0.3781
vn 0.3521 0.6844 0.6384
vn 0.2139 0.8926 0.3969
vn 0.5802 -0.6950 0.4245
vn 0.5984 0.6630 0.4498
vn -0.0000 0.6659 0.7460
vn 0.0802 -0.7912 0.6063
vn -0.4324 0.9009 0.0377
vn -0.7490 0.5580 -0.3573
vn -0.2324 0.8749 -0.4249
vn -0.5210 0.8453 -0.1185
vn -0.2647 0.6525 -0.7101
vn -0.4471 -0.8496 0.2799
vn -0.4884 -0.8681 -0.0889
vn -0.1238 -0.9905 -0.0603
vn -0.1586 -0.9550 -0.2507
vn -0.6032 -0.7409 -0.2952
vn -0.4490 -0.8936 0.0008
vn -0.9013 -0.4332 -0.0012
vn 0.0001 -0.9650 0.2624
vn -0.9761 -0.0000 -0.2172
vn -0.5237 -0.0018 -0.8519
vn -0.4704 -0.6888 0.5516
vn -0.5167 0.8427 -0.1514
vn -0.2940 0.7245 -0.6235
vt 0.697203 0.525024
vt 0.724364 0.615287
vt 0.697124 0.615038
vt 0.732445 0.897902
vt 0.745387 0.808868
vt 0.745388 0.897540
vt 0.733416 0.940921
vt 0.745453 0.898881
vt 0.745387 0.940950
vt 0.802941 0.716965
vt 0.776908 0.736876
vt 0.777659 0.717326
vt 0.804014 0.741677
vt 0.777094 0.750696
vt 0.776858 0.741514
vt 0.804014 0.750696
vt 0.776874 0.759265
vt 0.804014 0.503892
vt 0.833810 0.466064
vt 0.833810 0.503892
vt 0.833810 0.946518
vt 0.804612 0.898993
vt 0.833810 0.898993
vt 0.804311 0.946518
vt 0.776307 0.897985
vt 0.803836 0.946858
vt 0.776522 0.989155
vt 0.776670 0.946858
vt 0.803705 0.899297
vt 0.833810 0.674547
vt 0.804213 0.716805
vt 0.804279 0.674547
vt 0.833810 0.716805
vt 0.804214 0.759439
vt 0.803372 0.716494
vt 0.776522 0.674521
vt 0.803372 0.674540
vt 0.776785 0.760036
vt 0.803384 0.806941
vt 0.777071 0.806913
vt 0.803959 0.466106
vt 0.776987 0.423760
vt 0.802671 0.425657
vt 0.776800 0.465884
vt 0.724554 0.636051
vt 0.751685 0.616078
vt 0.751675 0.636051
vt 0.751719 0.524895
vt 0.724364 0.524895
vt 0.833810 0.759371
vt 0.804520 0.807056
vt 0.802714 0.808769
vt 0.777740 0.897241
vt 0.777565 0.808653
vt 0.804652 0.808160
vt 0.833810 0.898070
vt 0.804652 0.898070
vt 0.804281 0.759371
vt 0.833810 0.636784
vt 0.804264 0.673510
vt 0.833810 0.673506
vt 0.833810 0.615600
vt 0.804014 0.635241
vt 0.804014 0.615600
vt 0.833810 0.635256
vt 0.776522 0.673221
vt 0.802729 0.636956
vt 0.803151 0.673283
vt 0.778564 0.634438
vt 0.777519 0.615600
vt 0.752523 0.524838
vt 0.775851 0.615285
vt 0.752527 0.615285
vt 0.777528 0.524759
vt 0.804014 0.524838
vt 0.752514 0.636051
vt 0.775826 0.616464
vt 0.776202 0.636545
vt 0.775858 0.465474
vt 0.764019 0.423550
vt 0.775993 0.423550
vt 0.804014 0.523742
vt 0.833810 0.504854
vt 0.804014 0.504854
vt 0.833810 0.524838
vt 0.777501 0.504463
vt 0.777584 0.523742
vt 0.776178 0.503289
vt 0.763770 0.467033
vt 0.776065 0.466856
vt 0.732445 0.898153
vt 0.803122 0.717018
vt 0.803544 0.737011
vt 0.776828 0.759212
vt 0.776307 0.898430
vt 0.802252 0.986971
vt 0.803418 0.716572
vt 0.803671 0.760033
vt 0.803985 0.466136
vt 0.776871 0.423713
vt 0.777920 0.503578
vt 0.751694 0.615286
vt 0.777480 0.897594
vt 0.777828 0.809032
vt 0.778563 0.634438
vt 0.752549 0.616143
vt 0.777529 0.524838
vt 0.775857 0.465474
vt 0.775816 0.423571
vt 0.777194 0.504463
vt 0.763699 0.466746
vt 0.776064 0.503210
vt 0.732445 0.808362
vt 0.732463 0.898901
vt 0.803906 0.759167
vt 0.776307 0.807886
vt 0.802252 0.986972
vt 0.777060 0.899152
vt 0.776522 0.716609
vt 0.778386 0.503530
vt 0.724542 0.616078
vt 0.833810 0.807056
vt 0.802790 0.897487
vt 0.833810 0.808160
vt 0.804264 0.636780
vt 0.776077 0.524733
vt 0.764120 0.465592
vt 0.833810 0.523742
vt 0.763771 0.503040
vt 0.732462 0.898901
vt 0.804014 0.759065
vt 0.777031 0.899318
vt 0.776307 0.808373
vt 0.777097 0.807079
vt 0.775855 0.524838
vt 0.763979 0.465495
vt 0.696872 0.525174
vt 0.697037 0.524523
vt 0.803772 0.737256
vt 0.804014 0.737116
vt 0.804014 0.737256
vt 0.776522 0.759371
vt 0.804014 0.465884
vt 0.804218 0.465884
vt 0.776557 0.737256
vt 0.776522 0.736641
vt 0.776544 0.423318
vt 0.763852 0.423318
vt 0.763313 0.423356
vt 0.776522 0.523610
vt 0.763359 0.465782
vt 0.732179 0.898885
vt 0.697090 0.615600
vt 0.697728 0.615600
vt 0.745017 0.807576
vt 0.745387 0.807576
vt 0.804423 0.465884
vt 0.804014 0.741348
vt 0.804014 0.741682
vt 0.776218 0.423318
vt 0.732179 0.940964
vt 0.733155 0.941220
vt 0.763313 0.504073
vt 0.764068 0.504073
vt 0.763313 0.465680
vt 0.696872 0.614073
vt 0.732179 0.807576
vt 0.776522 0.741348
vt 0.776522 0.946858
vt 0.803217 0.717029
vt 0.763313 0.466916
vt 0.763313 0.503040
vt 0.804014 0.423318
vt 0.732179 0.898886
vt 0.804014 0.717253
vt 0.763313 0.466400
vt 0.833810 0.465884
s 1
usemtl マテリアル
f 1497/562/235 1519/563/235 1500/564/235
f 1498/565/236 1514/566/236 1506/567/236
f 1563/568/237 1507/569/237 1560/570/237
f 1511/571/238 1518/572/238 1590/573/238
f 1522/574/239 1502/575/240 1510/576/241
f 1494/577/242 1512/578/242 1502/575/242
f 1573/579/243 1505/580/243 1568/581/243
f 1505/580/243 1657/579/243 1568/581/243
f 1504/582/244 1528/583/244 1532/584/244
f 1504/582/244 1627/583/244 1612/585/244
f 1514/566/236 1535/586/236 1506/567/236
f 1516/587/237 1560/588/237 1507/589/237
f 1507/589/245 1529/590/245 1516/587/245
f 1543/591/246 1509/592/246 1551/593/246
f 1490/594/247 1523/595/248 1509/592/249
f 1508/596/250 1593/597/250 1552/598/250
f 1513/599/251 1541/600/251 1525/601/251
s 0
f 1515/602/246 1561/603/246 1589/604/246
s 1
f 1573/579/243 1586/605/243 1515/602/243
f 1591/606/250 1558/607/250 1593/608/250
f 1584/609/235 1519/563/235 1565/610/235
f 1493/611/252 1538/612/252 1523/595/252
f 1540/613/253 1536/614/253 1526/615/253
f 1539/616/254 1531/617/254 1527/618/254
f 1531/617/254 1634/616/254 1624/618/254
f 1631/612/252 1493/611/252 1618/619/252
f 1545/620/255 1641/621/256 1542/622/257
f 1550/621/258 1545/620/255 1542/622/257
f 1608/592/246 1543/591/246 1640/593/246
f 1491/623/259 1548/624/259 1492/625/259
f 1491/623/259 1636/624/259 1544/626/259
f 1592/627/260 1547/628/260 1549/629/260
f 1492/625/259 1595/630/259 1555/631/259
f 1583/632/261 1554/633/262 1556/634/263
f 1492/625/259 1578/635/259 1570/636/259
f 1592/637/264 1553/638/265 1594/639/266
f 1585/640/267 1564/641/267 1562/642/267
f 1655/643/268 1569/644/268 1658/645/268
f 1569/644/268 1571/643/268 1572/645/268
f 1491/623/259 1570/636/259 1567/646/259
f 1656/636/259 1491/623/259 1567/646/259
f 1575/647/268 1571/643/268 1577/648/268
f 1576/649/269 1582/650/270 1587/651/271
f 1596/562/253 1617/563/253 1653/610/253
f 1610/566/236 1598/652/236 1604/567/236
f 1603/569/237 1652/568/237 1651/570/237
f 1606/653/272 1615/572/272 1602/654/272
f 1601/575/273 1619/574/274 1607/576/275
f 1609/655/276 1496/577/276 1601/575/276
f 1626/590/277 1603/589/277 1613/587/277
f 1628/656/236 1610/566/236 1604/567/236
f 1613/587/278 1651/588/278 1674/657/278
f 1618/619/279 1490/594/247 1608/592/280
f 1677/597/272 1605/658/272 1639/598/272
f 1611/599/281 1632/600/281 1620/659/281
f 1614/660/243 1650/661/243 1672/605/243
f 1657/579/243 1672/605/243 1659/662/243
f 1647/607/272 1675/606/272 1677/608/272
f 1667/609/253 1617/563/253 1646/663/253
f 1630/664/235 1633/613/235 1622/665/235
f 1637/628/282 1678/627/282 1638/629/282
f 1679/666/259 1495/625/259 1643/631/259
f 1644/633/283 1668/632/284 1645/634/285
f 1678/637/286 1642/638/286 1648/667/286
f 1665/668/259 1495/625/259 1656/636/259
f 1654/641/287 1670/669/287 1649/670/287
f 1661/671/268 1655/643/268 1658/645/268
f 1669/672/288 1660/673/289 1671/651/290
f 1497/562/235 1565/610/235 1519/563/235
f 1498/565/236 1503/674/236 1514/566/236
f 1563/568/237 1499/675/237 1507/569/237
f 1511/571/250 1501/654/250 1518/572/250
f 1522/574/291 1494/577/291 1502/575/292
f 1494/577/242 1522/676/242 1512/578/242
f 1573/579/243 1515/602/243 1505/580/243
f 1505/580/243 1614/660/243 1657/579/243
f 1504/582/244 1517/585/244 1528/583/244
f 1504/582/244 1532/584/244 1627/583/244
f 1514/566/236 1524/677/236 1535/586/236
f 1516/587/278 1588/678/278 1560/588/278
f 1507/589/293 1537/679/293 1529/590/293
f 1543/591/246 1490/594/246 1509/592/246
f 1490/594/247 1493/611/247 1523/595/248
f 1508/596/250 1591/680/250 1593/597/250
f 1513/599/294 1521/659/294 1541/600/294
f 1515/602/243 1586/605/243 1561/603/243
f 1573/579/243 1574/681/243 1586/605/243
f 1591/606/250 1520/682/250 1558/607/250
f 1584/609/235 1559/663/235 1519/563/235
f 1493/611/252 1533/683/252 1538/612/252
f 1540/613/253 1530/684/253 1536/614/253
f 1539/616/254 1534/685/254 1531/617/254
f 1531/617/254 1534/685/254 1634/616/254
f 1631/612/252 1533/683/252 1493/611/252
f 1545/620/255 1635/686/295 1641/621/256
f 1550/621/258 1546/686/296 1545/620/255
f 1608/592/246 1490/594/246 1543/591/246
f 1491/623/259 1544/626/259 1548/624/259
f 1491/623/259 1495/625/259 1636/624/259
f 1592/627/264 1594/639/266 1547/628/297
f 1492/625/259 1548/624/259 1595/630/259
f 1583/632/261 1579/687/298 1554/633/262
f 1492/625/259 1555/631/259 1578/635/259
f 1592/637/299 1557/667/299 1553/638/299
f 1585/640/300 1581/688/300 1564/641/300
f 1655/643/268 1566/689/268 1569/644/268
f 1569/644/268 1566/689/268 1571/643/268
f 1491/623/259 1492/625/259 1570/636/259
f 1656/636/259 1495/625/259 1491/623/259
f 1575/647/268 1572/645/268 1571/643/268
f 1576/649/269 1580/690/301 1582/650/270
f 1596/562/253 1599/564/253 1617/563/253
f 1610/566/236 1600/674/236 1598/652/236
f 1603/569/237 1597/691/237 1652/568/237
f 1606/653/302 1676/573/302 1615/572/302
f 1601/575/303 1496/577/304 1619/574/303
f 1609/655/276 1619/692/276 1496/577/276
f 1626/590/305 1629/693/305 1603/589/305
f 1628/656/236 1621/694/236 1610/566/236
f 1613/587/237 1603/589/237 1651/588/237
f 1618/619/279 1493/611/247 1490/594/247
f 1677/597/272 1675/680/272 1605/658/272
f 1611/599/306 1623/695/306 1632/600/306
s 0
f 1614/660/246 1673/604/246 1650/661/246
s 1
f 1657/579/243 1614/660/243 1672/605/243
f 1647/607/272 1616/682/272 1675/606/272
f 1667/609/253 1653/610/253 1617/563/253
f 1630/664/235 1625/684/235 1633/613/235
f 1637/628/307 1680/639/308 1678/627/309
f 1679/666/259 1636/624/259 1495/625/259
f 1644/633/283 1664/696/310 1668/632/284
f 1678/637/309 1680/639/308 1642/638/311
f 1665/668/259 1643/631/259 1495/625/259
f 1654/641/312 1666/697/312 1670/669/312
f 1661/671/268 1662/648/268 1655/643/268
f 1669/672/288 1663/690/313 1660/673/289
f 1497/562/314 1498/698/314 1499/699/314
f 1500/700/315 1502/701/315 1503/702/315
f 1509/592/316 1511/571/316 1508/596/316
f 1512/578/317 1513/599/317 1514/703/317
f 1515/602/318 1516/704/318 1517/705/318
f 1518/572/319 1519/706/319 1520/707/319
f 1521/659/320 1522/676/320 1523/595/320
f 1524/677/321 1525/601/321 1526/615/321
f 1527/618/322 1529/590/322 1530/684/322
f 1535/586/323 1536/614/323 1537/679/323
f 1539/616/324 1541/600/324 1538/612/324
f 1546/686/325 1547/628/325 1548/624/325
f 1550/621/326 1552/598/326 1549/629/326
f 1553/638/327 1554/633/327 1555/631/327
f 1556/634/328 1558/607/328 1559/663/328
f 1560/708/329 1561/603/329 1562/642/329
f 1563/709/330 1564/641/330 1565/710/330
f 1574/681/331 1575/647/331 1576/649/331
f 1578/635/332 1580/711/332 1577/648/332
f 1582/650/333 1584/712/333 1581/688/333
f 1585/640/334 1586/605/334 1587/651/334
f 1596/713/335 1597/691/335 1598/652/335
f 1599/564/336 1601/714/336 1602/715/336
f 1606/653/337 1608/592/337 1605/658/337
f 1609/716/338 1610/566/338 1611/717/338
f 1612/718/339 1613/704/339 1614/660/339
f 1615/572/340 1616/707/340 1617/706/340
f 1618/719/341 1619/574/341 1620/720/341
f 1621/694/342 1622/665/342 1623/695/342
f 1624/618/343 1626/590/343 1627/583/343
f 1628/656/344 1629/693/344 1630/664/344
f 1632/600/345 1634/616/345 1631/612/345
f 1635/686/346 1636/624/346 1637/628/346
f 1639/598/347 1641/621/347 1638/629/347
f 1642/638/348 1643/631/348 1644/633/348
f 1645/634/349 1647/607/349 1648/667/349
f 1649/670/350 1650/661/350 1651/721/350
f 1652/568/351 1653/722/351 1654/723/351
f 1659/662/352 1660/673/352 1661/671/352
f 1663/690/353 1665/724/353 1662/725/353
f 1667/726/354 1669/672/354 1666/697/354
f 1670/669/355 1671/651/355 1672/605/355
f 1498/698/356 1500/564/356 1503/727/356
f 1499/675/357 1506/567/358 1507/569/359
f 1521/659/360 1538/612/360 1541/600/360
f 1517/705/361 1505/580/362 1515/602/361
f 1512/716/363 1503/674/364 1502/728/365
f 1521/659/366 1512/578/366 1522/676/366
f 1591/680/250 1511/571/250 1590/573/250
f 1519/706/319 1501/654/367 1500/700/367
f 1523/719/248 1510/576/241 1509/729/249
f 1527/618/368 1532/584/368 1528/583/368
f 1524/677/369 1536/614/370 1535/586/370
f 1537/679/371 1530/684/371 1529/590/371
f 1540/613/372 1525/601/372 1541/600/372
f 1539/616/373 1533/683/373 1534/685/373
f 1524/677/374 1513/599/374 1525/601/374
f 1506/730/358 1537/679/375 1507/589/359
f 1529/590/376 1517/585/376 1516/587/376
f 1540/613/377 1527/618/377 1530/684/377
f 1510/731/378 1501/654/378 1511/571/378
f 1557/667/379 1554/633/379 1553/638/379
f 1546/686/380 1549/629/380 1547/628/380
f 1593/608/381 1557/667/382 1592/637/381
f 1548/624/383 1594/639/384 1595/630/385
f 1551/593/386 1542/622/387 1543/591/388
f 1544/626/389 1546/686/390 1548/624/391
f 1520/682/319 1559/663/319 1558/607/319
f 1508/596/392 1551/593/393 1509/592/392
f 1564/641/394 1560/708/395 1562/642/396
f 1568/581/397 1572/645/397 1573/579/397
f 1570/636/398 1566/689/398 1567/646/398
f 1581/688/399 1587/651/400 1582/650/401
f 1574/681/402 1587/651/403 1586/605/404
f 1577/725/405 1576/649/406 1575/647/406
f 1583/732/407 1580/690/408 1579/733/408
f 1574/681/397 1572/645/397 1575/647/397
f 1570/636/398 1577/648/398 1571/643/398
f 1586/605/409 1562/642/409 1561/603/409
f 1565/710/410 1581/688/410 1584/712/410
f 1588/734/411 1515/602/412 1589/604/413
f 1556/634/414 1584/609/415 1583/632/416
f 1554/633/417 1578/635/418 1555/631/419
f 1499/675/420 1565/722/421 1497/735/422
f 1588/734/423 1561/603/423 1560/708/423
f 1520/707/250 1590/573/250 1518/572/250
f 1593/597/424 1549/629/424 1552/598/424
f 1595/630/425 1553/638/425 1555/631/425
f 1599/564/369 1598/698/369 1600/727/369
f 1598/652/357 1603/569/426 1604/567/427
f 1631/612/428 1620/659/428 1632/600/428
f 1505/580/362 1612/718/362 1614/660/362
f 1600/674/429 1609/716/430 1601/728/431
f 1609/655/432 1620/659/432 1619/692/432
f 1606/653/272 1675/680/272 1676/573/272
f 1602/654/340 1617/706/340 1599/700/340
f 1607/576/275 1618/719/279 1608/729/280
f 1532/584/368 1624/618/368 1627/583/368
f 1630/664/433 1621/694/356 1628/656/433
f 1625/684/434 1629/693/434 1626/590/434
f 1623/695/435 1633/613/435 1632/600/435
f 1533/683/373 1634/616/373 1534/685/373
f 1611/599/436 1621/694/436 1623/695/436
f 1629/693/437 1604/730/427 1603/589/426
f 1612/585/438 1626/590/438 1613/587/438
f 1624/618/439 1633/613/439 1625/684/439
f 1602/654/440 1607/736/440 1606/653/440
f 1644/633/441 1648/667/441 1642/638/441
f 1638/629/442 1635/686/442 1637/628/442
f 1648/667/443 1677/608/444 1678/637/444
f 1680/639/445 1636/624/446 1679/666/447
f 1542/622/387 1640/593/448 1543/591/388
f 1635/686/449 1544/626/389 1636/624/450
f 1646/663/340 1616/682/340 1647/607/340
f 1640/593/451 1605/658/452 1608/592/452
f 1651/721/453 1654/641/454 1649/670/455
f 1569/644/397 1657/579/397 1658/645/397
f 1655/643/398 1567/646/398 1566/689/398
f 1671/651/456 1666/697/457 1669/672/458
f 1671/651/459 1659/662/460 1672/605/461
f 1660/673/462 1662/725/463 1661/671/462
f 1663/690/464 1668/737/465 1664/733/466
f 1658/645/397 1659/662/397 1661/671/397
f 1662/648/398 1656/636/398 1655/643/398
f 1649/670/467 1672/605/467 1650/661/467
f 1666/697/468 1653/710/468 1667/726/468
f 1614/660/413 1674/734/469 1673/604/413
f 1667/609/470 1645/634/471 1668/632/472
f 1665/668/473 1644/633/474 1643/631/475
f 1653/722/476 1597/691/477 1596/713/478
f 1650/661/479 1674/734/469 1651/721/480
f 1676/573/272 1616/707/272 1615/572/272
f 1638/629/481 1677/597/481 1639/598/481
f 1642/638/482 1679/666/482 1643/631/482
f 1500/700/483 1501/654/483 1502/701/483
f 1509/592/484 1510/731/484 1511/571/484
f 1527/618/485 1528/583/485 1529/590/485
f 1539/616/486 1540/613/486 1541/600/486
f 1550/621/487 1551/593/487 1552/598/487
f 1556/634/488 1557/667/488 1558/607/488
f 1578/635/489 1579/687/489 1580/711/489
f 1582/650/490 1583/732/490 1584/712/490
f 1599/564/491 1600/727/491 1601/714/491
f 1606/653/492 1607/736/492 1608/592/492
f 1624/618/493 1625/684/493 1626/590/493
f 1632/600/494 1633/613/494 1634/616/494
f 1639/598/495 1640/593/495 1641/621/495
f 1645/634/496 1646/663/496 1647/607/496
f 1663/690/497 1664/733/497 1665/724/497
f 1667/726/498 1668/737/498 1669/672/498
f 1498/698/356 1497/562/356 1500/564/356
f 1499/675/357 1498/565/357 1506/567/358
f 1521/659/499 1523/595/499 1538/612/499
f 1517/705/361 1504/738/362 1505/580/362
f 1512/716/363 1514/566/500 1503/674/364
f 1521/659/501 1513/599/501 1512/578/501
f 1591/680/250 1508/596/250 1511/571/250
f 1519/706/319 1518/572/319 1501/654/367
f 1523/719/248 1522/574/239 1510/576/241
f 1527/618/368 1531/617/368 1532/584/368
f 1524/677/369 1526/615/369 1536/614/370
f 1537/679/502 1536/614/502 1530/684/502
f 1540/613/503 1526/615/503 1525/601/503
f 1539/616/373 1538/612/373 1533/683/373
f 1524/677/504 1514/703/504 1513/599/504
f 1506/730/505 1535/586/505 1537/679/505
f 1529/590/506 1528/583/506 1517/585/506
f 1540/613/377 1539/616/377 1527/618/377
f 1510/731/507 1502/701/507 1501/654/507
f 1557/667/508 1556/634/508 1554/633/508
f 1546/686/509 1550/621/509 1549/629/509
f 1593/608/510 1558/607/510 1557/667/510
f 1548/624/511 1547/628/511 1594/639/511
f 1551/593/386 1550/621/512 1542/622/387
f 1544/626/389 1545/620/513 1546/686/390
f 1520/682/319 1519/563/319 1559/663/319
f 1508/596/392 1552/598/393 1551/593/393
f 1564/641/394 1563/709/514 1560/708/395
f 1568/581/397 1569/644/397 1572/645/397
f 1570/636/398 1571/643/398 1566/689/398
f 1581/688/399 1585/640/515 1587/651/400
f 1574/681/402 1576/649/516 1587/651/403
f 1577/725/405 1580/690/517 1576/649/406
f 1583/732/407 1582/650/518 1580/690/408
f 1574/681/397 1573/579/397 1572/645/397
f 1570/636/398 1578/635/398 1577/648/398
f 1586/605/519 1585/640/519 1562/642/519
f 1565/710/520 1564/641/520 1581/688/520
f 1588/734/411 1516/704/521 1515/602/412
f 1556/634/414 1559/663/522 1584/609/415
f 1554/633/417 1579/687/523 1578/635/418
f 1499/675/420 1563/568/524 1565/722/421
f 1588/734/411 1589/604/413 1561/603/413
f 1520/707/250 1591/680/250 1590/573/250
f 1593/597/381 1592/627/381 1549/629/525
f 1595/630/385 1594/639/384 1553/638/526
f 1599/564/369 1596/562/369 1598/698/369
f 1598/652/357 1597/691/357 1603/569/426
f 1631/612/527 1618/619/527 1620/659/527
f 1505/580/362 1504/738/362 1612/718/362
f 1600/674/429 1610/566/528 1609/716/430
f 1609/655/529 1611/599/529 1620/659/529
f 1606/653/272 1605/658/272 1675/680/272
f 1602/654/340 1615/572/340 1617/706/340
f 1607/576/275 1619/574/274 1618/719/279
f 1532/584/368 1531/617/368 1624/618/368
f 1630/664/433 1622/665/356 1621/694/356
f 1625/684/530 1630/664/530 1629/693/530
f 1623/695/531 1622/665/531 1633/613/531
f 1533/683/373 1631/612/373 1634/616/373
f 1611/599/532 1610/703/532 1621/694/532
f 1629/693/505 1628/656/505 1604/730/505
f 1612/585/533 1627/583/533 1626/590/533
f 1624/618/439 1634/616/439 1633/613/439
f 1602/654/534 1601/701/534 1607/736/534
f 1644/633/535 1645/634/535 1648/667/535
f 1638/629/536 1641/621/536 1635/686/536
f 1648/667/537 1647/607/537 1677/608/537
f 1680/639/538 1637/628/538 1636/624/538
f 1542/622/387 1641/621/512 1640/593/448
f 1635/686/449 1545/620/513 1544/626/389
f 1646/663/340 1617/563/340 1616/682/340
f 1640/593/451 1639/598/451 1605/658/452
f 1651/721/453 1652/709/539 1654/641/454
f 1569/644/397 1568/581/397 1657/579/397
f 1655/643/398 1656/636/398 1567/646/398
f 1671/651/456 1670/669/540 1666/697/457
f 1671/651/459 1660/673/541 1659/662/460
f 1660/673/462 1663/690/542 1662/725/463
f 1663/690/464 1669/672/543 1668/737/465
f 1658/645/397 1657/579/397 1659/662/397
f 1662/648/398 1665/668/398 1656/636/398
f 1649/670/544 1670/669/544 1672/605/544
f 1666/697/545 1654/641/545 1653/710/545
f 1614/660/546 1613/704/546 1674/734/546
f 1667/609/470 1646/663/547 1645/634/471
f 1665/668/473 1664/696/548 1644/633/474
f 1653/722/476 1652/568/549 1597/691/477
f 1650/661/479 1673/604/413 1674/734/469
f 1676/573/272 1675/680/272 1616/707/272
f 1638/629/550 1678/627/444 1677/597/444
f 1642/638/551 1680/639/445 1679/666/447
o 立方体.004
v -0.818033 3.228018 -0.301626
v -0.818033 3.228018 0.301626
v -0.818033 3.611420 -0.186512
v -0.656509 3.611420 -0.093256
v -0.656509 3.611420 0.093256
v -0.818033 3.611420 0.186512
v -0.818033 3.629146 -0.186512
v -0.656509 3.629146 -0.093256
v -0.656509 3.629146 0.093256
v -0.818033 3.629146 0.186512
v -0.724777 3.611420 0.161524
v -0.724777 3.629146 0.161524
v -0.724777 3.611420 -0.161524
v -0.724777 3.629146 -0.161524
v -0.631521 3.611420 -0.000000
v -0.631521 3.629146 -0.000000
v -0.516407 3.228018 -0.000000
v -0.818033 3.937351 -0.000000
v -0.690643 3.611420 -0.127390
v -0.690643 3.629146 -0.127390
v -0.690643 3.611420 0.127390
v -0.690643 3.629146 0.127390
v -0.818033 3.228018 -0.000000
v -0.979557 3.611420 -0.093256
v -0.979557 3.611420 0.093256
v -0.979557 3.629146 -0.093256
v -0.979557 3.629146 0.093256
v -0.911289 3.611420 0.161524
v -0.911289 3.629146 0.161524
v -0.911289 3.611420 -0.161524
v -0.911289 3.629146 -0.161524
v -1.004545 3.611420 -0.000000
v -1.004545 3.629146 -0.000000
v -1.119659 3.228018 -0.000000
v -0.945423 3.611420 -0.127390
v -0.945423 3.629146 -0.127390
v -0.945423 3.611420 0.127390
v -0.945423 3.629146 0.127390
v -0.516407 3.228018 0.293018
v -0.525024 3.228018 0.301626
v -0.627683 3.611420 0.191846
v -0.625795 3.603357 0.202320
v -0.617180 3.603364 0.193709
v -0.525024 3.228018 -0.301626
v -0.516407 3.228018 -0.293018
v -0.627683 3.611420 -0.191846
v -0.617180 3.603364 -0.193709
v -0.625795 3.603357 -0.202320
v -0.818033 3.603357 -0.202320
v -0.818033 3.611420 -0.191846
v -0.818033 3.611420 0.191846
v -0.818033 3.603357 0.202320
v -0.818033 3.629146 -0.200210
v -0.818033 3.637486 -0.208550
v -0.621527 3.637486 -0.208550
v -0.613114 3.637423 -0.200210
v -0.620426 3.629146 -0.200210
v -0.613114 3.637423 0.200210
v -0.621527 3.637486 0.208550
v -0.620426 3.629146 0.200210
v -0.818033 3.637486 0.208550
v -0.818033 3.629146 0.200210
v -0.818033 3.929011 -0.208550
v -0.818033 3.937351 -0.200210
v -0.658733 3.937351 -0.200210
v -0.649364 3.929075 -0.200210
v -0.657761 3.929011 -0.208550
v -0.649364 3.929075 0.200210
v -0.658733 3.937351 0.200210
v -0.657761 3.929011 0.208550
v -0.818033 3.937351 0.200210
v -0.818033 3.929011 0.208550
v -0.617180 3.603364 -0.000000
v -0.627683 3.611420 -0.000000
v -0.620426 3.629146 -0.000000
v -0.613114 3.637423 -0.000000
v -0.649364 3.929075 -0.000000
v -0.658733 3.937351 -0.000000
v -1.111042 3.228018 0.301626
v -1.119659 3.228018 0.293018
v -1.018886 3.603364 0.193709
v -1.010271 3.603357 0.202320
v -1.008383 3.611420 0.191846
v -1.119659 3.228018 -0.293018
v -1.111042 3.228018 -0.301626
v -1.010271 3.603357 -0.202320
v -1.018886 3.603364 -0.193709
v -1.008383 3.611420 -0.191846
v -1.015640 3.629146 -0.200210
v -1.022952 3.637423 -0.200210
v -1.014539 3.637486 -0.208550
v -1.022952 3.637423 0.200210
v -1.015640 3.629146 0.200210
v -1.014539 3.637486 0.208550
v -0.977333 3.937351 -0.200210
v -0.978305 3.929011 -0.208550
v -0.986702 3.929075 -0.200210
v -0.986702 3.929075 0.200210
v -0.978305 3.929011 0.208550
v -0.977333 3.937351 0.200210
v -1.008383 3.611420 -0.000000
v -1.018886 3.603364 -0.000000
v -1.022952 3.637423 -0.000000
v -1.015640 3.629146 -0.000000
v -0.977333 3.937351 -0.000000
v -0.986702 3.929075 -0.000000
vn 0.9659 -0.0000 -0.2588
vn 0.7071 -0.0000 0.7071
vn 0.2588 -0.0000 -0.9659
vn 0.2588 -0.0000 0.9659
vn 0.7071 -0.0000 -0.7071
vn 0.9659 -0.0000 0.2588
vn -0.9659 -0.0000 -0.2588
vn -0.7071 -0.0000 0.7071
vn -0.2588 -0.0000 -0.9659
vn -0.2588 -0.0000 0.9659
vn -0.7071 -0.0000 -0.7071
vn -0.9659 -0.0000 0.2588
vn -0.0000 0.2558 0.9667
vn -0.0000 -1.0000 -0.0000
vn 0.9658 0.2593 -0.0000
vn -0.0000 1.0000 -0.0000
vn -0.0000 0.2558 -0.9667
vn -0.0000 -0.0000 -1.0000
vn 0.9924 0.1233 -0.0000
vn -0.0000 -1.0000 -0.0001
vn -0.0000 -0.0000 1.0000
vn -0.9658 0.2593 -0.0000
vn -0.9924 0.1233 -0.0000
vn -0.0000 1.0000 0.0001
vn 0.0001 1.0000 -0.0000
vn 0.4789 0.7353 0.4796
vn 0.4789 0.7353 -0.4796
vn 0.5964 -0.5269 -0.6056
vn 0.5964 -0.5269 0.6056
vn 0.5494 0.6220 -0.5579
vn 0.5494 0.6220 0.5579
vn -0.4789 0.7353 0.4796
vn -0.4789 0.7353 -0.4796
vn -0.5964 -0.5269 -0.6056
vn -0.5964 -0.5269 0.6056
vn -0.5494 0.6220 -0.5579
vn -0.5494 0.6220 0.5579
vn -0.0000 0.7924 -0.6100
vn 0.6614 0.3527 -0.6620
vn 0.6613 0.3527 -0.6620
vn 0.6086 0.7935 -0.0000
vn 0.6613 0.3527 0.6620
vn 0.6614 0.3527 0.6620
vn -0.0000 0.7924 0.6100
vn -0.0000 -0.7071 -0.7071
vn 0.7494 -0.6621 -0.0000
vn -0.0000 -0.7071 0.7071
vn -0.0000 0.7071 -0.7071
vn 0.6620 0.7495 -0.0000
vn -0.0000 0.7071 0.7071
vn 0.7017 0.0872 0.7071
vn 0.7017 0.0872 -0.7071
vn -0.6613 0.3527 -0.6620
vn -0.6614 0.3527 -0.6620
vn -0.6086 0.7935 -0.0000
vn -0.6614 0.3527 0.6620
vn -0.6613 0.3527 0.6620
vn -0.7494 -0.6621 -0.0000
vn -0.6620 0.7495 -0.0000
vn -0.7017 0.0872 0.7071
vn -0.7017 0.0872 -0.7071
vt 0.468379 0.291039
vt 0.463404 0.263298
vt 0.468379 0.263298
vt 0.468379 0.235558
vt 0.463404 0.227197
vt 0.468379 0.227197
vt 0.468379 0.334390
vt 0.463404 0.308951
vt 0.468379 0.308951
vt 0.468379 0.217645
vt 0.463404 0.192206
vt 0.468379 0.192206
vt 0.463404 0.299399
vt 0.468379 0.299399
vt 0.463404 0.235558
vt 0.463404 0.291039
vt 0.463404 0.217645
vt 0.602883 0.181728
vt 0.652974 0.235558
vt 0.602275 0.235558
vt 0.652974 0.263298
vt 0.600784 0.235990
vt 0.600784 0.263298
vt 0.490346 0.236666
vt 0.474554 0.263298
vt 0.484697 0.233919
vt 0.487976 0.227197
vt 0.652974 0.175472
vt 0.600784 0.172211
vt 0.652974 0.172211
vt 0.490346 0.289931
vt 0.600784 0.290606
vt 0.602275 0.291039
vt 0.652974 0.291039
vt 0.602883 0.344869
vt 0.652974 0.351124
vt 0.600784 0.354385
vt 0.598959 0.347209
vt 0.484697 0.292677
vt 0.596950 0.347801
vt 0.652974 0.344869
vt 0.596950 0.178796
vt 0.601580 0.235558
vt 0.304714 0.332252
vt 0.354371 0.292185
vt 0.354669 0.332538
vt 0.356668 0.291612
vt 0.354652 0.332634
vt 0.356904 0.341758
vt 0.304714 0.336562
vt 0.358912 0.334622
vt 0.304714 0.341758
vt 0.443807 0.299399
vt 0.446570 0.292399
vt 0.441473 0.289929
vt 0.359237 0.263298
vt 0.441473 0.263298
vt 0.452217 0.263298
vt 0.446570 0.234198
vt 0.358071 0.235544
vt 0.441473 0.236667
vt 0.356904 0.184838
vt 0.304714 0.190034
vt 0.304714 0.184838
vt 0.304714 0.194345
vt 0.354371 0.234411
vt 0.304714 0.234411
vt 0.443807 0.227197
vt 0.356668 0.234984
vt 0.354652 0.193963
vt 0.304714 0.289929
vt 0.354307 0.263298
vt 0.354307 0.290207
vt 0.354956 0.289929
vt 0.304714 0.263298
vt 0.354307 0.236390
vt 0.354956 0.236667
vt 0.600784 0.236349
vt 0.490346 0.263298
vt 0.485517 0.234618
vt 0.600784 0.290247
vt 0.601580 0.291039
vt 0.485517 0.291979
vt 0.359237 0.236667
vt 0.463404 0.334390
vt 0.652974 0.181728
vt 0.598959 0.179388
vt 0.652974 0.354385
vt 0.487976 0.299399
vt 0.304714 0.292185
vt 0.358071 0.291053
vt 0.358912 0.191974
vt 0.354669 0.194058
vt 0.304714 0.236667
vt 0.359237 0.289929
vt 0.600784 0.181441
vt 0.600784 0.345156
vt 0.356904 0.332972
vt 0.356904 0.193625
vt 0.489752 0.235558
vt 0.489752 0.291039
vt 0.356904 0.333683
vt 0.356904 0.192913
vt 0.441165 0.235558
vt 0.441165 0.291039
s 1
usemtl マテリアル.005
f 1684/739/552 1696/740/552 1695/741/552
f 1685/742/553 1702/743/553 1701/744/553
f 1683/745/554 1694/746/554 1693/747/554
f 1691/748/555 1690/749/555 1686/750/555
f 1693/747/556 1700/751/556 1699/752/556
f 1695/741/557 1689/753/557 1685/742/557
f 1699/752/556 1688/754/556 1684/739/556
f 1701/744/553 1692/755/553 1691/748/553
f 1713/740/558 1704/739/558 1712/741/558
f 1718/743/559 1705/742/559 1717/744/559
f 1711/746/560 1683/745/560 1710/747/560
f 1690/749/561 1708/748/561 1686/750/561
f 1716/751/562 1710/747/562 1715/752/562
f 1707/753/563 1712/741/563 1705/742/563
f 1706/754/562 1715/752/562 1704/739/562
f 1709/755/559 1717/744/559 1708/748/559
f 1722/756/564 1682/757/564 1720/758/564
f 1703/759/565 1719/760/565 1720/758/565
f 1697/761/566 1723/762/566 1719/760/566
f 1754/763/567 1685/742/567 1721/764/567
f 1721/764/567 1701/744/567 1691/765/567
f 1731/766/567 1691/767/567 1686/768/567
f 1727/769/566 1697/761/566 1725/770/566
f 1703/759/565 1724/771/565 1725/770/565
f 1681/772/568 1728/773/568 1724/771/568
f 1730/774/567 1693/775/567 1726/776/567
f 1754/763/567 1684/739/567 1695/741/567
f 1726/777/567 1699/752/567 1684/739/567
f 1710/775/567 1730/774/567 1768/778/567
f 1681/772/568 1766/773/568 1729/779/568
f 1731/766/567 1708/767/567 1763/780/567
f 1682/757/564 1762/756/564 1759/781/564
f 1734/782/569 1747/783/569 1735/784/569
f 1776/785/569 1734/782/569 1771/786/569
f 1694/787/565 1733/788/565 1737/789/565
f 1711/787/565 1733/788/565 1687/790/565
f 1688/754/565 1694/791/565 1737/792/565
f 1736/793/570 1757/794/570 1756/795/570
f 1688/754/565 1755/796/565 1696/740/565
f 1689/753/571 1755/796/565 1740/797/565
f 1756/795/570 1748/798/570 1738/799/570
f 1692/800/571 1742/801/565 1690/802/565
f 1741/803/572 1750/804/572 1752/805/572
f 1692/806/571 1689/753/571 1740/797/565
f 1741/803/572 1779/807/572 1774/808/572
f 1742/801/565 1709/800/571 1690/802/565
f 1744/809/567 1758/810/567 1745/811/567
f 1785/810/567 1744/809/567 1775/812/567
f 1698/813/567 1749/814/567 1758/810/567
f 1780/815/567 1698/813/567 1785/810/567
f 1760/816/565 1714/761/565 1703/759/565
f 1714/761/573 1761/762/573 1782/817/573
f 1705/742/567 1781/763/567 1763/818/567
f 1763/818/567 1717/744/567 1705/742/567
f 1714/761/573 1767/769/573 1764/819/573
f 1765/820/565 1681/772/565 1703/759/565
f 1715/752/567 1768/821/567 1704/739/567
f 1781/763/567 1704/739/567 1768/821/567
f 1786/794/574 1770/793/574 1783/795/574
f 1706/754/567 1711/791/567 1716/751/567
f 1784/796/565 1706/754/565 1713/740/565
f 1707/753/571 1784/796/565 1713/740/565
f 1778/822/574 1783/795/574 1772/799/574
f 1709/806/571 1707/753/571 1718/743/565
f 1684/739/552 1688/754/552 1696/740/552
f 1685/742/553 1689/753/553 1702/743/553
f 1683/745/554 1687/823/554 1694/746/554
f 1691/748/555 1692/755/555 1690/749/555
f 1693/747/556 1694/746/556 1700/751/556
f 1695/741/557 1696/740/557 1689/753/557
f 1699/752/556 1700/751/556 1688/754/556
f 1701/744/553 1702/743/553 1692/755/553
f 1713/740/558 1706/754/558 1704/739/558
f 1718/743/559 1707/753/559 1705/742/559
f 1711/746/560 1687/823/560 1683/745/560
f 1690/749/561 1709/755/561 1708/748/561
f 1716/751/562 1711/746/562 1710/747/562
f 1707/753/563 1713/740/563 1712/741/563
f 1706/754/562 1716/751/562 1715/752/562
f 1709/755/559 1718/743/559 1717/744/559
f 1722/756/564 1732/824/564 1682/757/564
f 1720/758/565 1682/757/565 1703/759/565
f 1703/759/565 1697/761/565 1719/760/565
f 1697/761/566 1753/817/566 1723/762/566
f 1754/763/567 1695/741/567 1685/742/567
f 1721/764/567 1685/742/567 1701/744/567
f 1731/766/567 1721/825/567 1691/767/567
f 1727/769/566 1753/817/566 1697/761/566
f 1725/770/565 1697/761/565 1703/759/565
f 1703/759/565 1681/772/565 1724/771/565
f 1681/772/568 1729/779/568 1728/773/568
f 1730/774/567 1683/826/567 1693/775/567
f 1754/763/567 1726/777/567 1684/739/567
f 1726/777/567 1693/827/567 1699/752/567
f 1710/775/567 1683/826/567 1730/774/567
f 1681/772/568 1765/820/568 1766/773/568
f 1731/766/567 1686/768/567 1708/767/567
f 1682/757/564 1732/824/564 1762/756/564
f 1734/782/569 1743/828/569 1747/783/569
f 1776/785/569 1743/828/569 1734/782/569
f 1694/787/565 1687/790/565 1733/788/565
f 1711/787/565 1769/789/565 1733/788/565
f 1688/754/567 1700/751/575 1694/791/576
f 1736/793/570 1746/829/570 1757/794/570
f 1688/754/565 1737/792/565 1755/796/565
f 1689/753/571 1696/740/565 1755/796/565
f 1756/795/570 1757/794/570 1748/798/570
f 1692/800/571 1740/830/565 1742/801/565
f 1741/803/572 1739/831/572 1750/804/572
f 1692/806/571 1702/743/565 1689/753/571
f 1741/803/572 1752/805/572 1779/807/572
f 1742/801/565 1773/830/565 1709/800/571
f 1744/809/567 1698/813/567 1758/810/567
f 1785/810/567 1698/813/567 1744/809/567
f 1698/813/567 1751/832/567 1749/814/567
f 1780/815/567 1751/832/567 1698/813/567
f 1703/759/565 1682/757/565 1759/781/565
f 1759/781/565 1760/816/565 1703/759/565
f 1714/761/573 1760/816/573 1761/762/573
f 1705/742/567 1712/741/567 1781/763/567
f 1763/818/567 1708/765/567 1717/744/567
f 1714/761/573 1782/817/573 1767/769/573
f 1703/759/565 1714/761/565 1764/819/565
f 1764/819/565 1765/820/565 1703/759/565
f 1715/752/567 1710/827/567 1768/821/567
f 1781/763/567 1712/741/567 1704/739/567
f 1786/794/574 1777/833/574 1770/793/574
f 1706/754/565 1769/792/565 1711/791/565
f 1784/796/565 1769/792/565 1706/754/565
f 1707/753/571 1773/797/565 1784/796/565
f 1778/822/574 1786/794/574 1783/795/574
f 1709/806/571 1773/797/565 1707/753/571
f 1721/825/577 1722/756/577 1723/834/577
f 1726/776/578 1727/835/578 1728/773/578
f 1735/784/579 1736/836/579 1737/789/579
f 1738/837/580 1739/831/580 1740/830/580
f 1745/811/581 1746/829/581 1747/783/581
f 1748/798/582 1749/814/582 1750/804/582
f 1761/762/583 1762/838/583 1763/818/583
f 1766/839/584 1767/769/584 1768/821/584
f 1769/789/585 1770/840/585 1771/786/585
f 1772/841/586 1773/830/586 1774/808/586
f 1775/812/587 1776/785/587 1777/833/587
f 1778/822/588 1779/807/588 1780/815/588
f 1726/776/589 1729/779/589 1730/774/589
f 1727/835/590 1724/771/591 1728/773/590
f 1721/764/592 1753/817/592 1754/763/592
f 1720/758/593 1723/834/594 1722/756/594
f 1721/825/595 1732/824/595 1722/756/595
f 1735/784/596 1733/788/596 1734/782/596
f 1738/799/597 1755/796/597 1756/795/597
f 1739/831/598 1742/801/598 1740/830/598
f 1745/811/599 1743/828/599 1744/809/599
f 1749/814/600 1757/794/600 1758/810/600
f 1749/814/601 1752/805/601 1750/804/601
f 1748/798/602 1739/831/602 1738/837/602
f 1746/829/603 1735/784/603 1747/783/603
f 1726/777/592 1753/817/592 1727/769/592
f 1756/795/597 1737/792/597 1736/793/597
f 1758/810/600 1746/829/600 1745/811/600
f 1729/779/589 1768/778/589 1730/774/589
f 1765/820/604 1767/769/605 1766/839/605
f 1782/817/606 1763/818/606 1781/763/606
f 1761/762/607 1759/781/608 1762/838/607
f 1732/824/595 1763/780/595 1762/756/595
f 1733/788/596 1771/786/596 1734/782/596
f 1773/797/609 1783/795/609 1784/796/609
f 1742/801/598 1774/808/598 1773/830/598
f 1743/828/599 1775/812/599 1744/809/599
f 1778/822/610 1785/810/610 1786/794/610
f 1752/805/601 1780/815/601 1779/807/601
f 1774/842/611 1778/822/611 1772/799/611
f 1771/843/612 1777/833/612 1776/785/612
f 1782/817/606 1768/821/606 1767/769/606
f 1784/796/609 1770/793/609 1769/792/609
f 1786/794/610 1775/812/610 1777/833/610
f 1726/776/589 1728/773/589 1729/779/589
f 1727/835/590 1725/770/591 1724/771/591
f 1721/764/592 1723/762/592 1753/817/592
f 1720/758/593 1719/760/593 1723/834/594
f 1721/825/595 1731/766/595 1732/824/595
f 1735/784/596 1737/789/596 1733/788/596
f 1738/799/597 1740/797/597 1755/796/597
f 1739/831/598 1741/803/598 1742/801/598
f 1745/811/599 1747/783/599 1743/828/599
f 1749/814/600 1748/798/600 1757/794/600
f 1749/814/601 1751/832/601 1752/805/601
f 1748/798/602 1750/804/602 1739/831/602
f 1746/829/603 1736/836/603 1735/784/603
f 1726/777/592 1754/763/592 1753/817/592
f 1756/795/597 1755/796/597 1737/792/597
f 1758/810/600 1757/794/600 1746/829/600
f 1729/779/589 1766/773/589 1768/778/589
f 1765/820/604 1764/819/604 1767/769/605
f 1782/817/606 1761/762/606 1763/818/606
f 1761/762/607 1760/816/608 1759/781/608
f 1732/824/595 1731/766/595 1763/780/595
f 1733/788/596 1769/789/596 1771/786/596
f 1773/797/609 1772/799/609 1783/795/609
f 1742/801/598 1741/803/598 1774/808/598
f 1743/828/599 1776/785/599 1775/812/599
f 1778/822/610 1780/815/610 1785/810/610
f 1752/805/601 1751/832/601 1780/815/601
f 1774/842/611 1779/807/611 1778/822/611
f 1771/843/612 1770/793/612 1777/833/612
f 1782/817/606 1781/763/606 1768/821/606
f 1784/796/609 1783/795/609 1770/793/609
f 1786/794/610 1785/810/610 1775/812/610
o 立方体.005
v 2.744291 0.395941 -4.803955
v 0.000000 0.395941 -4.803955
v -2.744291 0.395941 -4.803955
v 2.744291 -1.287057 4.988671
v 2.744291 -1.293872 4.952651
v 2.744291 1.000000 2.610842
v 2.744291 0.995060 2.666508
v 2.744291 0.400881 5.405740
v 2.744291 0.389094 5.428620
v 2.744291 0.395941 5.395623
v 2.744291 -1.293872 -3.798219
v 2.744291 -1.287241 -3.839301
v 2.744291 -0.512850 -4.795765
v 2.744291 -0.499372 -4.803955
v 2.744291 -0.505576 -4.771209
v 2.744291 0.790644 -4.803955
v 2.744291 0.801332 -4.776727
v 2.744291 0.996159 -3.395597
v 2.744291 1.000000 -3.335477
v 2.744291 -0.298377 5.439241
v 2.744291 -0.312040 5.436219
v 2.744291 -0.305867 5.406601
v 0.000000 -1.287057 4.988671
v 0.000000 -1.293872 4.952651
v 0.000000 1.000000 2.610842
v 0.000000 0.995060 2.666508
v 0.000000 0.400881 5.405740
v 0.000000 0.389094 5.428620
v 0.000000 -1.293872 -3.798219
v 0.000000 -1.287241 -3.839301
v 0.000000 -0.512850 -4.795765
v 0.000000 -0.499372 -4.803955
v 0.000000 0.996159 -3.395597
v 0.000000 1.000000 -3.335477
v 0.000000 0.790644 -4.803955
v 0.000000 0.801332 -4.776727
v 0.000000 -0.298377 5.439241
v 0.000000 -0.312040 5.436219
v -2.744291 -1.293872 4.952651
v -2.744291 -1.287057 4.988671
v -2.744291 0.995060 2.666508
v -2.744291 1.000000 2.610842
v -2.744291 0.389094 5.428620
v -2.744291 0.400881 5.405740
v -2.744291 0.395941 5.395623
v -2.744291 -1.287241 -3.839301
v -2.744291 -1.293872 -3.798219
v -2.744291 -0.499372 -4.803955
v -2.744291 -0.512850 -4.795765
v -2.744291 -0.505576 -4.771209
v -2.744291 0.801332 -4.776727
v -2.744291 0.790644 -4.803955
v -2.744291 1.000000 -3.335477
v -2.744291 0.996159 -3.395597
v -2.744291 -0.312040 5.436219
v -2.744291 -0.298377 5.439241
v -2.744291 -0.305867 5.406601
vn 1.0000 -0.0000 -0.0000
vn -0.0000 -0.4172 0.9088
vn -0.0000 -1.0000 -0.0000
vn -0.0000 0.9773 0.2120
vn -0.0000 1.0000 -0.0000
vn -0.0000 0.0154 0.9999
vn -0.0000 -0.7772 -0.6293
vn -0.0000 -0.0000 -1.0000
vn -0.0000 0.9902 -0.1397
vn -1.0000 -0.0000 -0.0000
vn 1.0000 0.0001 -0.0000
vn -0.0000 -0.9826 0.1859
vn -0.0000 -0.5193 -0.8546
vn -0.0000 0.9980 -0.0638
vn -0.0000 0.9961 0.0884
vn -0.0000 0.8890 0.4580
vn -0.0000 -0.9872 -0.1593
vn -0.0000 -0.9872 -0.1594
vn -0.0000 0.9309 -0.3654
vn -0.0000 -0.2159 0.9764
vt 0.309395 0.126595
vt 0.309034 0.126927
vt 0.257128 0.127144
vt 0.257007 0.173773
vt 0.199005 0.127252
vt 0.257007 0.023615
vt 0.199005 0.126540
vt 0.199005 0.023615
vt 0.257007 0.259333
vt 0.199005 0.216324
vt 0.257007 0.216205
vt 0.199005 0.324694
vt 0.257007 0.260048
vt 0.257007 0.324694
vt 0.355893 0.126594
vt 0.355439 0.126927
vt 0.309849 0.126927
vt 0.257007 0.215557
vt 0.199005 0.174507
vt 0.257007 0.174371
vt 0.199005 0.453518
vt 0.257007 0.407008
vt 0.257007 0.453518
vt 0.199005 0.364876
vt 0.257007 0.406426
vt 0.199005 0.406426
vt 0.257007 0.325409
vt 0.199005 0.343547
vt 0.199005 0.325409
vt 0.199005 0.344262
vt 0.257007 0.364876
vt 0.257007 0.216324
vt 0.257007 0.174507
vt 0.257007 0.407141
vt 0.257007 0.406532
vt 0.309395 0.023559
vt 0.257007 0.126540
vt 0.257228 0.023228
vt 0.308954 0.023228
vt 0.199005 0.173773
vt 0.199005 0.259333
vt 0.199005 0.260048
vt 0.355893 0.023228
vt 0.309748 0.023228
vt 0.199005 0.215557
vt 0.199005 0.407141
vt 0.257007 0.343547
vt 0.257007 0.344262
vt 0.309215 0.126896
vt 0.257007 0.215966
vt 0.257007 0.406714
vt 0.257007 0.174037
vt 0.355893 0.126696
vt 0.257007 0.406806
vt 0.199005 0.023228
s 1
usemtl マテリアル.005
f 1808/844/613 1807/845/613 1790/846/613
f 1807/847/614 1809/848/614 1790/846/614
f 1797/849/615 1810/850/615 1815/851/615
f 1793/852/616 1813/853/616 1794/854/616
f 1820/855/617 1792/856/617 1805/857/617
f 1796/858/613 1795/859/613 1806/860/613
f 1795/861/618 1823/862/618 1806/863/618
f 1816/864/619 1799/865/619 1798/866/619
f 1788/867/620 1800/868/620 1818/869/620
f 1804/870/621 1822/871/621 1819/872/621
f 1821/873/620 1787/874/620 1788/867/620
f 1809/848/614 1841/847/614 1826/846/614
f 1810/850/615 1833/849/615 1815/851/615
f 1828/856/617 1820/855/617 1839/857/617
f 1813/853/616 1827/852/616 1830/875/616
f 1823/862/618 1829/861/618 1842/876/618
f 1835/877/619 1816/864/619 1832/866/619
f 1834/878/620 1788/867/620 1818/869/620
f 1822/871/621 1840/870/621 1819/872/621
f 1789/874/620 1821/873/620 1788/867/620
f 1843/844/622 1836/879/622 1833/849/622
f 1842/860/622 1829/859/622 1831/858/622
f 1791/880/613 1797/849/613 1808/844/613
f 1797/849/613 1798/881/613 1801/879/613
f 1791/880/613 1808/844/613 1790/846/613
f 1798/881/613 1799/882/613 1801/879/613
f 1801/879/613 1808/844/613 1797/849/613
f 1807/847/614 1824/883/614 1809/848/614
f 1797/849/615 1791/880/615 1810/850/615
f 1793/852/616 1812/884/616 1813/853/616
f 1820/855/617 1811/885/617 1792/856/617
f 1808/844/613 1801/879/613 1787/886/613
f 1801/879/613 1800/887/613 1787/886/613
f 1787/886/613 1796/858/613 1808/844/613
f 1808/844/613 1796/858/613 1806/860/613
f 1795/861/618 1814/888/618 1823/862/618
f 1816/864/619 1817/889/619 1799/865/619
f 1788/867/620 1787/874/620 1800/868/620
f 1804/870/621 1803/890/621 1822/871/621
f 1821/873/620 1802/891/620 1787/874/620
f 1809/848/614 1824/883/614 1841/847/614
f 1810/850/615 1825/880/615 1833/849/615
f 1828/856/617 1811/885/617 1820/855/617
f 1813/853/616 1812/884/616 1827/852/616
f 1823/862/618 1814/888/618 1829/861/618
f 1835/877/619 1817/889/619 1816/864/619
f 1834/878/620 1789/874/620 1788/867/620
f 1822/871/621 1837/890/621 1840/870/621
f 1789/874/620 1838/891/620 1821/873/620
f 1835/882/622 1832/881/622 1836/879/622
f 1832/881/622 1833/849/622 1836/879/622
f 1833/849/622 1825/880/622 1843/844/622
f 1825/880/622 1826/846/622 1843/844/622
f 1826/846/622 1841/892/622 1843/844/622
f 1789/886/622 1834/887/622 1836/879/622
f 1836/879/622 1843/844/622 1789/886/622
f 1843/844/622 1842/860/622 1831/858/622
f 1789/886/622 1843/844/622 1831/858/622
f 1794/854/623 1795/861/613 1796/893/613
f 1799/865/613 1800/868/613 1801/894/613
f 1806/863/613 1807/847/613 1808/895/613
f 1829/859/622 1830/896/622 1831/858/622
f 1834/878/622 1835/877/622 1836/897/622
f 1841/892/622 1842/860/622 1843/844/622
f 1791/880/624 1809/848/624 1810/850/624
f 1800/868/625 1817/889/625 1818/869/625
f 1805/857/626 1819/872/626 1820/855/626
f 1811/885/627 1793/852/627 1792/856/627
f 1813/853/628 1795/861/628 1794/854/628
f 1815/851/629 1798/881/630 1797/849/630
f 1821/873/631 1803/890/631 1802/891/631
f 1823/862/632 1807/847/632 1806/863/632
f 1826/846/624 1810/850/624 1809/848/624
f 1835/877/625 1818/869/625 1817/889/625
f 1840/870/626 1820/855/626 1819/872/626
f 1812/884/627 1828/856/627 1827/852/627
f 1814/888/628 1830/875/628 1829/861/628
f 1816/898/629 1833/849/629 1832/881/629
f 1822/871/631 1838/891/631 1837/890/631
f 1824/883/632 1842/876/632 1841/847/632
f 1791/880/624 1790/846/624 1809/848/624
f 1800/868/625 1799/865/625 1817/889/625
f 1805/857/626 1804/870/626 1819/872/626
f 1811/885/627 1812/884/627 1793/852/627
f 1813/853/628 1814/888/628 1795/861/628
f 1815/851/629 1816/898/629 1798/881/630
f 1821/873/631 1822/871/631 1803/890/631
f 1823/862/632 1824/883/632 1807/847/632
f 1826/846/624 1825/880/624 1810/850/624
f 1835/877/625 1834/878/625 1818/869/625
f 1840/870/626 1839/857/626 1820/855/626
f 1812/884/627 1811/885/627 1828/856/627
f 1814/888/628 1813/853/628 1830/875/628
f 1816/898/629 1815/851/629 1833/849/629
f 1822/871/631 1821/873/631 1838/891/631
f 1824/883/632 1823/862/632 1842/876/632
o 立方体.006
v -0.202620 2.152177 1.866327
v -0.202620 2.557416 1.866327
v 0.202620 2.152177 1.866327
v 0.202620 2.557416 1.866327
v -0.202620 2.152178 5.781610
v 0.202620 2.557416 5.781610
v -0.202620 2.557416 5.781610
v 0.202620 2.152178 5.781610
v -0.320116 2.674912 2.685843
v -0.320116 2.674912 1.797321
v -0.320116 2.034681 1.797321
v 0.320116 2.034681 1.797321
v 0.320116 2.674912 1.797321
v 0.320115 2.034681 2.685843
v -0.320116 2.034681 2.685843
v 0.320115 2.674911 2.685843
v -0.283266 2.638062 3.306597
v 0.283266 2.071530 3.306597
v -0.283266 2.071530 3.306597
v 0.283266 2.638062 3.306597
v -0.179369 2.175428 7.983676
v -0.278602 2.354796 1.866327
v 0.000000 2.076194 1.866327
v 0.000000 2.633398 1.866327
v 0.278602 2.354796 1.866327
v 0.179369 2.534167 7.983676
v -0.270180 2.084616 1.719795
v 0.270180 2.084616 1.719795
v -0.202620 2.152178 5.137618
v 0.202620 2.557416 5.137619
v -0.202620 2.557416 6.690278
v 0.202620 2.152178 6.690278
v -0.278602 2.354796 5.781610
v 0.000000 2.633399 5.781610
v 0.000000 2.076195 5.781610
v 0.278602 2.354796 5.781610
v -0.337740 2.692536 2.218598
v -0.440159 2.354796 1.797321
v 0.000000 1.914637 1.797321
v 0.000000 2.794955 1.797321
v 0.440159 2.354796 1.797321
v 0.337740 2.017056 2.218598
v -0.337740 2.017056 2.218598
v 0.337740 2.692536 2.218598
v 0.000000 2.794955 2.685843
v 0.000000 1.914637 2.685843
v 0.440159 2.354796 2.685843
v -0.440159 2.354796 2.685843
v -0.270180 2.624976 1.719795
v 0.270180 2.624976 1.719795
v 0.310687 2.665483 3.321870
v -0.310687 2.665483 3.321870
v 0.389491 2.354796 3.306597
v 0.000000 1.965305 3.306597
v 0.000000 2.744287 3.306597
v -0.389491 2.354796 3.306597
v -0.202620 2.557416 5.137618
v 0.202620 2.152178 5.137619
v -0.338108 2.692904 3.894511
v 0.338108 2.016688 3.894511
v -0.293192 2.061604 4.479328
v 0.293192 2.647988 4.479328
v 0.310687 2.044109 3.321870
v -0.310687 2.044109 3.321870
v -0.224647 2.130149 4.632812
v -0.247475 2.602272 4.559984
v 0.247475 2.602272 4.559984
v 0.247475 2.107321 4.559984
v -0.293192 2.647988 4.479328
v 0.293192 2.061604 4.479328
v -0.338108 2.016688 3.894511
v 0.338108 2.692904 3.894511
v -0.247475 2.107321 4.559985
v -0.224647 2.579443 4.632812
v 0.224647 2.579443 4.632812
v 0.224647 2.130149 4.632812
v -0.245478 2.600274 3.240849
v 0.245478 2.600274 3.240849
v 0.245478 2.109318 3.240849
v -0.245478 2.109318 3.240849
v 0.202620 2.557416 3.043423
v -0.224049 2.578845 3.181831
v -0.264372 2.090424 3.294092
v -0.264372 2.619168 3.294092
v -0.224049 2.130748 3.181831
v 0.264372 2.619168 3.294092
v 0.202620 2.152177 3.043423
v 0.264372 2.090424 3.294092
v 0.224049 2.578845 3.181831
v -0.202620 2.557416 3.043423
v -0.202620 2.152177 3.043424
v 0.224049 2.130748 3.181831
v -0.202620 2.152178 6.690278
v 0.202620 2.557416 6.690278
v -0.190995 2.545791 7.766892
v 0.190995 2.163802 7.766892
v -0.190995 2.163802 7.766892
v 0.190995 2.545791 7.766892
v -0.179369 2.534167 7.983676
v 0.179369 2.175428 7.983676
v 0.000000 2.726293 1.719795
v 0.246633 2.354797 7.983676
v 0.000000 2.108164 7.983676
v 0.000000 2.601430 7.983675
v 0.000000 1.983299 1.719795
v -0.278602 2.354796 6.690278
v 0.000000 2.633399 5.137618
v 0.000000 2.076195 5.137619
v 0.278602 2.354796 5.137619
v -0.464392 2.354796 2.218598
v 0.000000 2.819188 2.218598
v 0.000000 1.890404 2.218598
v 0.464392 2.354796 2.218598
v -0.371497 2.354796 1.719795
v 0.371497 2.354796 1.719795
v 0.427195 2.354796 3.321870
v -0.278602 2.354796 5.137618
v 0.000000 2.781991 3.321870
v 0.000000 2.695075 4.559984
v -0.464898 2.354796 3.894511
v 0.403139 2.354796 4.479327
v 0.000000 1.951657 4.479327
v 0.000000 2.757935 4.479327
v -0.340279 2.354796 4.559984
v -0.427195 2.354796 3.321870
v 0.000000 1.927601 3.321870
v 0.340279 2.354796 4.559984
v 0.000000 2.014518 4.559984
v 0.000000 2.819695 3.894511
v 0.000000 1.889898 3.894511
v 0.464898 2.354796 3.894511
v -0.403139 2.354796 4.479327
v 0.000000 2.045906 4.632812
v 0.308890 2.354796 4.632812
v -0.308890 2.354796 4.632812
v 0.000000 2.663686 4.632812
v 0.000000 2.692328 3.240849
v 0.000000 2.017264 3.240849
v 0.337532 2.354796 3.240849
v -0.337532 2.354796 3.240849
v 0.000000 2.662863 3.181831
v -0.363512 2.354796 3.294092
v -0.278602 2.354796 3.043423
v 0.000000 2.718308 3.294092
v 0.308067 2.354796 3.181831
v 0.000000 1.991285 3.294092
v 0.000000 2.046729 3.181831
v 0.363512 2.354796 3.294092
v 0.000000 2.076194 3.043423
v 0.278602 2.354796 3.043423
v -0.308067 2.354796 3.181831
v 0.000000 2.633398 3.043423
v -0.262617 2.354796 7.766892
v 0.000000 2.633399 6.690278
v 0.000000 2.076195 6.690278
v 0.278602 2.354796 6.690278
v -0.246633 2.354797 7.983676
v 0.000000 2.617414 7.766892
v 0.000000 2.092180 7.766892
v 0.262617 2.354796 7.766892
v -0.226312 2.128484 1.888175
v -0.226312 2.581109 1.888175
v 0.226312 2.128484 1.888175
v 0.226312 2.581109 1.888175
v -0.181911 2.172885 2.896051
v -0.181911 2.536707 2.896051
v 0.181911 2.172885 2.896051
v 0.181911 2.536707 2.896051
v -0.174335 2.180461 5.781610
v 0.174335 2.529132 5.781610
v -0.174335 2.529132 5.781610
v 0.174335 2.180461 5.781610
v -0.292309 2.647105 2.678525
v -0.293729 2.648525 1.811725
v -0.293729 2.061068 1.811725
v 0.293729 2.061068 1.811725
v 0.293729 2.648525 1.811725
v 0.292309 2.062488 2.678525
v -0.292309 2.062488 2.678525
v 0.292309 2.647105 2.678525
v -0.272287 2.627083 3.343461
v 0.272287 2.082509 3.343461
v -0.272287 2.082509 3.343461
v 0.272287 2.627083 3.343461
v -0.178937 2.175859 4.630563
v 0.178937 2.533733 4.630563
v -0.178937 2.533733 4.630563
v 0.178937 2.175859 4.630563
v -0.226444 2.581240 4.481347
v -0.313659 2.668455 3.357255
v 0.226444 2.128352 4.481347
v 0.313659 2.041138 3.357255
v 0.313659 2.668455 3.357255
v -0.313659 2.041138 3.357255
v -0.226444 2.128352 4.481347
v 0.226444 2.581240 4.481347
v -0.313474 2.668271 4.432222
v 0.313474 2.041322 4.432222
v -0.313474 2.041322 4.432222
v 0.313474 2.668271 4.432222
v -0.221353 2.133444 4.595371
v -0.221353 2.576149 4.595371
v 0.221353 2.576149 4.595371
v 0.221353 2.133444 4.595371
v -0.220123 2.574919 3.217839
v -0.223121 2.577917 3.306089
v 0.220123 2.134673 3.217839
v 0.223121 2.131675 3.306089
v -0.223121 2.131675 3.306089
v -0.220123 2.134673 3.217839
v 0.223121 2.577917 3.306089
v 0.220123 2.574919 3.217839
v 0.179131 2.533927 3.185835
v -0.179131 2.533927 3.185835
v -0.179131 2.175665 3.185835
v 0.179131 2.175665 3.185835
v -0.177448 2.177348 7.739511
v 0.177448 2.532244 7.739511
v -0.177448 2.532244 7.739511
v 0.177448 2.177348 7.739511
v -0.156248 2.198550 7.752995
v 0.156248 2.511045 7.752995
v -0.156248 2.511045 7.752995
v 0.156248 2.198550 7.752995
v -0.151085 2.203712 7.983676
v 0.248948 2.603744 2.867188
v -0.312385 2.354796 1.887744
v 0.000000 2.042411 1.887744
v 0.000000 2.667181 1.887744
v 0.312385 2.354796 1.887744
v 0.248948 2.105848 2.867188
v 0.151085 2.505882 7.983676
v -0.266466 2.088330 1.759449
v 0.266466 2.088330 1.759449
v 0.000000 2.603416 2.896819
v 0.000000 2.106176 2.896819
v 0.248620 2.354796 2.896819
v -0.248620 2.354796 2.896819
v -0.174335 2.180461 5.137618
v 0.174335 2.529132 5.137619
v -0.174335 2.529132 6.690278
v 0.174335 2.180461 6.690278
v -0.238602 2.354796 5.781610
v 0.000000 2.593399 5.781610
v 0.000000 2.116194 5.781610
v 0.238602 2.354796 5.781610
v -0.309456 2.664252 2.218712
v -0.402804 2.354796 1.811625
v 0.000000 1.951992 1.811625
v 0.000000 2.757600 1.811625
v 0.402804 2.354796 1.811625
v 0.309456 2.045341 2.218712
v -0.309456 2.045341 2.218712
v 0.309456 2.664252 2.218712
v 0.000000 2.755603 2.678673
v 0.000000 1.953990 2.678673
v 0.400807 2.354796 2.678673
v -0.400807 2.354796 2.678673
v -0.248948 2.603744 2.867187
v -0.266466 2.621262 1.759449
v 0.266466 2.621262 1.759449
v -0.248948 2.105848 2.867188
v 0.300322 2.655118 3.359088
v -0.300322 2.655118 3.359088
v 0.373544 2.354796 3.343281
v 0.000000 1.981252 3.343281
v 0.000000 2.728340 3.343281
v -0.373544 2.354796 3.343281
v -0.174335 2.529131 5.137618
v 0.174335 2.180461 5.137619
v -0.244657 2.354796 4.631272
v 0.244657 2.354796 4.631272
v 0.000000 2.110139 4.631272
v 0.000000 2.599453 4.631272
v -0.309824 2.664620 3.894511
v 0.309824 2.044972 3.894511
v 0.430430 2.354796 3.357440
v 0.000000 1.924366 3.357440
v 0.000000 2.785227 3.357440
v -0.430430 2.354796 3.357440
v -0.281972 2.072824 4.442609
v 0.281972 2.636769 4.442609
v -0.309898 2.354796 4.482100
v 0.309898 2.354796 4.482100
v 0.000000 2.044898 4.482100
v 0.000000 2.664694 4.482101
v 0.300322 2.054474 3.359088
v -0.300322 2.054474 3.359088
v -0.209574 2.145222 4.598966
v -0.219197 2.573994 4.559134
v 0.219197 2.573994 4.559134
v 0.219197 2.135599 4.559134
v -0.281972 2.636769 4.442609
v 0.281972 2.072824 4.442609
v -0.309824 2.044972 3.894511
v 0.309824 2.664620 3.894511
v 0.000000 2.784950 4.432059
v 0.000000 1.924642 4.432059
v 0.430154 2.354796 4.432059
v -0.430154 2.354796 4.432059
v -0.219198 2.135599 4.559134
v -0.209574 2.564370 4.598966
v 0.209574 2.564370 4.598967
v 0.209574 2.145223 4.598967
v 0.000000 2.051403 4.595318
v 0.303394 2.354796 4.595318
v -0.303394 2.354796 4.595318
v 0.000000 2.658190 4.595318
v -0.217193 2.571990 3.240849
v 0.000000 2.660143 3.305339
v 0.217193 2.571990 3.240849
v 0.000000 2.656508 3.217913
v 0.217193 2.137603 3.240849
v 0.000000 2.049449 3.305339
v -0.217193 2.137603 3.240849
v 0.000000 2.053084 3.217913
v 0.305347 2.354796 3.305339
v 0.301712 2.354796 3.217913
v -0.301712 2.354796 3.217913
v -0.305347 2.354796 3.305339
v 0.174335 2.529132 3.043423
v -0.209439 2.564236 3.216082
v -0.252383 2.102413 3.330321
v -0.252383 2.607179 3.330321
v -0.209439 2.145357 3.216082
v 0.252383 2.607179 3.330321
v 0.174335 2.180461 3.043423
v 0.252383 2.102413 3.330321
v 0.209439 2.564236 3.216082
v -0.174335 2.529132 3.043423
v -0.174335 2.180461 3.043424
v 0.209439 2.145357 3.216082
v 0.000000 2.109882 3.185118
v 0.244914 2.354796 3.185118
v -0.244914 2.354796 3.185118
v 0.000000 2.599710 3.185118
v -0.174335 2.180461 6.690278
v 0.174335 2.529132 6.690278
v -0.177251 2.532048 7.731933
v 0.177251 2.177547 7.731933
v -0.243053 2.354796 7.739413
v 0.000000 2.597851 7.739413
v 0.000000 2.111743 7.739413
v 0.243053 2.354796 7.739413
v -0.177251 2.177547 7.731933
v 0.177251 2.532048 7.731933
v -0.151085 2.505882 7.983676
v 0.151085 2.203712 7.983676
v -0.213432 2.354796 7.753724
v 0.000000 2.568228 7.753725
v 0.000000 2.141366 7.753725
v 0.213432 2.354796 7.753724
v 0.000000 2.722245 1.759589
v 0.206633 2.354797 7.983676
v 0.000000 2.148164 7.983676
v 0.000000 2.561430 7.983675
v 0.000000 2.696346 2.867098
v 0.341550 2.354796 2.867098
v 0.000000 1.987348 1.759589
v -0.238602 2.354796 6.690278
v 0.000000 2.593399 5.137618
v 0.000000 2.116194 5.137619
v 0.238602 2.354796 5.137619
v -0.424392 2.354796 2.218709
v 0.000000 2.779189 2.218709
v 0.000000 1.930404 2.218709
v 0.424392 2.354796 2.218709
v -0.367449 2.354796 1.759589
v -0.341550 2.354796 2.867098
v 0.000000 2.013247 2.867098
v 0.367449 2.354796 1.759589
v 0.412177 2.354796 3.358944
v -0.238602 2.354796 5.137618
v 0.000000 2.766973 3.358944
v 0.000000 2.655083 4.559157
v -0.424898 2.354796 3.894511
v 0.386893 2.354796 4.442775
v 0.000000 1.967903 4.442775
v 0.000000 2.741689 4.442775
v -0.300287 2.354796 4.559156
v -0.412177 2.354796 3.358944
v 0.000000 1.942619 3.358944
v 0.300287 2.354796 4.559157
v 0.000000 2.054509 4.559157
v 0.000000 2.779695 3.894511
v 0.000000 1.929898 3.894511
v 0.424898 2.354796 3.894511
v -0.386893 2.354796 4.442775
v 0.000000 2.067654 4.599241
v 0.287143 2.354796 4.599241
v -0.287143 2.354796 4.599240
v 0.000000 2.641939 4.599241
v 0.000000 2.652328 3.240849
v 0.000000 2.057264 3.240849
v 0.297532 2.354796 3.240849
v -0.297532 2.354796 3.240849
v 0.000000 2.641775 3.215821
v -0.346163 2.354796 3.330134
v -0.238602 2.354796 3.043423
v 0.000000 2.700959 3.330134
v 0.286979 2.354796 3.215821
v 0.000000 2.008633 3.330134
v 0.000000 2.067817 3.215821
v 0.346163 2.354796 3.330134
v 0.000000 2.116194 3.043423
v 0.238602 2.354796 3.043423
v -0.286979 2.354796 3.215821
v 0.000000 2.593398 3.043423
v -0.242761 2.354796 7.732168
v 0.000000 2.593399 6.690278
v 0.000000 2.116194 6.690278
v 0.238602 2.354796 6.690278
v -0.206633 2.354797 7.983676
v 0.000000 2.597558 7.732168
v 0.000000 2.112036 7.732168
v 0.242761 2.354796 7.732168
v -0.202620 2.152177 2.928758
v -0.206634 2.148162 2.921533
v -0.206634 2.561430 2.921533
v -0.202620 2.557416 2.928758
v 0.206634 2.148162 2.921533
v 0.202620 2.152177 2.928758
v 0.202620 2.557416 2.928758
v 0.206634 2.561430 2.921533
v -0.206108 2.148688 4.649325
v -0.202620 2.152177 4.657893
v 0.206108 2.560904 4.649325
v 0.202620 2.557416 4.657893
v -0.202620 2.557416 4.657893
v -0.206108 2.560904 4.649325
v 0.202620 2.152177 4.657893
v 0.206108 2.148688 4.649325
v -0.248194 2.602990 4.512237
v -0.252108 2.606904 4.504435
v -0.334215 2.689011 3.334975
v -0.338108 2.692904 3.342605
v 0.248194 2.106602 4.512237
v 0.252108 2.102688 4.504435
v 0.338108 2.016688 3.342605
v 0.334215 2.020581 3.334975
v 0.334215 2.689011 3.334975
v 0.338108 2.692904 3.342605
v -0.338108 2.016688 3.342605
v -0.334215 2.020581 3.334975
v -0.252108 2.102688 4.504435
v -0.248194 2.106602 4.512237
v 0.252108 2.606904 4.504435
v 0.248194 2.602990 4.512237
v -0.338108 2.692904 4.446418
v -0.334276 2.689072 4.454221
v 0.338108 2.016688 4.446418
v 0.334276 2.020520 4.454221
v -0.334276 2.020520 4.454221
v -0.338108 2.016688 4.446418
v 0.334276 2.689072 4.454221
v 0.338108 2.692904 4.446418
v -0.243186 2.111610 4.616300
v -0.246757 2.108039 4.607732
v -0.243186 2.597982 4.616300
v -0.246757 2.601553 4.607732
v 0.246757 2.601553 4.607732
v 0.243186 2.597982 4.616300
v 0.246757 2.108039 4.607732
v 0.243186 2.111610 4.616300
v -0.241942 2.596738 3.197094
v -0.245478 2.600274 3.205572
v -0.245478 2.600274 3.276126
v -0.249250 2.604047 3.284084
v 0.241942 2.112854 3.197094
v 0.245478 2.109318 3.205572
v 0.245478 2.109318 3.276126
v 0.249250 2.105546 3.284084
v -0.249250 2.105546 3.284084
v -0.245478 2.109318 3.276126
v -0.245478 2.109318 3.205572
v -0.241942 2.112854 3.197094
v 0.249250 2.604047 3.284084
v 0.245478 2.600274 3.276126
v 0.245478 2.600274 3.205572
v 0.241942 2.596738 3.197094
v 0.202620 2.557416 3.158089
v 0.206156 2.560952 3.166567
v -0.206156 2.560952 3.166567
v -0.202620 2.557416 3.158089
v -0.206156 2.148640 3.166567
v -0.202620 2.152177 3.158089
v 0.202620 2.152177 3.158089
v 0.206156 2.148640 3.166567
v -0.202620 2.152178 7.752291
v -0.198999 2.155797 7.760598
v 0.198999 2.553797 7.760598
v 0.202620 2.557416 7.752291
v -0.198999 2.553797 7.760598
v -0.202620 2.557416 7.752291
v 0.202620 2.152178 7.752291
v 0.198999 2.155797 7.760598
v -0.182990 2.171808 7.773187
v -0.179369 2.175427 7.781494
v 0.179369 2.534167 7.781494
v 0.182990 2.537786 7.773187
v -0.179369 2.534167 7.781494
v -0.182990 2.537786 7.773187
v 0.182990 2.171808 7.773187
v 0.179369 2.175427 7.781494
v 0.000000 2.633398 2.928758
v 0.000000 2.638918 2.921533
v 0.000000 2.076194 2.928758
v 0.000000 2.070674 2.921533
v 0.278602 2.354796 2.928758
v 0.284122 2.354796 2.921533
v -0.284122 2.354796 2.921533
v -0.278602 2.354796 2.928758
v -0.283399 2.354796 4.649325
v -0.278602 2.354796 4.657893
v 0.278602 2.354796 4.657893
v 0.283399 2.354796 4.649325
v 0.000000 2.076194 4.657893
v 0.000000 2.071398 4.649325
v 0.000000 2.633398 4.657893
v 0.000000 2.638195 4.649325
v 0.464898 2.354796 3.342605
v 0.459545 2.354796 3.334975
v 0.000000 1.889898 3.342605
v 0.000000 1.895251 3.334975
v 0.000000 2.819695 3.342605
v 0.000000 2.814342 3.334975
v -0.459545 2.354796 3.334975
v -0.464898 2.354796 3.342605
v -0.346649 2.354796 4.504435
v -0.341267 2.354796 4.512237
v 0.341267 2.354796 4.512237
v 0.346649 2.354796 4.504435
v 0.000000 2.013530 4.512237
v 0.000000 2.008147 4.504435
v 0.000000 2.696063 4.512237
v 0.000000 2.701445 4.504435
v 0.000000 2.814425 4.454221
v 0.000000 2.819695 4.446418
v 0.000000 1.895167 4.454221
v 0.000000 1.889898 4.446418
v 0.459629 2.354796 4.454221
v 0.464898 2.354796 4.446418
v -0.464898 2.354796 4.446418
v -0.459629 2.354796 4.454221
v 0.000000 2.015506 4.607732
v 0.000000 2.020415 4.616300
v 0.339291 2.354796 4.607733
v 0.334381 2.354796 4.616300
v -0.339291 2.354796 4.607732
v -0.334381 2.354796 4.616300
v 0.000000 2.694087 4.607733
v 0.000000 2.689177 4.616300
v 0.000000 2.697515 3.284084
v 0.000000 2.692328 3.276126
v 0.000000 2.687466 3.197094
v 0.000000 2.692328 3.205572
v 0.000000 2.012077 3.284084
v 0.000000 2.017264 3.276126
v 0.000000 2.022126 3.197094
v 0.000000 2.017264 3.205572
v 0.342719 2.354796 3.284084
v 0.337532 2.354796 3.276126
v 0.332670 2.354796 3.197094
v 0.337532 2.354796 3.205572
v -0.332670 2.354796 3.197094
v -0.337532 2.354796 3.205572
v -0.342719 2.354796 3.284084
v -0.337532 2.354796 3.276126
v 0.000000 2.071332 3.166567
v 0.000000 2.076194 3.158089
v 0.283464 2.354796 3.166567
v 0.278602 2.354796 3.158089
v -0.278602 2.354796 3.158089
v -0.283464 2.354796 3.166567
v 0.000000 2.638260 3.166567
v 0.000000 2.633398 3.158089
v -0.278602 2.354796 7.752291
v -0.273624 2.354796 7.760598
v 0.000000 2.628421 7.760598
v 0.000000 2.633399 7.752291
v 0.000000 2.081172 7.760598
v 0.000000 2.076195 7.752291
v 0.273624 2.354796 7.760598
v 0.278602 2.354796 7.752291
v -0.251611 2.354796 7.773187
v -0.246633 2.354796 7.781494
v 0.000000 2.601429 7.781494
v 0.000000 2.606407 7.773187
v 0.000000 2.108164 7.781494
v 0.000000 2.103186 7.773187
v 0.246633 2.354796 7.781494
v 0.251611 2.354796 7.773187
v 0.262817 2.617613 2.896850
v 0.272479 2.627276 2.884046
v 0.262817 2.091980 2.896850
v 0.272479 2.082317 2.884046
v -0.272479 2.627276 2.884046
v -0.262817 2.617613 2.896850
v -0.272480 2.082317 2.884046
v -0.262817 2.091980 2.896850
v 0.000000 2.729455 2.884046
v 0.000000 2.716169 2.896850
v 0.374659 2.354796 2.884046
v 0.361373 2.354796 2.896850
v -0.374659 2.354796 2.884046
v -0.361373 2.354796 2.896850
v 0.000000 1.980137 2.884046
v 0.000000 1.993423 2.896850
v -0.179369 2.175428 8.186318
v -0.175485 2.179313 8.191319
v -0.175485 2.530282 8.191319
v -0.179369 2.534167 8.186318
v 0.175485 2.179313 8.191319
v 0.179369 2.175428 8.186317
v 0.179369 2.534167 8.186317
v 0.175485 2.530282 8.191319
v -0.241291 2.354797 8.191319
v -0.246633 2.354797 8.186317
v 0.241291 2.354797 8.191319
v 0.246633 2.354797 8.186318
v 0.000000 2.108164 8.186318
v 0.000000 2.113506 8.191319
v 0.000000 2.601430 8.186318
v 0.000000 2.596089 8.191319
v -0.154981 2.199816 8.191319
v -0.151085 2.203712 8.186318
v -0.151085 2.505882 8.186318
v -0.154981 2.509779 8.191319
v 0.151085 2.203712 8.186317
v 0.154981 2.199816 8.191319
v 0.154981 2.509779 8.191319
v 0.151085 2.505882 8.186317
v -0.206633 2.354797 8.186317
v -0.211961 2.354797 8.191319
v 0.206633 2.354797 8.186318
v 0.211961 2.354797 8.191319
v 0.000000 2.142836 8.191319
v 0.000000 2.148164 8.186318
v 0.000000 2.566759 8.191319
v 0.000000 2.561430 8.186318
vn -0.5923 -0.5923 -0.5462
vn -0.0000 -0.8446 -0.5354
vn 0.5923 -0.5923 -0.5462
vn -0.5227 0.5227 -0.6734
vn -0.0000 0.9339 -0.3576
vn -0.0000 0.7486 -0.6630
vn 0.5227 0.5227 -0.6734
vn 0.6597 0.6597 -0.3601
vn 0.5923 0.5923 -0.5462
vn -0.0000 0.8446 -0.5354
vn -0.5923 0.5923 -0.5462
vn 0.5227 -0.5227 -0.6734
vn -0.0000 -0.9339 -0.3576
vn -0.0000 -0.7486 -0.6630
vn -0.5227 -0.5227 -0.6734
vn -0.6597 -0.6597 -0.3601
vn -0.7071 0.7071 -0.0000
vn -1.0000 -0.0000 -0.0000
vn -0.7071 -0.7071 -0.0000
vn -0.0000 1.0000 -0.0000
vn 0.7071 0.7071 -0.0000
vn 0.7071 -0.7071 -0.0000
vn -0.0000 -1.0000 -0.0000
vn 1.0000 -0.0000 -0.0000
vn -0.6952 -0.6952 0.1829
vn -1.0000 -0.0000 -0.0028
vn -0.7071 -0.7071 -0.0029
vn -0.6952 0.6952 0.1829
vn -0.9838 -0.0000 0.1793
vn -0.6597 0.6597 -0.3601
vn -0.9339 -0.0000 -0.3576
vn -0.0000 1.0000 -0.0028
vn 0.7071 0.7071 -0.0029
vn -0.0000 0.9838 0.1793
vn 0.6952 0.6952 0.1829
vn -0.0000 -1.0000 -0.0028
vn 0.6597 -0.6597 -0.3601
vn 0.6952 -0.6952 0.1829
vn -0.0000 -0.9838 0.1793
vn 1.0000 -0.0000 -0.0028
vn 0.7071 -0.7071 -0.0029
vn 0.9339 -0.0000 -0.3576
vn 0.9838 -0.0000 0.1793
vn 0.8446 -0.0000 -0.5354
vn -0.7486 -0.0000 -0.6630
vn -0.8446 -0.0000 -0.5354
vn 0.7486 -0.0000 -0.6630
vn 0.2745 -0.2745 -0.9216
vn 0.3755 -0.0000 -0.9268
vn 0.2591 -0.2591 -0.9304
vn 0.2745 0.2745 -0.9216
vn 0.3987 -0.0000 -0.9171
vn -0.0000 0.3754 -0.9268
vn 0.2591 0.2591 -0.9304
vn -0.2745 0.2745 -0.9216
vn -0.0000 0.3987 -0.9171
vn -0.3755 -0.0000 -0.9268
vn -0.2591 0.2591 -0.9304
vn -0.2745 -0.2745 -0.9216
vn -0.3987 -0.0000 -0.9171
vn -0.0000 -0.3755 -0.9268
vn -0.2591 -0.2591 -0.9304
vn -0.0000 -0.3987 -0.9171
vn -0.2997 -0.2997 -0.9057
vn -0.2997 0.2997 -0.9057
vn -0.4337 -0.0000 -0.9011
vn -0.0000 0.4337 -0.9011
vn 0.2997 0.2997 -0.9057
vn 0.2997 -0.2997 -0.9057
vn -0.0000 -0.4337 -0.9011
vn 0.4337 -0.0000 -0.9011
vn 0.6470 0.6470 0.4035
vn -0.0000 0.9187 0.3949
vn -0.0000 0.9188 0.3948
vn -0.6470 0.6470 0.4035
vn -0.0000 -0.9527 0.3040
vn 0.5703 -0.5703 0.5911
vn -0.0000 -0.8271 0.5620
vn -0.5703 -0.5703 0.5911
vn -0.7070 0.7070 -0.0156
vn -0.8610 -0.0000 -0.5086
vn -0.5987 0.5987 -0.5321
vn -0.7070 -0.7070 -0.0156
vn -0.5987 -0.5987 -0.5321
vn 0.7070 0.7070 -0.0156
vn -0.0000 0.8610 -0.5086
vn 0.5987 0.5987 -0.5321
vn -0.0000 -0.8610 -0.5086
vn 0.7070 -0.7070 -0.0156
vn 0.5987 -0.5987 -0.5321
vn 0.2069 -0.2069 -0.9562
vn -0.0000 -0.3031 -0.9530
vn -0.0000 -0.3046 -0.9525
vn -0.2069 -0.2069 -0.9563
vn -0.0000 -0.9850 -0.1725
vn -0.6725 -0.6725 -0.3089
vn -0.0000 -0.9539 -0.3000
vn 0.6725 -0.6725 -0.3089
vn -0.3031 -0.0000 -0.9530
vn -0.3046 -0.0000 -0.9525
vn -0.2069 0.2069 -0.9563
vn -0.9850 -0.0000 -0.1725
vn -0.6725 0.6725 -0.3089
vn -0.9539 -0.0000 -0.3000
vn -0.6470 -0.6470 0.4035
vn -0.0000 -0.9187 0.3949
vn -0.0000 -0.9188 0.3948
vn 0.6470 -0.6470 0.4035
vn -0.0000 0.9527 0.3040
vn -0.5703 0.5703 0.5911
vn -0.0000 0.8271 0.5620
vn 0.5703 0.5703 0.5911
vn 0.7071 0.7071 0.0022
vn 1.0000 -0.0000 0.0041
vn 0.7071 0.7071 0.0042
vn 0.7071 -0.7071 0.0022
vn 0.7071 -0.7071 0.0042
vn 1.0000 -0.0000 0.0021
vn -0.7071 -0.7071 -0.0062
vn -0.0000 -0.8689 -0.4949
vn -0.6053 -0.6053 -0.5169
vn 0.7071 -0.7071 -0.0062
vn 0.6053 -0.6053 -0.5169
vn -0.0000 -1.0000 -0.0060
vn 0.7071 0.7071 -0.0062
vn -0.0000 0.8689 -0.4949
vn 0.6053 0.6053 -0.5169
vn -0.7071 0.7071 -0.0062
vn -0.6053 0.6053 -0.5169
vn -0.0000 1.0000 -0.0060
vn -0.8689 -0.0000 -0.4949
vn -1.0000 -0.0000 -0.0060
vn 0.6960 0.6960 -0.1765
vn 1.0000 -0.0000 0.0009
vn 0.9850 -0.0000 -0.1725
vn 0.6960 -0.6960 -0.1765
vn 0.6708 -0.6708 0.3162
vn 0.7071 -0.7071 0.0009
vn 0.6708 0.6708 0.3161
vn 0.7071 0.7071 0.0009
vn -0.6708 -0.6708 0.3162
vn -0.0000 -1.0000 0.0009
vn -0.6960 -0.6960 -0.1765
vn -0.7071 -0.7071 0.0009
vn -0.0000 1.0000 0.0009
vn -0.6708 0.6708 0.3161
vn -0.6960 0.6960 -0.1765
vn -0.7071 0.7071 0.0009
vn -1.0000 -0.0000 0.0009
vn -0.9527 -0.0000 0.3040
vn -0.9187 -0.0000 0.3949
vn -0.9188 -0.0000 0.3948
vn 0.9527 -0.0000 0.3040
vn 0.8271 -0.0000 0.5620
vn 0.2069 0.2069 -0.9563
vn 0.3031 -0.0000 -0.9530
vn 0.3046 -0.0000 -0.9525
vn 0.9539 -0.0000 -0.3000
vn 0.6725 0.6725 -0.3089
vn -0.0000 0.3031 -0.9530
vn -0.0000 0.3046 -0.9525
vn -0.0000 0.9850 -0.1725
vn -0.0000 0.9539 -0.3000
vn 0.9187 -0.0000 0.3949
vn 0.9188 -0.0000 0.3948
vn -0.8271 -0.0000 0.5620
vn -0.2743 0.2743 0.9217
vn -0.0989 -0.0000 0.9951
vn -0.3986 -0.0000 0.9171
vn -0.2743 -0.2743 0.9217
vn 0.0828 -0.0000 0.9966
vn -0.0535 -0.0535 0.9971
vn -0.0535 0.0535 0.9971
vn 0.8689 -0.0000 -0.4949
vn 1.0000 -0.0000 -0.0060
vn -0.0000 -0.0989 0.9951
vn -0.0000 -0.3986 0.9171
vn 0.2743 -0.2743 0.9217
vn -0.0000 0.0829 0.9966
vn 0.0535 -0.0535 0.9971
vn 0.7069 -0.7069 -0.0237
vn -0.0000 -0.9964 0.0852
vn 0.7046 -0.7046 0.0838
vn -0.7069 -0.7069 -0.0237
vn -0.7046 -0.7046 0.0838
vn -0.0000 -0.9922 -0.1243
vn -0.0000 -0.9998 -0.0196
vn 0.7071 0.7071 -0.0003
vn 1.0000 -0.0000 0.0095
vn 0.7071 0.7071 0.0096
vn 0.7071 -0.7071 -0.0003
vn 0.7071 -0.7071 0.0096
vn 1.0000 -0.0000 -0.0100
vn 1.0000 -0.0000 -0.0003
vn -0.2185 0.2185 -0.9510
vn -0.2397 -0.0000 -0.9708
vn -0.1606 0.1606 -0.9739
vn -0.2185 -0.2185 -0.9510
vn -0.1606 -0.1606 -0.9739
vn -0.3266 -0.0000 -0.9451
vn -0.3131 -0.3131 -0.8966
vn -0.3131 0.3131 -0.8966
vn 0.2185 0.2185 -0.9510
vn -0.0000 0.2397 -0.9708
vn 0.1606 0.1606 -0.9739
vn -0.0000 0.3266 -0.9451
vn 0.3131 0.3131 -0.8966
vn -0.0000 -0.2397 -0.9708
vn 0.2185 -0.2185 -0.9510
vn 0.1606 -0.1606 -0.9739
vn -0.0000 -0.3266 -0.9451
vn 0.3131 -0.3131 -0.8966
vn 0.7069 0.7069 -0.0237
vn 0.9964 -0.0000 0.0852
vn 0.7046 0.7046 0.0838
vn 0.9922 -0.0000 -0.1243
vn 0.9998 -0.0000 -0.0196
vn 0.0989 -0.0000 0.9951
vn 0.3986 -0.0000 0.9171
vn 0.2743 0.2743 0.9217
vn -0.0828 -0.0000 0.9966
vn 0.0535 0.0535 0.9971
vn -0.0000 0.0989 0.9951
vn -0.0000 0.3986 0.9171
vn -0.0000 -0.0829 0.9966
vn -0.9964 -0.0000 0.0852
vn -0.7069 0.7069 -0.0237
vn -0.7046 0.7046 0.0838
vn -0.9922 -0.0000 -0.1243
vn -0.9998 -0.0000 -0.0196
vn -0.0000 0.9964 0.0851
vn -0.0000 0.9922 -0.1243
vn -0.0000 0.9998 -0.0197
vn -0.7071 -0.7071 -0.0003
vn -0.0000 -1.0000 -0.0100
vn -0.7071 -0.7071 -0.0101
vn 0.7071 -0.7071 -0.0101
vn -0.0000 -1.0000 0.0095
vn -0.0000 -1.0000 -0.0003
vn -0.0000 1.0000 -0.0100
vn 0.7071 0.7071 -0.0101
vn -0.7071 0.7071 -0.0003
vn -0.7071 0.7071 -0.0101
vn -0.0000 1.0000 0.0095
vn -0.0000 1.0000 -0.0003
vn -1.0000 -0.0000 -0.0100
vn -1.0000 -0.0000 0.0095
vn -1.0000 -0.0000 -0.0003
vn 0.3266 -0.0000 -0.9451
vn 0.4549 -0.0000 -0.8906
vn 0.2397 -0.0000 -0.9708
vn -0.0000 0.3884 -0.9215
vn -0.0000 0.2337 -0.9723
vn 0.2546 0.2546 -0.9329
vn -0.2546 0.2546 -0.9329
vn -0.3884 -0.0000 -0.9215
vn -0.2337 -0.0000 -0.9723
vn -0.2546 -0.2546 -0.9329
vn 0.3884 -0.0000 -0.9215
vn 0.2336 -0.0000 -0.9723
vn 0.2546 -0.2546 -0.9329
vn -0.0000 -0.3884 -0.9215
vn -0.0000 -0.2337 -0.9723
vn 0.7068 -0.7069 -0.0268
vn -0.0000 -0.8070 0.5906
vn 0.5579 -0.5579 0.6143
vn -0.7068 -0.7069 -0.0268
vn -0.5579 -0.5579 0.6143
vn -0.0000 -0.9839 -0.1788
vn -0.0000 -0.9995 -0.0309
vn -0.7069 0.7069 -0.0268
vn -0.0000 0.8070 0.5906
vn -0.5579 0.5579 0.6143
vn 0.7069 0.7069 -0.0268
vn 0.5579 0.5579 0.6143
vn -0.0000 0.9839 -0.1788
vn -0.0000 0.9995 -0.0309
vn -0.8070 -0.0000 0.5906
vn -0.9839 -0.0000 -0.1788
vn -0.9995 -0.0000 -0.0309
vn 0.9839 -0.0000 -0.1788
vn 0.6959 -0.6959 -0.1772
vn 0.6959 0.6959 -0.1772
vn 0.8070 -0.0000 0.5906
vn 0.9995 -0.0000 -0.0309
vn -0.5954 -0.5954 0.5395
vn -0.0000 -0.3275 0.9448
vn -0.0000 -0.8561 0.5169
vn 0.5954 -0.5954 0.5395
vn -0.0000 -0.1395 0.9902
vn 0.2092 -0.2092 0.9552
vn -0.2092 -0.2092 0.9552
vn 0.3215 0.3215 0.8907
vn 0.3215 -0.3215 0.8907
vn 0.4678 -0.0000 0.8838
vn 0.7071 0.7071 -0.0126
vn 0.8561 -0.0000 0.5169
vn 0.5954 0.5954 0.5395
vn 0.7070 -0.7071 -0.0126
vn 0.9976 -0.0000 -0.0690
vn 0.9999 -0.0000 -0.0120
vn -0.0000 -0.4678 0.8838
vn -0.3215 -0.3215 0.8907
vn -0.5954 0.5954 0.5395
vn -0.3276 -0.0000 0.9448
vn -0.8561 -0.0000 0.5169
vn -0.1396 -0.0000 0.9902
vn -0.2092 0.2092 0.9552
vn -0.0000 0.4678 0.8838
vn -0.3215 0.3215 0.8907
vn -0.0000 0.3275 0.9448
vn -0.0000 0.8561 0.5169
vn -0.0000 0.1395 0.9902
vn 0.2092 0.2092 0.9552
vn -0.4678 -0.0000 0.8838
vn -0.0000 0.9976 -0.0690
vn 0.7052 0.7052 -0.0725
vn -0.7071 0.7071 -0.0126
vn -0.7052 0.7052 -0.0725
vn -0.0000 0.9999 -0.0120
vn -0.9976 -0.0000 -0.0690
vn -0.7070 -0.7071 -0.0126
vn -0.7052 -0.7052 -0.0725
vn -0.9999 -0.0000 -0.0120
vn 0.1396 -0.0000 0.9902
vn 0.0817 0.0817 0.9933
vn 0.0817 -0.0817 0.9933
vn 0.3276 -0.0000 0.9448
vn -0.0000 -0.9976 -0.0690
vn 0.7052 -0.7052 -0.0725
vn -0.0000 -0.9999 -0.0120
vn 0.5919 -0.0000 -0.8060
vn 0.8610 -0.0000 -0.5086
vn -0.9992 -0.0000 -0.0402
vn -0.7066 0.7066 -0.0369
vn -0.9992 -0.0000 -0.0403
vn -0.7067 -0.7066 -0.0370
vn -0.0000 -1.0000 0.0021
vn -0.0000 -1.0000 0.0041
vn -0.7071 -0.7071 0.0022
vn -0.0000 1.0000 0.0021
vn -0.0000 1.0000 0.0041
vn -0.7071 0.7071 0.0022
vn -1.0000 -0.0000 0.0021
vn -1.0000 -0.0000 0.0041
vn 0.9999 -0.0000 -0.0148
vn 0.7066 0.7066 -0.0369
vn -0.0000 0.9992 -0.0402
vn 0.7066 0.7066 -0.0367
vn -0.7066 0.7066 -0.0367
vn -0.0000 -0.5919 -0.8060
vn 0.4090 -0.4090 -0.8157
vn -0.4090 -0.4090 -0.8157
vn -0.0000 -0.9992 -0.0402
vn -0.7066 -0.7066 -0.0368
vn 0.7066 -0.7066 -0.0370
vn 0.7066 -0.7066 -0.0368
vn -0.0000 0.5919 -0.8060
vn -0.4090 0.4090 -0.8157
vn 0.4090 0.4090 -0.8157
vn 0.9992 -0.0000 -0.0402
vn -0.5919 -0.0000 -0.8060
vn 0.3849 -0.3849 0.8389
vn 0.5379 -0.0000 0.8430
vn 0.5354 -0.0000 0.8446
vn 0.3849 0.3849 0.8389
vn 0.3862 0.3862 0.8377
vn -0.3849 0.3849 0.8389
vn -0.0000 0.5379 0.8430
vn -0.3862 0.3862 0.8377
vn -0.0000 0.5354 0.8446
vn -0.0000 -0.5379 0.8430
vn 0.3862 -0.3862 0.8377
vn -0.3849 -0.3849 0.8389
vn -0.0000 -0.5354 0.8446
vn -0.5379 -0.0000 0.8430
vn -0.3862 -0.3862 0.8377
vn -0.5354 -0.0000 0.8446
vn -0.6605 -0.6605 0.3571
vn -0.6605 0.6605 0.3570
vn -0.0000 0.9388 0.3446
vn -0.9388 -0.0000 0.3446
vn 0.6605 -0.6605 0.3570
vn -0.0000 -0.9388 0.3446
vn 0.6605 0.6605 0.3570
vn 0.9388 -0.0000 0.3446
vn -0.6794 -0.6794 0.2770
vn -0.4858 -0.4858 0.7266
vn -0.5437 -0.0000 0.8393
vn -0.3768 -0.3768 0.8462
vn -0.0000 -0.9636 0.2674
vn -0.0000 -0.5437 0.8393
vn -0.0000 -0.7020 0.7121
vn 0.6794 0.6794 0.2770
vn 0.9636 -0.0000 0.2674
vn 0.4858 0.4858 0.7266
vn 0.5437 -0.0000 0.8393
vn 0.3768 0.3768 0.8462
vn -0.0000 0.5437 0.8393
vn -0.0000 0.7020 0.7122
vn -0.9636 -0.0000 0.2674
vn -0.4858 0.4858 0.7266
vn -0.3768 0.3768 0.8462
vn -0.7020 -0.0000 0.7122
vn -0.6794 0.6794 0.2770
vn -0.0000 0.9636 0.2674
vn 0.6794 -0.6794 0.2770
vn 0.4858 -0.4858 0.7266
vn 0.3768 -0.3768 0.8462
vn 0.7020 -0.0000 0.7122
vn -0.4112 0.4112 0.8135
vn -0.4061 -0.0000 0.9138
vn -0.5992 -0.0000 0.8006
vn -0.7069 0.7070 0.0213
vn -0.9447 -0.0000 0.3278
vn -0.9998 -0.0000 0.0207
vn -0.0000 0.4061 0.9138
vn -0.0000 0.5993 0.8006
vn -0.0000 0.9447 0.3278
vn -0.6651 0.6651 0.3396
vn -0.6588 -0.0000 -0.7523
vn -0.4642 0.4642 -0.7543
vn -0.6776 0.6776 -0.2860
vn -0.0000 0.9590 -0.2834
vn -0.0000 0.6588 -0.7523
vn -0.9590 -0.0000 -0.2834
vn 0.7069 -0.7069 0.0213
vn 0.9447 -0.0000 0.3278
vn 0.9998 -0.0000 0.0207
vn -0.0000 -0.4061 0.9138
vn 0.4113 -0.4112 0.8135
vn -0.0000 -0.5992 0.8006
vn -0.0000 -0.9447 0.3279
vn 0.6651 -0.6651 0.3395
vn 0.4061 -0.0000 0.9138
vn 0.2805 -0.2805 0.9180
vn 0.6776 -0.6776 -0.2860
vn -0.0000 -0.6588 -0.7523
vn 0.6588 -0.0000 -0.7523
vn 0.4642 -0.4642 -0.7544
vn -0.0000 -0.9590 -0.2834
vn 0.4642 0.4642 -0.7543
vn 0.6776 0.6776 -0.2860
vn 0.9590 -0.0000 -0.2834
vn -0.6776 -0.6776 -0.2860
vn -0.4642 -0.4642 -0.7544
vn -0.4112 -0.4112 0.8135
vn -0.2805 -0.2805 0.9180
vn -0.7069 -0.7069 0.0213
vn -0.0000 -0.9998 0.0207
vn -0.6651 -0.6651 0.3396
vn 0.4112 0.4112 0.8135
vn 0.2805 0.2805 0.9180
vn 0.5992 -0.0000 0.8006
vn 0.7069 0.7070 0.0213
vn -0.0000 0.9998 0.0207
vn 0.6651 0.6651 0.3396
vn -0.0000 0.9612 0.2758
vn -0.2805 0.2805 0.9180
vn -0.6762 -0.0000 0.7367
vn -0.9612 -0.0000 0.2758
vn -0.0000 0.6762 0.7367
vn 0.9612 -0.0000 0.2758
vn 0.6791 -0.6791 0.2785
vn -0.0000 -0.6762 0.7367
vn -0.0000 -0.9612 0.2758
vn 0.6762 -0.0000 0.7367
vn 0.4763 -0.4763 0.7392
vn -0.4763 -0.4763 0.7392
vn -0.6791 -0.6791 0.2785
vn 0.4763 0.4762 0.7392
vn 0.6791 0.6791 0.2785
vn -0.7494 -0.0000 0.6621
vn -0.5271 -0.5271 0.6666
vn -0.6833 -0.6833 0.2573
vn -0.0000 -0.9672 0.2539
vn -0.0000 -0.7495 0.6620
vn -0.6833 0.6833 0.2573
vn -0.9672 -0.0000 0.2540
vn -0.0000 0.7494 0.6621
vn -0.5271 0.5271 0.6666
vn 0.6833 0.6833 0.2573
vn -0.0000 0.9672 0.2540
vn 0.7494 -0.0000 0.6621
vn 0.5271 0.5271 0.6666
vn 0.6833 -0.6833 0.2573
vn 0.9672 -0.0000 0.2540
vn 0.5271 -0.5271 0.6666
vn -0.6852 0.6852 -0.2472
vn -0.7439 -0.0000 -0.6683
vn -0.3652 0.3652 -0.8563
vn -0.5272 -0.0000 -0.8498
vn -0.0000 0.7439 -0.6683
vn -0.0000 0.5272 -0.8498
vn -0.6711 0.6711 -0.3149
vn -0.4282 0.4282 -0.7958
vn -0.6228 -0.0000 -0.7824
vn -0.0000 0.6228 -0.7824
vn 0.6852 -0.6852 -0.2472
vn 0.9697 -0.0000 -0.2441
vn 0.3652 -0.3652 -0.8563
vn 0.7439 -0.0000 -0.6683
vn 0.5234 -0.5234 -0.6724
vn -0.0000 -0.7439 -0.6683
vn -0.0000 -0.5272 -0.8498
vn 0.6711 -0.6711 -0.3149
vn 0.9527 -0.0000 -0.3039
vn 0.4282 -0.4282 -0.7958
vn -0.0000 -0.6228 -0.7824
vn -0.4282 -0.4282 -0.7958
vn -0.0000 -0.9527 -0.3039
vn -0.9527 -0.0000 -0.3039
vn -0.6852 -0.6852 -0.2472
vn -0.9697 -0.0000 -0.2441
vn -0.0000 -0.9697 -0.2441
vn -0.3652 -0.3652 -0.8563
vn -0.5234 -0.5234 -0.6724
vn 0.4282 0.4282 -0.7958
vn -0.0000 0.9527 -0.3039
vn 0.6711 0.6711 -0.3149
vn 0.6228 -0.0000 -0.7824
vn 0.6852 0.6852 -0.2472
vn -0.0000 0.9697 -0.2442
vn 0.3652 0.3652 -0.8563
vn 0.5272 -0.0000 -0.8498
vn 0.5234 0.5234 -0.6724
vn -0.0000 0.9620 -0.2730
vn 0.6782 0.6782 -0.2828
vn 0.4772 0.4772 -0.7379
vn 0.6903 -0.0000 -0.7235
vn 0.9620 -0.0000 -0.2730
vn -0.4772 0.4772 -0.7379
vn -0.6903 -0.0000 -0.7235
vn -0.0000 0.6903 -0.7235
vn -0.9620 -0.0000 -0.2730
vn -0.4772 -0.4772 -0.7379
vn -0.0000 -0.9620 -0.2730
vn -0.6782 -0.6782 -0.2829
vn 0.6782 -0.6782 -0.2829
vn 0.4772 -0.4772 -0.7379
vn -0.0000 -0.6903 -0.7235
vn -0.6837 -0.6836 0.2555
vn -0.9676 -0.0000 0.2525
vn -0.0000 -0.7268 0.6868
vn -0.3436 -0.3436 0.8740
vn -0.5114 -0.5115 0.6905
vn -0.7268 -0.0000 0.6869
vn 0.9676 -0.0000 0.2525
vn 0.7268 -0.0000 0.6869
vn 0.3436 0.3436 0.8740
vn 0.4964 -0.0000 0.8681
vn 0.6837 0.6836 0.2555
vn -0.0000 0.7268 0.6868
vn 0.5115 0.5114 0.6905
vn -0.6837 0.6836 0.2555
vn -0.0000 0.9676 0.2525
vn -0.3436 0.3436 0.8740
vn -0.0000 0.4964 0.8681
vn -0.4964 -0.0000 0.8681
vn 0.6836 -0.6836 0.2555
vn 0.3436 -0.3436 0.8740
vn -0.0000 -0.4964 0.8681
vn -0.0000 -0.9676 0.2525
vn 0.5114 -0.5115 0.6905
vn -0.6759 -0.6759 0.2936
vn -0.4612 -0.4612 0.7580
vn -0.0000 -0.9590 0.2833
vn 0.6759 0.6759 0.2936
vn 0.4612 0.4612 0.7580
vn 0.6683 -0.0000 0.7439
vn 0.9590 -0.0000 0.2834
vn -0.4612 0.4612 0.7580
vn -0.0000 0.6683 0.7439
vn -0.6683 -0.0000 0.7439
vn -0.6759 0.6759 0.2936
vn -0.0000 0.9590 0.2834
vn -0.9590 -0.0000 0.2834
vn 0.4612 -0.4612 0.7580
vn 0.6759 -0.6759 0.2936
vn -0.0000 -0.6683 0.7439
vn 0.6063 0.6063 0.5145
vn 0.3591 0.3591 0.8615
vn 0.5485 -0.0000 0.8361
vn 0.3856 0.3856 0.8382
vn -0.0000 0.8605 0.5095
vn -0.0000 0.5485 0.8361
vn -0.0000 0.5269 0.8499
vn 0.6063 -0.6063 0.5145
vn 0.3591 -0.3591 0.8615
vn -0.0000 -0.5485 0.8361
vn 0.3856 -0.3856 0.8382
vn 0.8605 -0.0000 0.5095
vn 0.5269 -0.0000 0.8499
vn -0.6063 0.6063 0.5145
vn -0.8605 -0.0000 0.5095
vn -0.3591 0.3591 0.8615
vn -0.5485 -0.0000 0.8361
vn -0.5269 -0.0000 0.8499
vn -0.3856 0.3856 0.8382
vn -0.6063 -0.6063 0.5145
vn -0.0000 -0.8605 0.5095
vn -0.3591 -0.3591 0.8615
vn -0.0000 -0.5269 0.8499
vn -0.3856 -0.3856 0.8382
vn -0.9296 -0.0000 0.3685
vn -0.6571 -0.6571 0.3694
vn -0.0000 -0.4353 0.9003
vn 0.1897 0.1897 0.9633
vn -0.3109 -0.3109 0.8982
vn -0.4354 -0.0000 0.9003
vn 0.2928 -0.0000 0.9562
vn 0.1897 -0.1897 0.9633
vn -0.3109 0.3109 0.8982
vn -0.0000 0.9296 0.3686
vn -0.0000 0.4353 0.9003
vn -0.0000 -0.2927 0.9562
vn 0.4352 -0.0000 0.9003
vn -0.1898 0.1898 0.9633
vn 0.3110 -0.3109 0.8981
vn 0.6571 -0.6571 0.3693
vn -0.0000 -0.9296 0.3686
vn -0.0000 0.2927 0.9562
vn 0.6571 0.6571 0.3693
vn 0.9296 -0.0000 0.3686
vn -0.1898 -0.1898 0.9633
vn 0.3110 0.3109 0.8981
vn -0.2927 -0.0000 0.9562
vn 0.9014 -0.0000 0.4330
vn 0.6309 0.6310 0.4515
vn -0.0000 0.9999 -0.0148
vn 0.6309 -0.6309 0.4515
vn -0.0000 -0.9013 0.4331
vn -0.0000 -0.9999 -0.0148
vn -0.6310 0.6309 0.4514
vn -0.9999 -0.0000 -0.0148
vn -0.6310 -0.6309 0.4514
vn -0.7071 0.7071 -0.0029
vn 0.6470 0.6470 0.4036
vn -0.6470 0.6470 0.4036
vn 0.2059 -0.2060 -0.9566
vn -0.2059 -0.2059 -0.9566
vn -0.2059 0.2059 -0.9566
vn -0.6470 -0.6470 0.4036
vn 0.6470 -0.6470 0.4036
vn 0.2059 0.2059 -0.9566
vn 0.0684 0.0684 0.9953
vn 0.0684 -0.0684 0.9953
vn -0.0684 0.0684 0.9953
vn -0.7011 -0.7010 -0.1306
vn 0.7011 -0.7010 -0.1306
vn -0.4549 -0.0000 -0.8906
vn -0.0000 0.4549 -0.8906
vn -0.0000 -0.4549 -0.8906
vn 0.7010 0.7011 -0.1306
vn -0.0684 -0.0684 0.9953
vn -0.7010 0.7010 -0.1306
vn -0.7071 -0.7071 0.0096
vn -0.7071 0.7071 0.0096
vn 0.1492 0.1492 -0.9775
vn -0.1492 0.1492 -0.9775
vn -0.1492 -0.1492 -0.9775
vn 0.1492 -0.1492 -0.9775
vn -0.6959 -0.6959 -0.1772
vn -0.6959 0.6959 -0.1772
vn -0.0817 -0.0817 0.9933
vn -0.0817 0.0817 0.9933
vn -0.7071 -0.7071 0.0042
vn -0.7071 0.7071 0.0042
vn -0.0000 0.9992 -0.0404
vn -0.0000 -0.9992 -0.0403
vn 0.9992 -0.0000 -0.0403
vn -0.6791 0.6791 0.2785
vn -0.4763 0.4762 0.7392
vn -0.5234 0.5234 -0.6724
vn -0.6711 -0.6711 -0.3149
vn -0.6782 0.6782 -0.2828
vn -0.5115 0.5114 0.6905
vn -0.6571 0.6571 0.3694
vn -0.0000 0.9013 0.4331
vn -0.9013 -0.0000 0.4331
vt 0.052816 0.767584
vt 0.038495 0.758334
vt 0.052816 0.758334
vt 0.024175 0.767584
vt 0.038495 0.767584
vt 0.024175 0.758334
vt 0.038495 0.752801
vt 0.052816 0.752801
vt 0.110097 0.767584
vt 0.095777 0.758334
vt 0.110097 0.758334
vt 0.081457 0.767584
vt 0.095777 0.767584
vt 0.081457 0.758334
vt 0.095777 0.752801
vt 0.110097 0.752801
vt 0.138738 0.476236
vt 0.124418 0.524480
vt 0.124418 0.476236
vt 0.110097 0.524480
vt 0.110097 0.476236
vt 0.024175 0.558672
vt 0.038495 0.524480
vt 0.038495 0.558672
vt 0.052816 0.558672
vt 0.052816 0.524480
vt 0.081457 0.558672
vt 0.095777 0.524480
vt 0.095777 0.558672
vt 0.110097 0.558672
vt 0.067136 0.524480
vt 0.067136 0.558672
vt 0.081457 0.524480
vt 0.110097 0.705553
vt 0.124418 0.730395
vt 0.110097 0.730395
vt 0.138738 0.705553
vt 0.124418 0.705553
vt 0.138738 0.752801
vt 0.124418 0.752801
vt 0.038495 0.730395
vt 0.052816 0.730395
vt 0.024175 0.752801
vt 0.024175 0.705553
vt 0.038495 0.705553
vt 0.052816 0.705553
vt 0.095777 0.730395
vt 0.081457 0.752801
vt 0.081457 0.705553
vt 0.095777 0.705553
vt 0.067136 0.730395
vt 0.081457 0.730395
vt 0.067136 0.752801
vt 0.067136 0.705553
vt 0.138738 0.767584
vt 0.124418 0.758334
vt 0.138738 0.758334
vt 0.124418 0.767584
vt 0.067136 0.758334
vt 0.067136 0.767584
vt 0.081457 0.664774
vt 0.067136 0.662588
vt 0.081457 0.662588
vt 0.052816 0.664774
vt 0.067136 0.664774
vt 0.138738 0.558672
vt 0.124418 0.558672
vt 0.038495 0.662588
vt 0.052816 0.662588
vt 0.024175 0.664774
vt 0.038495 0.664774
vt 0.138738 0.664774
vt 0.124418 0.662588
vt 0.138738 0.662588
vt 0.110097 0.664774
vt 0.124418 0.664774
vt 0.095777 0.662588
vt 0.110097 0.662588
vt 0.095777 0.664774
vt 0.110097 0.666323
vt 0.138738 0.666323
vt 0.124418 0.666323
vt 0.024175 0.666323
vt 0.038495 0.666323
vt 0.052816 0.666323
vt 0.081457 0.666323
vt 0.095777 0.666323
vt 0.067136 0.666323
vt 0.038495 0.476236
vt 0.052816 0.476236
vt 0.024175 0.476236
vt 0.095777 0.476236
vt 0.067136 0.476236
vt 0.081457 0.476236
vt 0.052816 0.025185
vt 0.038495 0.032622
vt 0.038495 0.025185
vt 0.024175 0.025185
vt 0.038495 0.036017
vt 0.024175 0.032622
vt 0.052816 0.032622
vt 0.081457 0.382386
vt 0.067136 0.370152
vt 0.081457 0.370152
vt 0.052816 0.382386
vt 0.052816 0.370152
vt 0.110097 0.382386
vt 0.095777 0.370152
vt 0.110097 0.370152
vt 0.038495 0.370152
vt 0.024175 0.382386
vt 0.024175 0.370152
vt 0.024175 0.097838
vt 0.038495 0.092617
vt 0.038495 0.097838
vt 0.052816 0.097838
vt 0.038495 0.082108
vt 0.052816 0.092617
vt 0.024175 0.092617
vt 0.067136 0.092617
vt 0.067136 0.097838
vt 0.081457 0.097838
vt 0.067136 0.082108
vt 0.081457 0.092617
vt 0.110097 0.025185
vt 0.095777 0.032622
vt 0.095777 0.025185
vt 0.081457 0.025185
vt 0.095777 0.036017
vt 0.081457 0.032622
vt 0.110097 0.032622
vt 0.110097 0.312121
vt 0.124418 0.367826
vt 0.110097 0.367826
vt 0.138738 0.312121
vt 0.138738 0.367826
vt 0.124418 0.263878
vt 0.124418 0.312121
vt 0.110097 0.263878
vt 0.052816 0.229686
vt 0.038495 0.202782
vt 0.052816 0.202782
vt 0.024175 0.229686
vt 0.024175 0.202782
vt 0.038495 0.263878
vt 0.038495 0.229686
vt 0.110097 0.229686
vt 0.095777 0.202782
vt 0.110097 0.202782
vt 0.081457 0.229686
vt 0.081457 0.202782
vt 0.095777 0.263878
vt 0.095777 0.229686
vt 0.067136 0.202782
vt 0.067136 0.263878
vt 0.067136 0.229686
vt 0.110097 0.082108
vt 0.124418 0.057658
vt 0.124418 0.082108
vt 0.138738 0.082108
vt 0.138738 0.036017
vt 0.138738 0.057658
vt 0.110097 0.036017
vt 0.110097 0.057658
vt 0.052816 0.036017
vt 0.038495 0.057658
vt 0.024175 0.036017
vt 0.024175 0.082108
vt 0.024175 0.057658
vt 0.052816 0.082108
vt 0.052816 0.057658
vt 0.095777 0.057658
vt 0.081457 0.036017
vt 0.081457 0.082108
vt 0.081457 0.057658
vt 0.067136 0.057658
vt 0.067136 0.036017
vt 0.138738 0.025185
vt 0.124418 0.032622
vt 0.124418 0.025185
vt 0.124418 0.036017
vt 0.138738 0.032622
vt 0.110097 0.097838
vt 0.124418 0.092617
vt 0.124418 0.097838
vt 0.138738 0.097838
vt 0.138738 0.092617
vt 0.110097 0.092617
vt 0.095777 0.092617
vt 0.095777 0.097838
vt 0.095777 0.082108
vt 0.067136 0.032622
vt 0.067136 0.025185
vt 0.081457 0.125667
vt 0.067136 0.127905
vt 0.067136 0.125667
vt 0.052816 0.125667
vt 0.067136 0.128894
vt 0.052816 0.127905
vt 0.081457 0.127905
vt 0.138738 0.229686
vt 0.138738 0.263878
vt 0.124418 0.202782
vt 0.124418 0.229686
vt 0.038495 0.127905
vt 0.038495 0.125667
vt 0.024175 0.125667
vt 0.038495 0.128894
vt 0.024175 0.127905
vt 0.024175 0.197121
vt 0.038495 0.199050
vt 0.024175 0.199050
vt 0.052816 0.197121
vt 0.052816 0.199050
vt 0.038495 0.192977
vt 0.038495 0.197121
vt 0.110097 0.157415
vt 0.124418 0.185960
vt 0.110097 0.185960
vt 0.138738 0.157415
vt 0.138738 0.185960
vt 0.124418 0.128894
vt 0.124418 0.157415
vt 0.081457 0.188358
vt 0.067136 0.185960
vt 0.081457 0.185960
vt 0.052816 0.188358
vt 0.052816 0.185960
vt 0.067136 0.188358
vt 0.052816 0.192977
vt 0.081457 0.192977
vt 0.110097 0.188358
vt 0.095777 0.185960
vt 0.095777 0.188358
vt 0.110097 0.192977
vt 0.038495 0.185960
vt 0.024175 0.188358
vt 0.024175 0.185960
vt 0.038495 0.188358
vt 0.024175 0.192977
vt 0.110097 0.197121
vt 0.124418 0.199050
vt 0.110097 0.199050
vt 0.138738 0.197121
vt 0.138738 0.199050
vt 0.124418 0.192977
vt 0.124418 0.197121
vt 0.138738 0.125667
vt 0.124418 0.127905
vt 0.124418 0.125667
vt 0.110097 0.125667
vt 0.110097 0.127905
vt 0.138738 0.127905
vt 0.095777 0.127905
vt 0.095777 0.125667
vt 0.095777 0.128894
vt 0.067136 0.199050
vt 0.081457 0.197121
vt 0.081457 0.199050
vt 0.067136 0.192977
vt 0.067136 0.197121
vt 0.095777 0.199050
vt 0.095777 0.192977
vt 0.095777 0.197121
vt 0.052816 0.157415
vt 0.052816 0.128894
vt 0.024175 0.157415
vt 0.024175 0.128894
vt 0.038495 0.157415
vt 0.110097 0.128894
vt 0.081457 0.157415
vt 0.081457 0.128894
vt 0.095777 0.157415
vt 0.067136 0.157415
vt 0.124418 0.188358
vt 0.138738 0.192977
vt 0.138738 0.188358
vt 0.095777 0.199946
vt 0.110097 0.199946
vt 0.081457 0.199946
vt 0.067136 0.199946
vt 0.052816 0.199946
vt 0.124418 0.199946
vt 0.138738 0.202782
vt 0.138738 0.199946
vt 0.038495 0.199946
vt 0.024175 0.199946
vt 0.024175 0.118025
vt 0.038495 0.121495
vt 0.024175 0.121495
vt 0.052816 0.118025
vt 0.052816 0.121495
vt 0.038495 0.116785
vt 0.038495 0.118025
vt 0.081457 0.118025
vt 0.095777 0.121495
vt 0.081457 0.121495
vt 0.110097 0.118025
vt 0.110097 0.121495
vt 0.095777 0.116785
vt 0.095777 0.118025
vt 0.067136 0.121495
vt 0.067136 0.116785
vt 0.067136 0.118025
vt 0.138738 0.118025
vt 0.124418 0.116785
vt 0.138738 0.116785
vt 0.110097 0.116785
vt 0.124418 0.121495
vt 0.124418 0.118025
vt 0.052816 0.113211
vt 0.038495 0.115986
vt 0.038495 0.113211
vt 0.024175 0.113211
vt 0.024175 0.115986
vt 0.052816 0.115986
vt 0.110097 0.124036
vt 0.138738 0.124036
vt 0.124418 0.124036
vt 0.138738 0.121495
vt 0.110097 0.105662
vt 0.124418 0.113211
vt 0.110097 0.113211
vt 0.138738 0.105662
vt 0.138738 0.113211
vt 0.124418 0.105662
vt 0.038495 0.124036
vt 0.024175 0.124036
vt 0.052816 0.124036
vt 0.081457 0.113211
vt 0.067136 0.115986
vt 0.067136 0.113211
vt 0.081457 0.115986
vt 0.095777 0.124036
vt 0.081457 0.124036
vt 0.095777 0.115986
vt 0.095777 0.113211
vt 0.110097 0.115986
vt 0.067136 0.124036
vt 0.081457 0.105662
vt 0.095777 0.105662
vt 0.052816 0.105662
vt 0.067136 0.105662
vt 0.138738 0.115986
vt 0.124418 0.115986
vt 0.024175 0.105662
vt 0.038495 0.105662
vt 0.124418 0.368220
vt 0.124418 0.370152
vt 0.138738 0.370152
vt 0.138738 0.368220
vt 0.110097 0.368220
vt 0.052816 0.263878
vt 0.038495 0.312121
vt 0.024175 0.312121
vt 0.024175 0.263878
vt 0.038495 0.367826
vt 0.052816 0.312121
vt 0.095777 0.312121
vt 0.081457 0.263878
vt 0.095777 0.367826
vt 0.081457 0.312121
vt 0.067136 0.312121
vt 0.067136 0.367826
vt 0.138738 0.382386
vt 0.124418 0.382386
vt 0.052816 0.368220
vt 0.052816 0.367826
vt 0.024175 0.368220
vt 0.024175 0.367826
vt 0.038495 0.368220
vt 0.081457 0.368220
vt 0.081457 0.367826
vt 0.095777 0.368220
vt 0.067136 0.368220
vt 0.138738 0.023061
vt 0.124418 0.023061
vt 0.110097 0.023061
vt 0.081457 0.023061
vt 0.095777 0.023061
vt 0.024175 0.023061
vt 0.052816 0.023061
vt 0.038495 0.023061
vt 0.067136 0.023061
vt 0.110097 0.688383
vt 0.095777 0.682295
vt 0.110097 0.682295
vt 0.124418 0.682295
vt 0.024175 0.688383
vt 0.038495 0.682295
vt 0.038495 0.688383
vt 0.138738 0.688383
vt 0.124418 0.688383
vt 0.081457 0.688383
vt 0.067136 0.682295
vt 0.081457 0.682295
vt 0.095777 0.688383
vt 0.052816 0.688383
vt 0.067136 0.688383
vt 0.052816 0.682295
vt 0.110097 0.584142
vt 0.110097 0.584739
vt 0.124418 0.586368
vt 0.110097 0.586368
vt 0.095777 0.584142
vt 0.095777 0.586368
vt 0.095777 0.584739
vt 0.052816 0.584142
vt 0.067136 0.584142
vt 0.052816 0.584739
vt 0.067136 0.586368
vt 0.052816 0.586368
vt 0.038495 0.586368
vt 0.038495 0.584739
vt 0.124418 0.584142
vt 0.024175 0.584739
vt 0.024175 0.586368
vt 0.138738 0.584739
vt 0.124418 0.584739
vt 0.024175 0.584142
vt 0.038495 0.584142
vt 0.081457 0.584142
vt 0.081457 0.584739
vt 0.081457 0.586368
vt 0.067136 0.584739
vt 0.138738 0.594264
vt 0.124418 0.597585
vt 0.124418 0.594264
vt 0.138738 0.591129
vt 0.124418 0.593664
vt 0.124418 0.591129
vt 0.038495 0.597585
vt 0.024175 0.594264
vt 0.038495 0.594264
vt 0.024175 0.591129
vt 0.038495 0.593664
vt 0.024175 0.593664
vt 0.124418 0.660712
vt 0.138738 0.660712
vt 0.024175 0.660111
vt 0.038495 0.630809
vt 0.038495 0.660111
vt 0.024175 0.662588
vt 0.038495 0.660712
vt 0.124418 0.630809
vt 0.138738 0.660111
vt 0.124418 0.660111
vt 0.081457 0.591129
vt 0.067136 0.593664
vt 0.067136 0.591129
vt 0.095777 0.597585
vt 0.081457 0.594264
vt 0.095777 0.594264
vt 0.095777 0.593664
vt 0.081457 0.593664
vt 0.067136 0.597585
vt 0.081457 0.597585
vt 0.081457 0.660111
vt 0.067136 0.630809
vt 0.081457 0.630809
vt 0.095777 0.660712
vt 0.067136 0.660712
vt 0.081457 0.660712
vt 0.095777 0.630809
vt 0.095777 0.660111
vt 0.052816 0.660712
vt 0.052816 0.660111
vt 0.052816 0.630809
vt 0.067136 0.660111
vt 0.110097 0.660111
vt 0.110097 0.630809
vt 0.110097 0.660712
vt 0.110097 0.594264
vt 0.110097 0.597585
vt 0.110097 0.591129
vt 0.095777 0.591129
vt 0.110097 0.593664
vt 0.052816 0.594264
vt 0.052816 0.597585
vt 0.067136 0.594264
vt 0.052816 0.591129
vt 0.038495 0.591129
vt 0.052816 0.593664
vt 0.024175 0.630809
vt 0.038495 0.601506
vt 0.138738 0.597585
vt 0.124418 0.600907
vt 0.124418 0.601506
vt 0.138738 0.630809
vt 0.038495 0.600907
vt 0.024175 0.597585
vt 0.067136 0.601506
vt 0.081457 0.601506
vt 0.095777 0.600907
vt 0.095777 0.601506
vt 0.067136 0.600907
vt 0.081457 0.600907
vt 0.110097 0.600907
vt 0.110097 0.601506
vt 0.052816 0.600907
vt 0.052816 0.601506
vt 0.124418 0.587996
vt 0.110097 0.587996
vt 0.110097 0.588593
vt 0.095777 0.588593
vt 0.095777 0.587996
vt 0.138738 0.588593
vt 0.124418 0.588593
vt 0.038495 0.587996
vt 0.024175 0.587996
vt 0.138738 0.586368
vt 0.024175 0.588593
vt 0.052816 0.588593
vt 0.038495 0.588593
vt 0.067136 0.587996
vt 0.052816 0.587996
vt 0.081457 0.588593
vt 0.067136 0.588593
vt 0.081457 0.587996
vt 0.138738 0.671907
vt 0.124418 0.670034
vt 0.138738 0.670034
vt 0.124418 0.672504
vt 0.138738 0.674057
vt 0.124418 0.674057
vt 0.038495 0.670034
vt 0.024175 0.671907
vt 0.024175 0.670034
vt 0.024175 0.674057
vt 0.038495 0.672504
vt 0.038495 0.674057
vt 0.138738 0.668161
vt 0.024175 0.668161
vt 0.138738 0.667562
vt 0.124418 0.667562
vt 0.024175 0.667562
vt 0.038495 0.667562
vt 0.067136 0.670034
vt 0.081457 0.671907
vt 0.067136 0.671907
vt 0.081457 0.674057
vt 0.067136 0.672504
vt 0.081457 0.672504
vt 0.095777 0.670034
vt 0.081457 0.670034
vt 0.095777 0.672504
vt 0.095777 0.674057
vt 0.081457 0.668161
vt 0.067136 0.668161
vt 0.081457 0.667562
vt 0.095777 0.667562
vt 0.110097 0.667562
vt 0.095777 0.668161
vt 0.110097 0.670034
vt 0.124418 0.668161
vt 0.110097 0.671907
vt 0.124418 0.671907
vt 0.095777 0.671907
vt 0.110097 0.674057
vt 0.110097 0.672504
vt 0.052816 0.667562
vt 0.038495 0.668161
vt 0.052816 0.670034
vt 0.052816 0.668161
vt 0.067136 0.667562
vt 0.052816 0.671907
vt 0.038495 0.671907
vt 0.052816 0.674057
vt 0.067136 0.674057
vt 0.052816 0.672504
vt 0.038495 0.676207
vt 0.052816 0.676207
vt 0.052816 0.675610
vt 0.067136 0.675610
vt 0.067136 0.676207
vt 0.138738 0.675610
vt 0.124418 0.675610
vt 0.024175 0.682295
vt 0.024175 0.675610
vt 0.038495 0.675610
vt 0.124418 0.676207
vt 0.138738 0.682295
vt 0.110097 0.675610
vt 0.095777 0.676207
vt 0.110097 0.676207
vt 0.081457 0.676207
vt 0.081457 0.675610
vt 0.095777 0.675610
vt 0.110097 0.419850
vt 0.124418 0.419850
vt 0.095777 0.419252
vt 0.110097 0.418572
vt 0.110097 0.419252
vt 0.124418 0.419252
vt 0.067136 0.419850
vt 0.067136 0.419252
vt 0.052816 0.418572
vt 0.067136 0.418572
vt 0.052816 0.419850
vt 0.038495 0.419252
vt 0.052816 0.419252
vt 0.024175 0.419850
vt 0.038495 0.419850
vt 0.138738 0.419850
vt 0.024175 0.418572
vt 0.038495 0.418572
vt 0.138738 0.418572
vt 0.124418 0.418572
vt 0.081457 0.419850
vt 0.081457 0.418572
vt 0.095777 0.418572
vt 0.095777 0.419850
vt 0.081457 0.419252
vt 0.124418 0.406559
vt 0.110097 0.417294
vt 0.110097 0.406559
vt 0.110097 0.417891
vt 0.095777 0.417294
vt 0.052816 0.417294
vt 0.038495 0.406559
vt 0.052816 0.406559
vt 0.052816 0.417891
vt 0.067136 0.417891
vt 0.067136 0.406559
vt 0.067136 0.417294
vt 0.024175 0.417891
vt 0.038495 0.417891
vt 0.138738 0.417891
vt 0.124418 0.417891
vt 0.024175 0.417294
vt 0.038495 0.417294
vt 0.138738 0.406559
vt 0.124418 0.417294
vt 0.081457 0.417891
vt 0.081457 0.417294
vt 0.095777 0.406559
vt 0.095777 0.417891
vt 0.081457 0.406559
vt 0.052816 0.694454
vt 0.052816 0.688985
vt 0.067136 0.693347
vt 0.052816 0.693347
vt 0.038495 0.694454
vt 0.038495 0.693347
vt 0.038495 0.688985
vt 0.081457 0.694454
vt 0.081457 0.688985
vt 0.095777 0.693347
vt 0.081457 0.693347
vt 0.067136 0.694454
vt 0.067136 0.688985
vt 0.138738 0.694454
vt 0.124418 0.694454
vt 0.024175 0.694454
vt 0.138738 0.688985
vt 0.124418 0.693347
vt 0.124418 0.688985
vt 0.024175 0.688985
vt 0.024175 0.693347
vt 0.110097 0.694454
vt 0.095777 0.694454
vt 0.110097 0.688985
vt 0.095777 0.688985
vt 0.110097 0.693347
vt 0.124418 0.395800
vt 0.110097 0.395800
vt 0.095777 0.395251
vt 0.110097 0.393704
vt 0.110097 0.395243
vt 0.124418 0.395251
vt 0.124418 0.393694
vt 0.138738 0.393704
vt 0.138738 0.395243
vt 0.024175 0.406559
vt 0.038495 0.395800
vt 0.038495 0.395251
vt 0.024175 0.393704
vt 0.038495 0.393694
vt 0.067136 0.395251
vt 0.081457 0.393704
vt 0.081457 0.395243
vt 0.081457 0.395800
vt 0.095777 0.395800
vt 0.095777 0.393694
vt 0.052816 0.395800
vt 0.067136 0.395800
vt 0.052816 0.393704
vt 0.052816 0.395243
vt 0.067136 0.393694
vt 0.124418 0.393146
vt 0.110097 0.393145
vt 0.095777 0.382386
vt 0.138738 0.393145
vt 0.038495 0.393145
vt 0.038495 0.382386
vt 0.081457 0.393146
vt 0.067136 0.382386
vt 0.052816 0.393146
vt 0.138738 0.524480
vt 0.024175 0.524480
vt 0.138738 0.730395
vt 0.024175 0.730395
vt 0.138738 0.128894
vt 0.052816 0.116785
vt 0.024175 0.116785
vt 0.081457 0.116785
vt 0.138738 0.584142
vt 0.138738 0.593664
vt 0.024175 0.660712
vt 0.024175 0.601506
vt 0.138738 0.600907
vt 0.138738 0.601506
vt 0.024175 0.600907
vt 0.138738 0.587996
vt 0.138738 0.672504
vt 0.024175 0.672504
vt 0.110097 0.668161
vt 0.024175 0.676207
vt 0.138738 0.676207
vt 0.024175 0.419252
vt 0.138738 0.419252
vt 0.138738 0.417294
vt 0.138738 0.693347
vt 0.024175 0.395800
vt 0.138738 0.395800
vt 0.024175 0.395243
vt 0.095777 0.393145
vt 0.024175 0.393145
vt 0.067136 0.393145
s 1
usemtl マテリアル.005
f 1847/899/633 1944/900/634 1893/901/633
f 1845/902/635 1944/900/634 1867/903/634
f 1892/904/636 1883/905/637 1944/900/638
f 1893/901/639 1883/905/637 1856/906/640
f 1844/907/641 1948/908/642 1870/909/641
f 1846/910/643 1948/908/642 1866/911/642
f 1871/912/644 1882/913/645 1948/908/646
f 1870/909/647 1882/913/645 1854/914/648
f 1874/915/649 1876/916/650 1949/917/650
f 1949/917/650 1848/918/651 1936/919/651
f 1900/920/649 1877/921/652 1950/922/652
f 1873/923/653 1877/921/652 1849/924/653
f 1901/925/654 1878/926/655 1951/927/655
f 1872/928/651 1878/926/655 1848/918/651
f 1873/923/653 1879/929/656 1952/930/656
f 1901/925/654 1879/929/656 1851/931/654
f 1858/932/657 1953/933/658 1886/934/659
f 1852/935/660 1953/933/658 1891/936/661
f 1953/933/658 1853/937/662 1881/938/663
f 1953/933/658 1854/914/648 1886/934/659
f 1856/906/640 1954/939/664 1887/940/665
f 1853/941/662 1954/939/664 1883/905/637
f 1954/939/664 1852/942/660 1888/943/666
f 1954/939/664 1859/944/667 1887/940/665
f 1854/914/648 1955/945/668 1886/934/659
f 1855/946/669 1955/945/668 1882/913/645
f 1955/945/668 1857/947/670 1889/948/671
f 1955/945/668 1858/932/657 1886/934/659
f 1855/946/669 1956/949/672 1885/950/673
f 1856/906/640 1956/949/672 1884/951/674
f 1956/949/672 1859/944/667 1890/952/675
f 1956/949/672 1857/947/670 1885/950/673
f 1845/953/635 1957/954/676 1892/955/635
f 1844/907/641 1957/954/676 1865/956/676
f 1870/909/647 1881/938/663 1957/954/677
f 1892/955/636 1881/938/663 1853/937/662
f 1846/910/643 1958/957/678 1871/912/643
f 1847/899/633 1958/957/678 1868/958/678
f 1893/901/639 1884/951/674 1958/957/679
f 1871/912/644 1884/951/674 1855/946/669
f 1861/959/680 1959/960/681 1906/961/682
f 1863/962/683 1959/960/681 1896/963/684
f 1876/916/650 1872/928/651 1848/918/651
f 1876/916/650 1900/964/649 1960/965/650
f 1863/962/683 1961/966/685 1894/967/686
f 1860/968/687 1961/966/685 1898/969/688
f 1860/970/687 1968/971/689 1895/972/690
f 1862/973/691 1968/971/689 1899/974/692
f 1862/973/691 1969/975/693 1907/976/694
f 1861/959/680 1969/975/693 1897/977/695
f 1899/974/692 1926/978/696 1862/973/691
f 1899/974/692 1927/979/697 1985/980/698
f 1927/981/697 1898/969/688 1987/982/699
f 1929/983/700 1898/969/688 1863/962/683
f 1931/984/701 1897/977/695 1989/985/702
f 1926/978/696 1897/977/695 1862/973/691
f 1929/983/700 1896/963/684 1991/986/703
f 1931/984/701 1896/963/684 1861/959/680
f 1849/924/653 1997/987/652 1937/988/653
f 1877/921/652 1874/989/649 1997/987/652
f 1848/918/651 1998/990/655 1936/919/651
f 1851/931/654 1998/990/655 1878/926/655
f 1851/931/654 1999/991/656 1875/992/654
f 1849/924/653 1999/991/656 1879/929/656
f 2007/993/704 2196/994/705 2072/995/706
f 2196/994/705 2005/996/707 2072/995/706
f 2093/997/708 2103/998/709 2196/994/710
f 2104/999/711 2093/997/708 2196/994/710
f 2191/1000/712 2195/1001/713 2067/1002/714
f 2195/1001/713 2075/1003/715 2065/1004/716
f 2068/1005/717 2194/1006/718 2064/1007/719
f 2194/1006/718 2191/1000/712 2067/1002/714
f 2075/1003/715 2193/1008/720 2065/1004/716
f 2193/1008/720 2190/1009/721 2066/1010/722
f 2009/1011/723 2200/1012/724 2078/1013/725
f 2200/1012/724 2011/1014/726 2078/1013/725
f 2098/1015/727 2069/1016/728 2200/1012/729
f 2102/1017/730 2098/1015/727 2200/1012/729
f 2011/1014/726 2201/1018/731 2080/1019/732
f 2201/1018/731 2010/1020/733 2080/1019/732
f 2100/1021/734 2074/1022/735 2201/1018/736
f 2069/1016/728 2100/1021/734 2201/1018/736
f 2004/1023/737 2202/1024/738 2071/1025/739
f 2202/1024/738 2006/1026/740 2071/1025/739
f 2092/1027/741 2077/1028/742 2202/1024/743
f 2076/1029/744 2092/1027/741 2202/1024/743
f 2180/1030/745 2184/1031/746 2060/1032/747
f 2184/1031/746 2084/1033/748 2062/1034/749
f 2086/1035/656 2084/1033/748 2203/1036/750
f 2012/1037/653 2203/1036/750 2180/1030/745
f 2083/1038/751 2117/1039/752 2029/1040/753
f 2117/1039/752 2112/1041/754 2030/1042/755
f 2087/1043/655 2112/1041/754 2204/1044/756
f 2083/1038/751 2087/1043/655 2204/1044/756
f 2082/1045/757 2116/1046/758 2028/1047/759
f 2116/1046/758 2113/1048/760 2031/1049/761
f 2088/1050/652 2113/1048/760 2205/1051/762
f 2082/1045/757 2088/1050/652 2205/1051/762
f 2113/1048/760 2115/1052/763 2031/1049/761
f 2115/1052/763 2083/1038/751 2029/1040/753
f 2089/1053/650 2083/1038/751 2206/1054/764
f 2113/1048/760 2089/1053/650 2206/1054/764
f 2022/1055/765 2207/1056/766 2101/1057/767
f 2207/1056/766 2016/1058/768 2101/1057/767
f 2207/1056/766 2017/1059/769 2090/1060/770
f 2018/1061/771 2207/1056/766 2096/1062/772
f 2020/1063/773 2208/1064/774 2093/997/708
f 2208/1064/774 2017/1065/769 2093/997/708
f 2208/1064/774 2016/1066/768 2090/1067/770
f 2023/1068/775 2208/1064/774 2097/1069/776
f 2018/1061/771 2209/1070/777 2092/1027/741
f 2209/1070/777 2019/1071/778 2092/1027/741
f 2209/1070/777 2021/1072/779 2095/1073/780
f 2022/1055/765 2209/1070/777 2096/1062/772
f 2019/1071/778 2210/1074/781 2094/1075/782
f 2210/1074/781 2020/1063/773 2094/1075/782
f 2210/1074/781 2023/1068/775 2097/1069/776
f 2021/1072/779 2210/1074/781 2095/1073/780
f 2005/1076/707 2211/1077/783 2070/1078/784
f 2211/1077/783 2004/1023/737 2070/1078/784
f 2091/1079/785 2076/1029/744 2211/1077/786
f 2103/1080/709 2091/1079/785 2211/1077/786
f 2008/1081/787 2212/1082/788 2081/1083/789
f 2212/1082/788 2009/1084/723 2081/1083/789
f 2101/1057/767 2102/1085/730 2212/1082/790
f 2105/1086/791 2101/1057/767 2212/1082/790
f 2010/1020/733 2213/1087/792 2079/1088/793
f 2213/1087/792 2008/1081/787 2079/1088/793
f 2099/1089/794 2105/1086/791 2213/1087/795
f 2074/1022/735 2099/1089/794 2213/1087/795
f 2006/1026/740 2214/1090/796 2073/1091/797
f 2214/1090/796 2007/993/704 2073/1091/797
f 2094/1075/782 2104/999/711 2214/1090/798
f 2077/1028/742 2094/1075/782 2214/1090/798
f 2025/1092/799 2215/1093/800 2108/1094/801
f 2215/1093/800 2027/1095/802 2108/1094/801
f 2120/1096/803 2106/1097/804 2215/1093/800
f 2130/1098/805 2120/1096/803 2215/1093/800
f 2082/1045/757 2086/1035/656 2012/1037/653
f 2086/1035/656 2112/1099/754 2014/1100/654
f 2114/1101/806 2112/1099/754 2216/1102/807
f 2082/1045/757 2114/1101/806 2216/1102/807
f 2027/1095/802 2217/1103/808 2110/1104/809
f 2217/1103/808 2024/1105/810 2110/1104/809
f 2122/1106/811 2107/1107/812 2217/1103/808
f 2106/1097/804 2122/1106/811 2217/1103/808
f 2133/1108/813 2151/1109/814 2045/1110/815
f 2151/1109/814 2134/1111/816 2046/1112/817
f 2129/1113/818 2134/1111/816 2218/1114/819
f 2133/1108/813 2129/1113/818 2218/1114/819
f 2138/1115/820 2143/1116/821 2042/1117/822
f 2143/1116/821 2118/1118/823 2040/1119/824
f 2123/1120/825 2118/1118/823 2219/1121/826
f 2138/1115/820 2123/1120/825 2219/1121/826
f 2137/1122/827 2142/1123/828 2041/1124/829
f 2142/1123/828 2125/1125/830 2043/1126/831
f 2220/1127/832 2039/1128/833 2125/1125/830
f 2034/1129/834 2220/1127/832 2137/1122/827
f 2124/1130/835 2141/1131/836 2042/1117/837
f 2141/1131/836 2137/1122/827 2041/1124/829
f 2221/1132/838 2034/1129/834 2137/1122/827
f 2038/1133/839 2221/1132/838 2124/1130/835
f 2125/1125/830 2140/1134/840 2043/1126/831
f 2140/1134/840 2136/1135/841 2040/1136/842
f 2222/1137/843 2032/1138/844 2136/1135/841
f 2039/1128/833 2222/1137/843 2125/1125/830
f 2144/1139/845 2150/1140/846 2044/1141/847
f 2150/1140/846 2133/1142/813 2045/1143/815
f 2126/1144/848 2133/1142/813 2223/1145/849
f 2144/1139/845 2126/1144/848 2223/1145/849
f 2024/1146/810 2224/1147/850 2111/1148/851
f 2224/1147/850 2026/1149/852 2111/1148/851
f 2123/1120/853 2131/1150/854 2224/1147/850
f 2107/1151/812 2123/1120/853 2224/1147/850
f 2026/1149/852 2225/1152/855 2109/1153/856
f 2225/1152/855 2025/1092/799 2109/1153/856
f 2121/1154/857 2130/1098/805 2225/1152/855
f 2131/1150/854 2121/1154/857 2225/1152/855
f 2134/1111/816 2149/1155/858 2046/1112/817
f 2149/1155/858 2135/1156/859 2047/1157/860
f 2127/1158/861 2135/1156/859 2226/1159/862
f 2134/1111/816 2127/1158/861 2226/1159/862
f 2135/1156/859 2148/1160/863 2047/1157/860
f 2148/1160/863 2144/1139/845 2044/1141/847
f 2128/1161/864 2144/1139/845 2227/1162/865
f 2135/1156/859 2128/1161/864 2227/1162/865
f 2139/1163/866 2122/1106/867 2036/1164/868
f 2122/1106/867 2118/1165/823 2033/1166/869
f 2140/1134/870 2118/1165/823 2228/1167/871
f 2139/1163/866 2140/1134/870 2228/1167/871
f 2138/1115/820 2121/1154/872 2037/1168/873
f 2121/1154/872 2119/1169/874 2035/1170/875
f 2141/1131/876 2119/1169/874 2229/1171/877
f 2138/1115/820 2141/1131/876 2229/1171/877
f 2119/1169/874 2120/1096/878 2035/1170/875
f 2120/1096/878 2139/1163/866 2036/1164/868
f 2142/1123/879 2139/1163/866 2230/1172/880
f 2119/1169/874 2142/1123/879 2230/1172/880
f 2038/1133/839 2231/1173/881 2126/1144/882
f 2231/1173/881 2032/1174/844 2126/1144/882
f 2143/1116/883 2136/1175/841 2231/1173/881
f 2124/1130/835 2143/1116/883 2231/1173/881
f 2031/1049/761 2232/1176/884 2116/1046/758
f 2232/1176/884 2028/1047/759 2116/1046/758
f 2148/1160/885 2132/1177/886 2232/1176/884
f 2147/1178/887 2148/1160/885 2232/1176/884
f 2029/1040/753 2233/1179/888 2115/1052/763
f 2233/1179/888 2031/1049/761 2115/1052/763
f 2149/1155/889 2147/1178/887 2233/1179/888
f 2146/1180/890 2149/1155/889 2233/1179/888
f 2028/1047/759 2234/1181/891 2114/1101/806
f 2234/1181/891 2030/1182/755 2114/1101/806
f 2150/1140/892 2145/1183/893 2234/1181/891
f 2132/1177/886 2150/1140/892 2234/1181/891
f 2030/1042/755 2235/1184/894 2117/1039/752
f 2235/1184/894 2029/1040/753 2117/1039/752
f 2151/1109/895 2146/1180/890 2235/1184/894
f 2145/1185/893 2151/1109/895 2235/1184/894
f 2152/1186/896 2153/1187/897 2049/1188/898
f 2153/1187/897 2154/1189/899 2054/1190/900
f 2155/1191/901 2154/1189/899 2236/1192/902
f 2152/1186/896 2155/1191/901 2236/1192/902
f 2156/1193/903 2157/1194/904 2051/1195/905
f 2157/1194/904 2158/1196/906 2052/1197/907
f 2159/1198/908 2158/1196/906 2237/1199/909
f 2156/1193/903 2159/1198/908 2237/1199/909
f 2154/1189/899 2160/1200/910 2054/1190/900
f 2160/1200/910 2156/1193/903 2051/1195/905
f 2161/1201/911 2156/1193/903 2238/1202/912
f 2154/1189/899 2161/1201/911 2238/1202/912
f 2152/1203/896 2162/1204/913 2048/1205/914
f 2162/1204/913 2158/1196/906 2053/1206/915
f 2163/1207/916 2158/1196/906 2239/1208/917
f 2152/1203/896 2163/1207/916 2239/1208/917
f 2056/1209/918 2240/1210/919 2179/1211/920
f 2240/1210/919 2057/1212/921 2179/1211/920
f 2155/1191/922 2165/1213/923 2240/1210/919
f 2172/1214/924 2155/1191/922 2240/1210/919
f 2166/1215/925 2111/1148/851 2026/1149/852
f 2111/1148/851 2167/1216/926 2024/1146/810
f 2241/1217/927 2049/1218/898 2167/1216/926
f 2052/1197/907 2241/1217/927 2166/1215/925
f 2174/1219/928 2178/1220/929 2058/1221/930
f 2178/1220/929 2173/1222/931 2057/1223/921
f 2081/1083/932 2173/1222/931 2242/1224/933
f 2174/1219/928 2081/1083/932 2242/1224/933
f 2054/1190/900 2243/1225/934 2153/1187/897
f 2243/1225/934 2049/1188/898 2153/1187/897
f 2110/1104/809 2167/1226/926 2243/1225/934
f 2169/1227/935 2110/1104/809 2243/1225/934
f 2059/1228/936 2244/1229/937 2177/1230/938
f 2244/1229/937 2056/1209/918 2177/1230/938
f 2161/1201/939 2172/1214/924 2244/1229/937
f 2175/1231/940 2161/1201/939 2244/1229/937
f 2052/1197/907 2245/1232/941 2157/1194/904
f 2245/1232/941 2051/1195/905 2157/1194/904
f 2109/1153/856 2171/1233/942 2245/1232/941
f 2166/1215/925 2109/1153/856 2245/1232/941
f 2058/1221/930 2246/1234/943 2176/1235/944
f 2246/1234/943 2059/1228/936 2176/1235/944
f 2159/1198/945 2175/1231/940 2246/1234/943
f 2168/1236/946 2159/1198/945 2246/1234/943
f 2051/1195/905 2247/1237/947 2160/1200/910
f 2247/1237/947 2054/1190/900 2160/1200/910
f 2108/1094/801 2169/1227/935 2247/1237/947
f 2171/1233/942 2108/1094/801 2247/1237/947
f 2174/1219/928 2079/1088/948 2008/1081/949
f 2079/1088/948 2170/1238/950 2010/1020/951
f 2176/1235/944 2170/1238/950 2248/1239/952
f 2174/1219/928 2176/1235/944 2248/1239/952
f 2170/1238/950 2080/1019/953 2010/1020/951
f 2080/1019/953 2164/1240/954 2011/1014/955
f 2177/1230/938 2164/1240/954 2249/1241/956
f 2170/1238/950 2177/1230/938 2249/1241/956
f 2168/1236/946 2162/1204/957 2053/1206/958
f 2162/1204/957 2165/1242/923 2048/1205/959
f 2250/1243/960 2057/1223/921 2165/1242/923
f 2058/1221/930 2250/1243/960 2168/1236/946
f 2164/1240/954 2078/1013/961 2011/1014/955
f 2078/1013/961 2173/1244/931 2009/1011/962
f 2179/1211/920 2173/1244/931 2251/1245/963
f 2164/1240/954 2179/1211/920 2251/1245/963
f 2064/1007/719 2252/1246/964 2192/1247/965
f 2252/1246/964 2066/1248/722 2192/1247/965
f 2184/1031/966 2182/1249/967 2252/1246/968
f 2188/1250/969 2184/1031/966 2252/1246/968
f 2013/1251/651 2253/1252/970 2087/1043/655
f 2087/1043/655 2084/1253/748 2014/1254/654
f 2185/1255/971 2084/1253/748 2253/1252/970
f 2181/1256/972 2185/1255/971 2253/1252/970
f 2012/1037/653 2254/1257/973 2088/1050/652
f 2254/1257/973 2015/1258/649 2088/1050/652
f 2186/1259/974 2085/1260/975 2254/1257/973
f 2180/1030/745 2186/1259/974 2254/1257/973
f 2015/1258/649 2255/1261/976 2089/1053/650
f 2255/1261/976 2013/1251/651 2089/1053/650
f 2187/1262/977 2181/1256/972 2255/1261/976
f 2085/1260/975 2187/1262/977 2255/1261/976
f 2192/1247/965 2190/1263/721 2256/1264/978
f 2068/1005/717 2192/1247/965 2256/1264/978
f 2189/1265/979 2185/1255/980 2061/1266/981
f 2185/1255/980 2182/1267/967 2062/1268/982
f 2257/1269/983 2066/1010/722 2182/1267/984
f 2065/1004/716 2257/1269/983 2189/1265/985
f 2188/1250/969 2186/1259/986 2060/1032/987
f 2186/1259/986 2183/1270/988 2063/1271/989
f 2258/1272/990 2067/1002/714 2183/1270/991
f 2064/1007/719 2258/1272/990 2188/1250/992
f 2183/1270/988 2187/1262/993 2063/1271/989
f 2187/1262/993 2189/1265/979 2061/1266/981
f 2259/1273/994 2065/1004/716 2189/1265/985
f 2067/1002/714 2259/1273/994 2183/1270/991
f 1845/1274/995 2070/1078/996 1865/1275/997
f 1844/1276/998 2070/1078/996 2004/1023/999
f 1846/1277/1000 2071/1025/1001 2006/1026/1002
f 1844/1276/998 2071/1025/1001 1866/1278/1003
f 1845/1279/995 2072/995/1004 2005/996/1005
f 1847/1280/1006 2072/995/1004 1867/1281/1007
f 1847/1280/1006 2073/1091/1008 2007/993/1009
f 1846/1277/1000 2073/1091/1008 1868/1282/1010
f 2260/1283/1011 1992/1284/655 1934/1285/651
f 1986/1286/650 2260/1283/1011 1934/1285/651
f 2263/1287/1012 1995/1288/652 2348/1289/1013
f 1986/1286/650 2263/1290/1012 2355/1291/1014
f 2265/1292/1015 1993/1293/656 1930/1294/654
f 2265/1292/1015 1992/1284/655 2350/1295/1016
f 2266/1296/1017 1993/1293/656 2352/1297/1018
f 2266/1296/1017 1995/1288/652 1924/1298/653
f 1960/965/650 2269/1299/1019 1872/928/651
f 2268/1300/1020 1978/1301/1021 1908/1302/1022
f 2360/1303/1023 1872/928/651 2269/1299/1019
f 2268/1300/1020 1976/1304/1024 2361/1305/1025
f 2271/1306/1026 1952/930/656 2358/1307/1027
f 2270/1308/1028 1977/1309/1029 1918/1310/1030
f 2271/1306/1026 1950/922/652 1873/923/653
f 2270/1308/1028 1979/1311/1031 2363/1312/1032
f 1900/964/649 2357/1313/1033 1960/965/650
f 2273/1314/1034 1979/1311/1031 1917/1315/1035
f 2273/1316/1034 1978/1301/1021 2356/1317/1036
f 2272/1318/1037 1950/922/652 2362/1319/1038
f 2274/1320/1039 1952/930/656 1901/925/654
f 2275/1321/1040 1976/1304/1024 1919/1322/1041
f 2275/1321/1040 1977/1309/1029 2359/1323/1042
f 2274/1320/1039 1951/927/655 2360/1303/1023
f 2277/1324/1043 1975/1325/1044 2372/1326/1045
f 1909/1327/1046 2373/1328/1047 1967/1329/1048
f 1966/1330/1049 2277/1331/1043 2379/1332/1050
f 1909/1333/1046 2378/1334/1051 2276/1335/1052
f 1895/972/690 2370/1336/1053 2278/1337/1054
f 2279/1338/1055 1972/1339/652 2368/1340/1056
f 1895/1341/690 2369/1342/1057 1961/966/685
f 1963/1343/650 2279/1344/1055 2371/1345/1058
f 1911/1346/1059 2374/1347/1060 1970/1348/1061
f 1965/1349/1062 2281/1350/1063 2377/1351/1064
f 1911/1346/1059 2376/1352/1065 2280/1353/1066
f 1964/1354/1067 2281/1350/1063 1913/1355/1068
f 2282/1356/1069 1974/1357/656 1903/1358/654
f 1906/961/682 2367/1359/1070 1969/975/693
f 1906/961/682 2365/1360/1071 2283/1361/1072
f 2282/1356/1069 1973/1362/655 2366/1363/1073
f 1894/967/686 2369/1342/1057 2284/1364/1074
f 1894/967/686 2365/1360/1071 1959/960/681
f 2285/1365/1075 1972/1339/652 1915/1366/653
f 2285/1365/1075 1974/1357/656 2364/1367/1076
f 2286/1368/1077 1973/1362/655 1914/1369/651
f 1907/976/694 2370/1336/1053 1968/971/689
f 1907/976/694 2367/1359/1070 2287/1370/1078
f 1963/1343/650 2286/1368/1077 1914/1369/651
f 2288/1371/1079 1975/1325/1044 1904/1372/1080
f 1916/1373/1081 2376/1352/1065 1971/1374/1082
f 1916/1373/1081 2373/1328/1047 2289/1375/1083
f 1965/1349/1062 2288/1371/1079 1904/1372/1080
f 1966/1330/1049 2290/1376/1084 1905/1377/1085
f 1964/1354/1067 2290/1376/1084 2375/1378/1086
f 1910/1379/1087 2378/1334/1051 1962/1380/1088
f 1910/1379/1087 2374/1347/1060 2291/1381/1089
f 1902/1382/649 2381/1383/1090 1972/1339/652
f 1912/1384/1091 2387/1385/1092 1975/1325/1044
f 2386/1386/1093 1902/1387/649 1963/1343/650
f 2380/1388/1094 1912/1389/1091 1966/1330/1049
f 1903/1358/654 2385/1390/1095 2294/1391/1096
f 2382/1392/1097 1913/1355/1068 1965/1349/1062
f 1903/1358/654 2383/1393/1098 1973/1362/655
f 2384/1394/1099 1913/1355/1068 2295/1395/1100
f 1904/1372/1080 2387/1385/1092 2296/1396/1101
f 1914/1369/651 2383/1393/1098 2297/1397/1102
f 2382/1392/1097 1904/1372/1080 2296/1396/1101
f 2386/1386/1093 1914/1369/651 2297/1397/1102
f 2380/1388/1094 1905/1377/1085 2298/1398/1103
f 1915/1366/653 2385/1390/1095 1974/1357/656
f 2384/1394/1099 1905/1377/1085 1964/1354/1067
f 1915/1366/653 2381/1383/1090 2299/1399/1104
f 1908/1302/1022 2393/1400/1105 2300/1401/1106
f 2301/1402/1107 1971/1374/1082 2388/1403/1108
f 1908/1302/1022 2389/1404/1109 1976/1304/1024
f 2301/1402/1107 1967/1329/1048 1916/1373/1081
f 2303/1405/1110 1967/1329/1048 2392/1406/1111
f 1917/1315/1035 2395/1407/1112 2302/1408/1113
f 1917/1409/1035 2393/1400/1105 1978/1301/1021
f 2303/1410/1110 1962/1380/1088 1909/1333/1046
f 2304/1411/1114 1970/1348/1061 1910/1379/1087
f 1918/1310/1030 2395/1407/1112 1979/1311/1031
f 2304/1411/1114 1962/1380/1088 2394/1412/1115
f 1918/1310/1030 2391/1413/1116 2305/1414/1117
f 2306/1415/1118 1971/1374/1082 1911/1346/1059
f 1919/1322/1041 2391/1413/1116 1977/1309/1029
f 2306/1415/1118 1970/1348/1061 2390/1416/1119
f 1919/1322/1041 2389/1404/1109 2307/1417/1120
f 2309/1418/1121 1983/1419/650 1920/1420/649
f 2408/1421/1122 1925/1422/1123 1994/1423/1124
f 1980/1424/652 2309/1425/1121 1920/1426/649
f 1925/1427/1123 2398/1428/1125 1984/1429/1126
f 1983/1419/650 2310/1430/1127 1920/1420/649
f 2310/1431/1127 1980/1424/652 1920/1426/649
f 1985/980/698 2311/1432/1128 2410/1433/1129
f 2311/1434/1128 1987/982/699 2396/1435/1130
f 1982/1436/656 2313/1437/1131 2407/1438/1132
f 1935/1439/1133 2406/1440/1134 2312/1441/1135
f 1981/1442/655 2313/1437/1131 1922/1443/654
f 1935/1439/1133 2402/1444/1136 1990/1445/1137
f 2314/1446/1138 1982/1436/656 2405/1447/1139
f 2314/1446/1138 1981/1442/655 1922/1443/654
f 2315/1448/1140 1991/986/703 1931/984/701
f 2315/1448/1140 1989/985/702 2400/1449/1141
f 2316/1450/1142 1989/985/702 1926/978/696
f 2401/1451/1143 1923/1452/651 1981/1442/655
f 1923/1452/651 2411/1453/1144 1983/1419/650
f 1985/980/698 2316/1450/1142 1926/978/696
f 2318/1454/1145 1983/1419/650 2409/1455/1146
f 1981/1442/655 2318/1454/1145 2403/1456/1147
f 2408/1421/1122 1928/1457/1148 2319/1458/1149
f 1928/1457/1148 2402/1444/1136 2319/1458/1149
f 2320/1459/1150 1987/982/699 1929/983/700
f 2397/1460/1151 1921/1461/653 1980/1424/652
f 2405/1447/1139 1921/1461/653 2321/1462/1152
f 2320/1459/1150 1991/986/703 2404/1463/1153
f 1982/1436/656 2322/1464/1154 1921/1461/653
f 1980/1424/652 2322/1464/1154 2399/1465/1155
f 1932/1466/1156 2406/1440/1134 1988/1467/1157
f 1932/1466/1156 2398/1428/1125 2323/1468/1158
f 1924/1298/653 2419/1469/1159 2324/1470/1160
f 2325/1471/1161 1988/1467/1157 2414/1472/1162
f 1924/1298/653 2415/1473/1163 1993/1293/656
f 2325/1471/1161 1984/1429/1126 1932/1466/1156
f 1994/1423/1124 2326/1474/1164 2417/1475/1165
f 1933/1476/649 2419/1469/1159 1995/1288/652
f 2326/1477/1164 1984/1429/1126 2418/1478/1166
f 2416/1479/1167 1933/1480/649 1986/1286/650
f 1994/1423/1124 2328/1481/1168 1928/1457/1148
f 1934/1285/651 2413/1482/1169 2329/1483/1170
f 2328/1481/1168 1990/1445/1137 1928/1457/1148
f 2416/1479/1167 1934/1285/651 2329/1483/1170
f 1930/1294/654 2415/1473/1163 2330/1484/1171
f 2331/1485/1172 1990/1445/1137 2412/1486/1173
f 1930/1294/654 2413/1482/1169 1992/1284/655
f 2331/1485/1172 1988/1467/1157 1935/1439/1133
f 1998/990/655 2332/1487/1174 1936/919/651
f 2420/1488/1175 1936/919/651 2332/1487/1174
f 2424/1489/1176 1940/1490/1177 2333/1491/1178
f 1940/1490/1177 2421/1492/1179 2333/1491/1178
f 1937/988/653 2427/1493/1180 1999/991/656
f 2426/1494/1181 1941/1495/1182 2003/1496/1183
f 1997/987/652 2335/1497/1184 1937/988/653
f 2422/1498/1185 1941/1495/1182 2334/1499/1186
f 1997/987/652 2337/1500/1187 2423/1501/1188
f 2337/1502/1187 1949/917/650 2420/1488/1175
f 2422/1498/1185 1938/1503/1189 2001/1504/1190
f 1938/1505/1189 2421/1492/1179 1996/1506/1191
f 1999/991/656 2338/1507/1192 1875/992/654
f 2424/1489/1176 1939/1508/1193 2002/1509/1194
f 1875/992/654 2425/1510/1195 1998/990/655
f 2426/1494/1181 1939/1508/1193 2339/1511/1196
f 2000/1512/650 2341/1513/1197 1864/1514/651
f 2002/1509/1194 2340/1515/1198 1940/1490/1177
f 2340/1515/1198 1996/1506/1191 1940/1490/1177
f 2432/1516/1199 1864/1514/651 2341/1513/1197
f 2342/1517/1200 1947/1518/652 1869/1519/653
f 2003/1496/1183 2343/1520/1201 2435/1521/1202
f 2342/1517/1200 1945/1522/656 2434/1523/1203
f 2001/1504/1190 2343/1520/1201 1941/1495/1182
f 2001/1504/1190 2345/1524/1204 2431/1525/1205
f 2345/1526/1204 1996/1506/1191 2428/1527/1206
f 2344/1528/1207 1947/1518/652 2430/1529/1208
f 1942/1530/649 2429/1531/1209 2000/1512/650
f 2003/1496/1183 2346/1532/1210 1939/1508/1193
f 2347/1533/1211 1946/1534/655 2432/1516/1199
f 2002/1509/1194 2346/1532/1210 2433/1535/1212
f 2434/1523/1203 1943/1536/654 2347/1533/1211
f 2437/1537/1213 1890/952/675 1859/944/667
f 2267/1538/1214 2447/1539/1215 2436/1540/1216
f 2437/1537/1213 1888/943/666 2444/1541/1217
f 2267/1538/1214 2445/1542/1218 2349/1543/1219
f 2439/1544/1220 1889/948/671 1857/947/670
f 2264/1545/1221 2451/1546/1222 2438/1547/1223
f 2439/1544/1220 1890/952/675 2446/1548/1224
f 2264/1545/1221 2447/1539/1215 2353/1549/1225
f 2440/1550/1226 1891/936/661 2448/1551/1227
f 2440/1552/1226 1888/943/666 1852/942/660
f 2262/1553/1228 2449/1554/1229 2354/1555/1230
f 2262/1556/1228 2445/1542/1218 2441/1557/1231
f 2442/1558/1232 1889/948/671 2450/1559/1233
f 2442/1558/1232 1891/936/661 1858/932/657
f 2261/1560/1234 2451/1546/1222 2351/1561/1235
f 2261/1560/1234 2449/1554/1229 2443/1562/1236
f 2461/1563/1237 1864/1514/651 2452/1564/1238
f 2465/1565/1239 2468/1566/1240 2453/1567/1241
f 2460/1568/1242 2468/1566/1240 2477/1569/1243
f 1946/1534/655 2452/1564/1238 1864/1514/651
f 2460/1568/1242 2471/1570/1244 2454/1571/1245
f 1942/1572/649 2466/1573/1246 1947/1518/652
f 2461/1563/1237 1942/1530/649 2000/1512/650
f 2467/1574/1247 2471/1575/1244 2482/1576/1248
f 2462/1577/1249 2473/1578/1250 2456/1579/1251
f 1946/1534/655 2457/1580/1252 2464/1581/1253
f 1945/1522/656 2457/1580/1252 1943/1536/654
f 2465/1565/1239 2473/1578/1250 2480/1582/1254
f 1947/1518/652 2458/1583/1255 1869/1519/653
f 1945/1522/656 2458/1583/1255 2463/1584/1256
f 2467/1574/1247 2474/1585/1257 2459/1586/1258
f 2462/1577/1249 2474/1585/1257 2479/1587/1259
f 2068/1005/717 2476/1588/1260 2469/1589/1261
f 2469/1589/1261 2198/1590/1262 2068/1005/717
f 2476/1588/1260 2190/1263/721 2470/1591/1263
f 2483/1592/1264 2190/1009/721 2199/1593/1265
f 2472/1594/1266 2197/1595/1267 2191/1000/712
f 2198/1590/1262 2472/1594/1266 2191/1000/712
f 2075/1003/715 2483/1592/1264 2199/1593/1265
f 2197/1595/1267 2475/1596/1268 2075/1003/715
f 1847/899/633 1867/903/634 1944/900/634
f 1845/902/635 1892/904/635 1944/900/634
f 1892/904/636 1853/941/662 1883/905/637
f 1893/901/639 1944/900/638 1883/905/637
f 1844/907/641 1866/911/642 1948/908/642
f 1846/910/643 1871/912/643 1948/908/642
f 1871/912/644 1855/946/669 1882/913/645
f 1870/909/647 1948/908/646 1882/913/645
f 1874/915/649 1850/1597/649 1876/916/650
f 1949/917/650 1876/916/650 1848/918/651
f 1900/920/649 1850/1598/649 1877/921/652
f 1873/923/653 1950/922/652 1877/921/652
f 1901/925/654 1851/931/654 1878/926/655
f 1872/928/651 1951/927/655 1878/926/655
f 1873/923/653 1849/924/653 1879/929/656
f 1901/925/654 1952/930/656 1879/929/656
f 1858/932/657 1891/936/661 1953/933/658
f 1852/935/660 1880/1599/1269 1953/933/658
f 1953/933/658 1880/1599/1269 1853/937/662
f 1953/933/658 1881/938/663 1854/914/648
f 1856/906/640 1883/905/637 1954/939/664
f 1853/941/662 1880/1600/1269 1954/939/664
f 1954/939/664 1880/1600/1269 1852/942/660
f 1954/939/664 1888/943/666 1859/944/667
f 1854/914/648 1882/913/645 1955/945/668
f 1855/946/669 1885/950/673 1955/945/668
f 1955/945/668 1885/950/673 1857/947/670
f 1955/945/668 1889/948/671 1858/932/657
f 1855/946/669 1884/951/674 1956/949/672
f 1856/906/640 1887/940/665 1956/949/672
f 1956/949/672 1887/940/665 1859/944/667
f 1956/949/672 1890/952/675 1857/947/670
f 1845/953/635 1865/956/676 1957/954/676
f 1844/907/641 1870/909/641 1957/954/676
f 1870/909/647 1854/914/648 1881/938/663
f 1892/955/636 1957/954/677 1881/938/663
f 1846/910/643 1868/958/678 1958/957/678
f 1847/899/633 1893/901/633 1958/957/678
f 1893/901/639 1856/906/640 1884/951/674
f 1871/912/644 1958/957/679 1884/951/674
f 1861/959/680 1896/963/684 1959/960/681
f 1863/962/683 1894/967/686 1959/960/681
f 1876/916/650 1960/965/650 1872/928/651
f 1876/916/650 1850/1597/649 1900/964/649
f 1863/962/683 1898/969/688 1961/966/685
f 1860/968/687 1895/1341/690 1961/966/685
f 1860/970/687 1899/974/692 1968/971/689
f 1862/973/691 1907/976/694 1968/971/689
f 1862/973/691 1897/977/695 1969/975/693
f 1861/959/680 1906/961/682 1969/975/693
f 1899/974/692 1985/980/698 1926/978/696
f 1899/974/692 1860/970/687 1927/979/697
f 1927/981/697 1860/968/687 1898/969/688
f 1929/983/700 1987/982/699 1898/969/688
f 1931/984/701 1861/959/680 1897/977/695
f 1926/978/696 1989/985/702 1897/977/695
f 1929/983/700 1863/962/683 1896/963/684
f 1931/984/701 1991/986/703 1896/963/684
f 1849/924/653 1877/921/652 1997/987/652
f 1877/921/652 1850/1598/649 1874/989/649
f 1848/918/651 1878/926/655 1998/990/655
f 1851/931/654 1875/992/654 1998/990/655
f 1851/931/654 1879/929/656 1999/991/656
f 1849/924/653 1937/988/653 1999/991/656
f 2007/993/704 2104/999/1270 2196/994/705
f 2196/994/705 2103/998/1271 2005/996/707
f 2093/997/708 2017/1065/769 2103/998/709
f 2104/999/711 2020/1063/773 2093/997/708
f 2191/1000/712 2197/1595/1267 2195/1001/713
f 2195/1001/713 2197/1595/1267 2075/1003/715
f 2068/1005/717 2198/1590/1262 2194/1006/718
f 2194/1006/718 2198/1590/1262 2191/1000/712
f 2075/1003/715 2199/1593/1265 2193/1008/720
f 2193/1008/720 2199/1593/1265 2190/1009/721
f 2009/1011/723 2102/1017/1272 2200/1012/724
f 2200/1012/724 2069/1016/1273 2011/1014/726
f 2098/1015/727 2023/1068/775 2069/1016/728
f 2102/1017/730 2016/1066/768 2098/1015/727
f 2011/1014/726 2069/1016/1273 2201/1018/731
f 2201/1018/731 2074/1022/1274 2010/1020/733
f 2100/1021/734 2021/1072/779 2074/1022/735
f 2069/1016/728 2023/1068/775 2100/1021/734
f 2004/1023/737 2076/1029/1275 2202/1024/738
f 2202/1024/738 2077/1028/1276 2006/1026/740
f 2092/1027/741 2019/1071/778 2077/1028/742
f 2076/1029/744 2018/1061/771 2092/1027/741
f 2180/1030/745 2203/1036/750 2184/1031/746
f 2184/1031/746 2203/1036/750 2084/1033/748
f 2086/1035/656 2014/1100/654 2084/1033/748
f 2012/1037/653 2086/1035/656 2203/1036/750
f 2083/1038/751 2204/1044/756 2117/1039/752
f 2117/1039/752 2204/1044/756 2112/1041/754
f 2087/1043/655 2014/1254/654 2112/1041/754
f 2083/1038/751 2013/1251/651 2087/1043/655
f 2082/1045/757 2205/1051/762 2116/1046/758
f 2116/1046/758 2205/1051/762 2113/1048/760
f 2088/1050/652 2015/1258/649 2113/1048/760
f 2082/1045/757 2012/1037/653 2088/1050/652
f 2113/1048/760 2206/1054/764 2115/1052/763
f 2115/1052/763 2206/1054/764 2083/1038/751
f 2089/1053/650 2013/1251/651 2083/1038/751
f 2113/1048/760 2015/1258/649 2089/1053/650
f 2022/1055/765 2096/1062/772 2207/1056/766
f 2207/1056/766 2090/1060/770 2016/1058/768
f 2207/1056/766 2091/1079/785 2017/1059/769
f 2018/1061/771 2091/1079/785 2207/1056/766
f 2020/1063/773 2097/1069/776 2208/1064/774
f 2208/1064/774 2090/1067/770 2017/1065/769
f 2208/1064/774 2098/1015/727 2016/1066/768
f 2023/1068/775 2098/1015/727 2208/1064/774
f 2018/1061/771 2096/1062/772 2209/1070/777
f 2209/1070/777 2095/1073/780 2019/1071/778
f 2209/1070/777 2099/1089/794 2021/1072/779
f 2022/1055/765 2099/1089/794 2209/1070/777
f 2019/1071/778 2095/1073/780 2210/1074/781
f 2210/1074/781 2097/1069/776 2020/1063/773
f 2210/1074/781 2100/1021/734 2023/1068/775
f 2021/1072/779 2100/1021/734 2210/1074/781
f 2005/1076/707 2103/1080/1271 2211/1077/783
f 2211/1077/783 2076/1029/1275 2004/1023/737
f 2091/1079/785 2018/1061/771 2076/1029/744
f 2103/1080/709 2017/1059/769 2091/1079/785
f 2008/1081/787 2105/1086/1277 2212/1082/788
f 2212/1082/788 2102/1085/1272 2009/1084/723
f 2101/1057/767 2016/1058/768 2102/1085/730
f 2105/1086/791 2022/1055/765 2101/1057/767
f 2010/1020/733 2074/1022/1274 2213/1087/792
f 2213/1087/792 2105/1086/1277 2008/1081/787
f 2099/1089/794 2022/1055/765 2105/1086/791
f 2074/1022/735 2021/1072/779 2099/1089/794
f 2006/1026/740 2077/1028/1276 2214/1090/796
f 2214/1090/796 2104/999/1270 2007/993/704
f 2094/1075/782 2020/1063/773 2104/999/711
f 2077/1028/742 2019/1071/778 2094/1075/782
f 2025/1092/799 2130/1098/805 2215/1093/800
f 2215/1093/800 2106/1097/804 2027/1095/802
f 2120/1096/803 2036/1164/1278 2106/1097/804
f 2130/1098/805 2035/1170/1279 2120/1096/803
f 2082/1045/757 2216/1102/807 2086/1035/656
f 2086/1035/656 2216/1102/807 2112/1099/754
f 2114/1101/806 2030/1182/755 2112/1099/754
f 2082/1045/757 2028/1047/759 2114/1101/806
f 2027/1095/802 2106/1097/804 2217/1103/808
f 2217/1103/808 2107/1107/812 2024/1105/810
f 2122/1106/811 2033/1166/1280 2107/1107/812
f 2106/1097/804 2036/1164/1278 2122/1106/811
f 2133/1108/813 2218/1114/819 2151/1109/814
f 2151/1109/814 2218/1114/819 2134/1111/816
f 2129/1113/818 2039/1128/1281 2134/1111/816
f 2133/1108/813 2032/1138/1282 2129/1113/818
f 2138/1115/820 2219/1121/826 2143/1116/821
f 2143/1116/821 2219/1121/826 2118/1118/823
f 2123/1120/825 2033/1601/869 2118/1118/823
f 2138/1115/820 2037/1168/873 2123/1120/825
f 2137/1122/827 2220/1127/832 2142/1123/828
f 2142/1123/828 2220/1127/832 2125/1125/830
f 2220/1127/832 2127/1158/1283 2039/1128/833
f 2034/1129/834 2127/1158/1283 2220/1127/832
f 2124/1130/835 2221/1132/838 2141/1131/836
f 2141/1131/836 2221/1132/838 2137/1122/827
f 2221/1132/838 2128/1161/1284 2034/1129/834
f 2038/1133/839 2128/1161/1284 2221/1132/838
f 2125/1125/830 2222/1137/843 2140/1134/840
f 2140/1134/840 2222/1137/843 2136/1135/841
f 2222/1137/843 2129/1113/1285 2032/1138/844
f 2039/1128/833 2129/1113/1285 2222/1137/843
f 2144/1139/845 2223/1145/849 2150/1140/846
f 2150/1140/846 2223/1145/849 2133/1142/813
f 2126/1144/848 2032/1174/1282 2133/1142/813
f 2144/1139/845 2038/1133/1286 2126/1144/848
f 2024/1146/810 2107/1151/812 2224/1147/850
f 2224/1147/850 2131/1150/854 2026/1149/852
f 2123/1120/853 2037/1168/1287 2131/1150/854
f 2107/1151/812 2033/1601/1280 2123/1120/853
f 2026/1149/852 2131/1150/854 2225/1152/855
f 2225/1152/855 2130/1098/805 2025/1092/799
f 2121/1154/857 2035/1170/1279 2130/1098/805
f 2131/1150/854 2037/1168/1287 2121/1154/857
f 2134/1111/816 2226/1159/862 2149/1155/858
f 2149/1155/858 2226/1159/862 2135/1156/859
f 2127/1158/861 2034/1129/1288 2135/1156/859
f 2134/1111/816 2039/1128/1281 2127/1158/861
f 2135/1156/859 2227/1162/865 2148/1160/863
f 2148/1160/863 2227/1162/865 2144/1139/845
f 2128/1161/864 2038/1133/1286 2144/1139/845
f 2135/1156/859 2034/1129/1288 2128/1161/864
f 2139/1163/866 2228/1167/871 2122/1106/867
f 2122/1106/867 2228/1167/871 2118/1165/823
f 2140/1134/870 2040/1136/824 2118/1165/823
f 2139/1163/866 2043/1126/1289 2140/1134/870
f 2138/1115/820 2229/1171/877 2121/1154/872
f 2121/1154/872 2229/1171/877 2119/1169/874
f 2141/1131/876 2041/1124/1290 2119/1169/874
f 2138/1115/820 2042/1117/822 2141/1131/876
f 2119/1169/874 2230/1172/880 2120/1096/878
f 2120/1096/878 2230/1172/880 2139/1163/866
f 2142/1123/879 2043/1126/1289 2139/1163/866
f 2119/1169/874 2041/1124/1290 2142/1123/879
f 2038/1133/839 2124/1130/835 2231/1173/881
f 2231/1173/881 2136/1175/841 2032/1174/844
f 2143/1116/883 2040/1119/842 2136/1175/841
f 2124/1130/835 2042/1117/837 2143/1116/883
f 2031/1049/761 2147/1178/887 2232/1176/884
f 2232/1176/884 2132/1177/886 2028/1047/759
f 2148/1160/885 2044/1141/1291 2132/1177/886
f 2147/1178/887 2047/1157/1292 2148/1160/885
f 2029/1040/753 2146/1180/890 2233/1179/888
f 2233/1179/888 2147/1178/887 2031/1049/761
f 2149/1155/889 2047/1157/1292 2147/1178/887
f 2146/1180/890 2046/1112/1293 2149/1155/889
f 2028/1047/759 2132/1177/886 2234/1181/891
f 2234/1181/891 2145/1183/893 2030/1182/755
f 2150/1140/892 2045/1143/1294 2145/1183/893
f 2132/1177/886 2044/1141/1291 2150/1140/892
f 2030/1042/755 2145/1185/893 2235/1184/894
f 2235/1184/894 2146/1180/890 2029/1040/753
f 2151/1109/895 2046/1112/1293 2146/1180/890
f 2145/1185/893 2045/1110/1294 2151/1109/895
f 2152/1186/896 2236/1192/902 2153/1187/897
f 2153/1187/897 2236/1192/902 2154/1189/899
f 2155/1191/901 2055/1602/1295 2154/1189/899
f 2152/1186/896 2048/1603/914 2155/1191/901
f 2156/1193/903 2237/1199/909 2157/1194/904
f 2157/1194/904 2237/1199/909 2158/1196/906
f 2159/1198/908 2053/1206/915 2158/1196/906
f 2156/1193/903 2050/1604/1296 2159/1198/908
f 2154/1189/899 2238/1202/912 2160/1200/910
f 2160/1200/910 2238/1202/912 2156/1193/903
f 2161/1201/911 2050/1604/1296 2156/1193/903
f 2154/1189/899 2055/1602/1295 2161/1201/911
f 2152/1203/896 2239/1208/917 2162/1204/913
f 2162/1204/913 2239/1208/917 2158/1196/906
f 2163/1207/916 2052/1197/907 2158/1196/906
f 2152/1203/896 2049/1218/898 2163/1207/916
f 2056/1209/918 2172/1214/924 2240/1210/919
f 2240/1210/919 2165/1213/923 2057/1212/921
f 2155/1191/922 2048/1603/959 2165/1213/923
f 2172/1214/924 2055/1602/1297 2155/1191/922
f 2166/1215/925 2241/1217/927 2111/1148/851
f 2111/1148/851 2241/1217/927 2167/1216/926
f 2241/1217/927 2163/1207/916 2049/1218/898
f 2052/1197/907 2163/1207/916 2241/1217/927
f 2174/1219/928 2242/1224/933 2178/1220/929
f 2178/1220/929 2242/1224/933 2173/1222/931
f 2081/1083/932 2009/1084/962 2173/1222/931
f 2174/1219/928 2008/1081/949 2081/1083/932
f 2054/1190/900 2169/1227/935 2243/1225/934
f 2243/1225/934 2167/1226/926 2049/1188/898
f 2110/1104/809 2024/1105/810 2167/1226/926
f 2169/1227/935 2027/1095/802 2110/1104/809
f 2059/1228/936 2175/1231/940 2244/1229/937
f 2244/1229/937 2172/1214/924 2056/1209/918
f 2161/1201/939 2055/1602/1297 2172/1214/924
f 2175/1231/940 2050/1604/1298 2161/1201/939
f 2052/1197/907 2166/1215/925 2245/1232/941
f 2245/1232/941 2171/1233/942 2051/1195/905
f 2109/1153/856 2025/1092/799 2171/1233/942
f 2166/1215/925 2026/1149/852 2109/1153/856
f 2058/1221/930 2168/1236/946 2246/1234/943
f 2246/1234/943 2175/1231/940 2059/1228/936
f 2159/1198/945 2050/1604/1298 2175/1231/940
f 2168/1236/946 2053/1206/958 2159/1198/945
f 2051/1195/905 2171/1233/942 2247/1237/947
f 2247/1237/947 2169/1227/935 2054/1190/900
f 2108/1094/801 2027/1095/802 2169/1227/935
f 2171/1233/942 2025/1092/799 2108/1094/801
f 2174/1219/928 2248/1239/952 2079/1088/948
f 2079/1088/948 2248/1239/952 2170/1238/950
f 2176/1235/944 2059/1228/936 2170/1238/950
f 2174/1219/928 2058/1221/930 2176/1235/944
f 2170/1238/950 2249/1241/956 2080/1019/953
f 2080/1019/953 2249/1241/956 2164/1240/954
f 2177/1230/938 2056/1209/918 2164/1240/954
f 2170/1238/950 2059/1228/936 2177/1230/938
f 2168/1236/946 2250/1243/960 2162/1204/957
f 2162/1204/957 2250/1243/960 2165/1242/923
f 2250/1243/960 2178/1220/929 2057/1223/921
f 2058/1221/930 2178/1220/929 2250/1243/960
f 2164/1240/954 2251/1245/963 2078/1013/961
f 2078/1013/961 2251/1245/963 2173/1244/931
f 2179/1211/920 2057/1212/921 2173/1244/931
f 2164/1240/954 2056/1209/918 2179/1211/920
f 2064/1007/719 2188/1250/992 2252/1246/964
f 2252/1246/964 2182/1249/984 2066/1248/722
f 2184/1031/966 2062/1034/982 2182/1249/967
f 2188/1250/969 2060/1032/987 2184/1031/966
f 2013/1251/651 2181/1256/972 2253/1252/970
f 2087/1043/655 2253/1252/970 2084/1253/748
f 2185/1255/971 2062/1268/749 2084/1253/748
f 2181/1256/972 2061/1266/1299 2185/1255/971
f 2012/1037/653 2180/1030/745 2254/1257/973
f 2254/1257/973 2085/1260/975 2015/1258/649
f 2186/1259/974 2063/1271/1300 2085/1260/975
f 2180/1030/745 2060/1032/747 2186/1259/974
f 2015/1258/649 2085/1260/975 2255/1261/976
f 2255/1261/976 2181/1256/972 2013/1251/651
f 2187/1262/977 2061/1266/1299 2181/1256/972
f 2085/1260/975 2063/1271/1300 2187/1262/977
f 2192/1247/965 2066/1248/722 2190/1263/721
f 2068/1005/717 2064/1007/719 2192/1247/965
f 2189/1265/979 2257/1269/1301 2185/1255/980
f 2185/1255/980 2257/1269/1301 2182/1267/967
f 2257/1269/983 2193/1008/720 2066/1010/722
f 2065/1004/716 2193/1008/720 2257/1269/983
f 2188/1250/969 2258/1272/1302 2186/1259/986
f 2186/1259/986 2258/1272/1302 2183/1270/988
f 2258/1272/990 2194/1006/718 2067/1002/714
f 2064/1007/719 2194/1006/718 2258/1272/990
f 2183/1270/988 2259/1273/1303 2187/1262/993
f 2187/1262/993 2259/1273/1303 2189/1265/979
f 2259/1273/994 2195/1001/713 2065/1004/716
f 2067/1002/714 2195/1001/713 2259/1273/994
f 1845/1274/995 2005/1076/1005 2070/1078/996
f 1844/1276/998 1865/1275/997 2070/1078/996
f 1846/1277/1000 1866/1278/1003 2071/1025/1001
f 1844/1276/998 2004/1023/999 2071/1025/1001
f 1845/1279/995 1867/1281/1007 2072/995/1004
f 1847/1280/1006 2007/993/1009 2072/995/1004
f 1847/1280/1006 1868/1282/1010 2073/1091/1008
f 1846/1277/1000 2006/1026/1002 2073/1091/1008
f 2260/1283/1011 2350/1295/1016 1992/1284/655
f 1986/1286/650 2355/1291/1014 2260/1283/1011
f 2263/1287/1012 1933/1476/649 1995/1288/652
f 1986/1286/650 1933/1480/649 2263/1290/1012
f 2265/1292/1015 2352/1297/1018 1993/1293/656
f 2265/1292/1015 1930/1294/654 1992/1284/655
f 2266/1296/1017 1924/1298/653 1993/1293/656
f 2266/1296/1017 2348/1289/1013 1995/1288/652
f 1960/965/650 2357/1313/1033 2269/1299/1019
f 2268/1300/1020 2356/1317/1036 1978/1301/1021
f 2360/1303/1023 1951/927/655 1872/928/651
f 2268/1300/1020 1908/1302/1022 1976/1304/1024
f 2271/1306/1026 1873/923/653 1952/930/656
f 2270/1308/1028 2359/1323/1042 1977/1309/1029
f 2271/1306/1026 2362/1319/1038 1950/922/652
f 2270/1308/1028 1918/1310/1030 1979/1311/1031
f 1900/964/649 2272/1605/1037 2357/1313/1033
f 2273/1314/1034 2363/1312/1032 1979/1311/1031
f 2273/1316/1034 1917/1409/1035 1978/1301/1021
f 2272/1318/1037 1900/920/649 1950/922/652
f 2274/1320/1039 2358/1307/1027 1952/930/656
f 2275/1321/1040 2361/1305/1025 1976/1304/1024
f 2275/1321/1040 1919/1322/1041 1977/1309/1029
f 2274/1320/1039 1901/925/654 1951/927/655
f 2277/1324/1043 1912/1384/1091 1975/1325/1044
f 1909/1327/1046 2276/1606/1052 2373/1328/1047
f 1966/1330/1049 1912/1389/1091 2277/1331/1043
f 1909/1333/1046 1962/1380/1088 2378/1334/1051
f 1895/972/690 1968/971/689 2370/1336/1053
f 2279/1338/1055 1902/1382/649 1972/1339/652
f 1895/1341/690 2278/1607/1054 2369/1342/1057
f 1963/1343/650 1902/1387/649 2279/1344/1055
f 1911/1346/1059 2280/1353/1066 2374/1347/1060
f 1965/1349/1062 1913/1355/1068 2281/1350/1063
f 1911/1346/1059 1971/1374/1082 2376/1352/1065
f 1964/1354/1067 2375/1378/1086 2281/1350/1063
f 2282/1356/1069 2364/1367/1076 1974/1357/656
f 1906/961/682 2283/1361/1072 2367/1359/1070
f 1906/961/682 1959/960/681 2365/1360/1071
f 2282/1356/1069 1903/1358/654 1973/1362/655
f 1894/967/686 1961/966/685 2369/1342/1057
f 1894/967/686 2284/1364/1074 2365/1360/1071
f 2285/1365/1075 2368/1340/1056 1972/1339/652
f 2285/1365/1075 1915/1366/653 1974/1357/656
f 2286/1368/1077 2366/1363/1073 1973/1362/655
f 1907/976/694 2287/1370/1078 2370/1336/1053
f 1907/976/694 1969/975/693 2367/1359/1070
f 1963/1343/650 2371/1345/1058 2286/1368/1077
f 2288/1371/1079 2372/1326/1045 1975/1325/1044
f 1916/1373/1081 2289/1375/1083 2376/1352/1065
f 1916/1373/1081 1967/1329/1048 2373/1328/1047
f 1965/1349/1062 2377/1351/1064 2288/1371/1079
f 1966/1330/1049 2379/1332/1050 2290/1376/1084
f 1964/1354/1067 1905/1377/1085 2290/1376/1084
f 1910/1379/1087 2291/1381/1089 2378/1334/1051
f 1910/1379/1087 1970/1348/1061 2374/1347/1060
f 1902/1382/649 2292/1608/1304 2381/1383/1090
f 1912/1384/1091 2293/1609/1305 2387/1385/1092
f 2386/1386/1093 2292/1610/1304 1902/1387/649
f 2380/1388/1094 2293/1611/1305 1912/1389/1091
f 1903/1358/654 1974/1357/656 2385/1390/1095
f 2382/1392/1097 2295/1395/1100 1913/1355/1068
f 1903/1358/654 2294/1391/1096 2383/1393/1098
f 2384/1394/1099 1964/1354/1067 1913/1355/1068
f 1904/1372/1080 1975/1325/1044 2387/1385/1092
f 1914/1369/651 1973/1362/655 2383/1393/1098
f 2382/1392/1097 1965/1349/1062 1904/1372/1080
f 2386/1386/1093 1963/1343/650 1914/1369/651
f 2380/1388/1094 1966/1330/1049 1905/1377/1085
f 1915/1366/653 2299/1399/1104 2385/1390/1095
f 2384/1394/1099 2298/1398/1103 1905/1377/1085
f 1915/1366/653 1972/1339/652 2381/1383/1090
f 1908/1302/1022 1978/1301/1021 2393/1400/1105
f 2301/1402/1107 1916/1373/1081 1971/1374/1082
f 1908/1302/1022 2300/1401/1106 2389/1404/1109
f 2301/1402/1107 2392/1406/1111 1967/1329/1048
f 2303/1405/1110 1909/1327/1046 1967/1329/1048
f 1917/1315/1035 1979/1311/1031 2395/1407/1112
f 1917/1409/1035 2302/1612/1113 2393/1400/1105
f 2303/1410/1110 2394/1412/1115 1962/1380/1088
f 2304/1411/1114 2390/1416/1119 1970/1348/1061
f 1918/1310/1030 2305/1414/1117 2395/1407/1112
f 2304/1411/1114 1910/1379/1087 1962/1380/1088
f 1918/1310/1030 1977/1309/1029 2391/1413/1116
f 2306/1415/1118 2388/1403/1108 1971/1374/1082
f 1919/1322/1041 2307/1417/1120 2391/1413/1116
f 2306/1415/1118 1911/1346/1059 1970/1348/1061
f 1919/1322/1041 1976/1304/1024 2389/1404/1109
f 2309/1418/1121 2409/1455/1146 1983/1419/650
f 2408/1421/1122 2308/1613/1306 1925/1422/1123
f 1980/1424/652 2399/1465/1155 2309/1425/1121
f 1925/1427/1123 2308/1614/1306 2398/1428/1125
f 1983/1419/650 2411/1453/1144 2310/1430/1127
f 2310/1431/1127 2397/1460/1151 1980/1424/652
f 1985/980/698 1927/979/697 2311/1432/1128
f 2311/1434/1128 1927/981/697 1987/982/699
f 1982/1436/656 1922/1443/654 2313/1437/1131
f 1935/1439/1133 1988/1467/1157 2406/1440/1134
f 1981/1442/655 2403/1456/1147 2313/1437/1131
f 1935/1439/1133 2312/1441/1135 2402/1444/1136
f 2314/1446/1138 1922/1443/654 1982/1436/656
f 2314/1446/1138 2401/1451/1143 1981/1442/655
f 2315/1448/1140 2404/1463/1153 1991/986/703
f 2315/1448/1140 1931/984/701 1989/985/702
f 2316/1450/1142 2400/1449/1141 1989/985/702
f 2401/1451/1143 2317/1615/1307 1923/1452/651
f 1923/1452/651 2317/1615/1307 2411/1453/1144
f 1985/980/698 2410/1433/1129 2316/1450/1142
f 2318/1454/1145 1923/1452/651 1983/1419/650
f 1981/1442/655 1923/1452/651 2318/1454/1145
f 2408/1421/1122 1994/1423/1124 1928/1457/1148
f 1928/1457/1148 1990/1445/1137 2402/1444/1136
f 2320/1459/1150 2396/1435/1130 1987/982/699
f 2397/1460/1151 2321/1462/1152 1921/1461/653
f 2405/1447/1139 1982/1436/656 1921/1461/653
f 2320/1459/1150 1929/983/700 1991/986/703
f 1982/1436/656 2407/1438/1132 2322/1464/1154
f 1980/1424/652 1921/1461/653 2322/1464/1154
f 1932/1466/1156 2323/1468/1158 2406/1440/1134
f 1932/1466/1156 1984/1429/1126 2398/1428/1125
f 1924/1298/653 1995/1288/652 2419/1469/1159
f 2325/1471/1161 1932/1466/1156 1988/1467/1157
f 1924/1298/653 2324/1470/1160 2415/1473/1163
f 2325/1471/1161 2418/1478/1166 1984/1429/1126
f 1994/1423/1124 1925/1422/1123 2326/1474/1164
f 1933/1476/649 2327/1616/1308 2419/1469/1159
f 2326/1477/1164 1925/1427/1123 1984/1429/1126
f 2416/1479/1167 2327/1617/1308 1933/1480/649
f 1994/1423/1124 2417/1475/1165 2328/1481/1168
f 1934/1285/651 1992/1284/655 2413/1482/1169
f 2328/1481/1168 2412/1486/1173 1990/1445/1137
f 2416/1479/1167 1986/1286/650 1934/1285/651
f 1930/1294/654 1993/1293/656 2415/1473/1163
f 2331/1485/1172 1935/1439/1133 1990/1445/1137
f 1930/1294/654 2330/1484/1171 2413/1482/1169
f 2331/1485/1172 2414/1472/1162 1988/1467/1157
f 1998/990/655 2425/1510/1195 2332/1487/1174
f 2420/1488/1175 1949/917/650 1936/919/651
f 2424/1489/1176 2002/1509/1194 1940/1490/1177
f 1940/1490/1177 1996/1506/1191 2421/1492/1179
f 1937/988/653 2335/1497/1184 2427/1493/1180
f 2426/1494/1181 2334/1499/1186 1941/1495/1182
f 1997/987/652 2423/1501/1188 2335/1497/1184
f 2422/1498/1185 2001/1504/1190 1941/1495/1182
f 1997/987/652 1874/989/649 2337/1500/1187
f 2337/1502/1187 1874/915/649 1949/917/650
f 2422/1498/1185 2336/1618/1309 1938/1503/1189
f 1938/1505/1189 2336/1619/1309 2421/1492/1179
f 1999/991/656 2427/1493/1180 2338/1507/1192
f 2424/1489/1176 2339/1511/1196 1939/1508/1193
f 1875/992/654 2338/1507/1192 2425/1510/1195
f 2426/1494/1181 2003/1496/1183 1939/1508/1193
f 2000/1512/650 2429/1531/1209 2341/1513/1197
f 2002/1509/1194 2433/1535/1212 2340/1515/1198
f 2340/1515/1198 2428/1527/1206 1996/1506/1191
f 2432/1516/1199 1946/1534/655 1864/1514/651
f 2342/1517/1200 2430/1529/1208 1947/1518/652
f 2003/1496/1183 1941/1495/1182 2343/1520/1201
f 2342/1517/1200 1869/1519/653 1945/1522/656
f 2001/1504/1190 2431/1525/1205 2343/1520/1201
f 2001/1504/1190 1938/1503/1189 2345/1524/1204
f 2345/1526/1204 1938/1505/1189 1996/1506/1191
f 2344/1528/1207 1942/1572/649 1947/1518/652
f 1942/1530/649 2344/1620/1207 2429/1531/1209
f 2003/1496/1183 2435/1521/1202 2346/1532/1210
f 2347/1533/1211 1943/1536/654 1946/1534/655
f 2002/1509/1194 1939/1508/1193 2346/1532/1210
f 2434/1523/1203 1945/1522/656 1943/1536/654
f 2437/1537/1213 2446/1548/1224 1890/952/675
f 2267/1538/1214 2353/1549/1225 2447/1539/1215
f 2437/1537/1213 1859/944/667 1888/943/666
f 2267/1538/1214 2436/1540/1216 2445/1542/1218
f 2439/1544/1220 2450/1559/1233 1889/948/671
f 2264/1545/1221 2351/1561/1235 2451/1546/1222
f 2439/1544/1220 1857/947/670 1890/952/675
f 2264/1545/1221 2438/1547/1223 2447/1539/1215
f 2440/1550/1226 1852/935/660 1891/936/661
f 2440/1552/1226 2444/1541/1217 1888/943/666
f 2262/1553/1228 2441/1621/1231 2449/1554/1229
f 2262/1556/1228 2349/1543/1219 2445/1542/1218
f 2442/1558/1232 1858/932/657 1889/948/671
f 2442/1558/1232 2448/1551/1227 1891/936/661
f 2261/1560/1234 2443/1562/1236 2451/1546/1222
f 2261/1560/1234 2354/1555/1230 2449/1554/1229
f 2461/1563/1237 2000/1512/650 1864/1514/651
f 2465/1565/1239 2480/1582/1254 2468/1566/1240
f 2460/1568/1242 2453/1567/1241 2468/1566/1240
f 1946/1534/655 2464/1581/1253 2452/1564/1238
f 2460/1568/1242 2477/1569/1243 2471/1570/1244
f 1942/1572/649 2455/1622/1310 2466/1573/1246
f 2461/1563/1237 2455/1623/1310 1942/1530/649
f 2467/1574/1247 2454/1624/1245 2471/1575/1244
f 2462/1577/1249 2479/1587/1259 2473/1578/1250
f 1946/1534/655 1943/1536/654 2457/1580/1252
f 1945/1522/656 2463/1584/1256 2457/1580/1252
f 2465/1565/1239 2456/1579/1251 2473/1578/1250
f 1947/1518/652 2466/1573/1246 2458/1583/1255
f 1945/1522/656 1869/1519/653 2458/1583/1255
f 2467/1574/1247 2482/1576/1248 2474/1585/1257
f 2462/1577/1249 2459/1586/1258 2474/1585/1257
f 2068/1005/717 2256/1264/978 2476/1588/1260
f 2469/1589/1261 2481/1625/1311 2198/1590/1262
f 2476/1588/1260 2256/1264/978 2190/1263/721
f 2483/1592/1264 2470/1626/1263 2190/1009/721
f 2472/1594/1266 2478/1627/1312 2197/1595/1267
f 2198/1590/1262 2481/1625/1311 2472/1594/1266
f 2075/1003/715 2475/1596/1268 2483/1592/1264
f 2197/1595/1267 2478/1627/1312 2475/1596/1268
f 2263/1287/1012 2349/1543/1219 2262/1556/1228
f 2266/1296/1017 2349/1543/1219 2348/1289/1013
f 2265/1292/1015 2351/1561/1235 2264/1545/1221
f 2260/1283/1011 2351/1561/1235 2350/1295/1016
f 2266/1296/1017 2353/1549/1225 2267/1538/1214
f 2265/1292/1015 2353/1549/1225 2352/1297/1018
f 2354/1555/1230 2263/1290/1012 2262/1553/1228
f 2354/1555/1230 2260/1283/1011 2355/1291/1014
f 2356/1317/1036 2272/1605/1037 2273/1316/1034
f 2356/1317/1036 2269/1299/1019 2357/1313/1033
f 2271/1306/1026 2359/1323/1042 2270/1308/1028
f 2274/1320/1039 2359/1323/1042 2358/1307/1027
f 2274/1320/1039 2361/1305/1025 2275/1321/1040
f 2269/1299/1019 2361/1305/1025 2360/1303/1023
f 2272/1318/1037 2363/1312/1032 2273/1314/1034
f 2271/1306/1026 2363/1312/1032 2362/1319/1038
f 2364/1367/1076 2284/1364/1074 2285/1365/1075
f 2364/1367/1076 2283/1361/1072 2365/1360/1071
f 2366/1363/1073 2283/1361/1072 2282/1356/1069
f 2366/1363/1073 2287/1370/1078 2367/1359/1070
f 2368/1340/1056 2278/1607/1054 2279/1338/1055
f 2368/1340/1056 2284/1364/1074 2369/1342/1057
f 2278/1337/1054 2371/1345/1058 2279/1344/1055
f 2287/1370/1078 2371/1345/1058 2370/1336/1053
f 2372/1326/1045 2276/1606/1052 2277/1324/1043
f 2372/1326/1045 2289/1375/1083 2373/1328/1047
f 2291/1381/1089 2375/1378/1086 2290/1376/1084
f 2280/1353/1066 2375/1378/1086 2374/1347/1060
f 2280/1353/1066 2377/1351/1064 2281/1350/1063
f 2289/1375/1083 2377/1351/1064 2376/1352/1065
f 2276/1335/1052 2379/1332/1050 2277/1331/1043
f 2291/1381/1089 2379/1332/1050 2378/1334/1051
f 2293/1611/1305 2381/1383/1090 2292/1608/1304
f 2298/1398/1103 2381/1383/1090 2380/1388/1094
f 2295/1395/1100 2383/1393/1098 2294/1391/1096
f 2296/1396/1101 2383/1393/1098 2382/1392/1097
f 2298/1398/1103 2385/1390/1095 2299/1399/1104
f 2295/1395/1100 2385/1390/1095 2384/1394/1099
f 2386/1386/1093 2293/1609/1305 2292/1610/1304
f 2386/1386/1093 2296/1396/1101 2387/1385/1092
f 2388/1403/1108 2300/1401/1106 2301/1402/1107
f 2388/1403/1108 2307/1417/1120 2389/1404/1109
f 2390/1416/1119 2307/1417/1120 2306/1415/1118
f 2390/1416/1119 2305/1414/1117 2391/1413/1116
f 2392/1406/1111 2302/1612/1113 2303/1405/1110
f 2392/1406/1111 2300/1401/1106 2393/1400/1105
f 2394/1412/1115 2305/1414/1117 2304/1411/1114
f 2394/1412/1115 2302/1408/1113 2395/1407/1112
f 2396/1435/1130 2310/1431/1127 2311/1434/1128
f 2396/1435/1130 2321/1462/1152 2397/1460/1151
f 2323/1468/1158 2399/1465/1155 2322/1464/1154
f 2308/1614/1306 2399/1465/1155 2398/1428/1125
f 2400/1449/1141 2314/1446/1138 2315/1448/1140
f 2400/1449/1141 2317/1615/1307 2401/1451/1143
f 2319/1458/1149 2403/1456/1147 2318/1454/1145
f 2312/1441/1135 2403/1456/1147 2402/1444/1136
f 2404/1463/1153 2321/1462/1152 2320/1459/1150
f 2404/1463/1153 2314/1446/1138 2405/1447/1139
f 2312/1441/1135 2407/1438/1132 2313/1437/1131
f 2323/1468/1158 2407/1438/1132 2406/1440/1134
f 2308/1613/1306 2409/1455/1146 2309/1418/1121
f 2319/1458/1149 2409/1455/1146 2408/1421/1122
f 2410/1433/1129 2317/1615/1307 2316/1450/1142
f 2410/1433/1129 2310/1430/1127 2411/1453/1144
f 2412/1486/1173 2330/1484/1171 2331/1485/1172
f 2412/1486/1173 2329/1483/1170 2413/1482/1169
f 2414/1472/1162 2324/1470/1160 2325/1471/1161
f 2414/1472/1162 2330/1484/1171 2415/1473/1163
f 2327/1617/1308 2417/1475/1165 2326/1474/1164
f 2329/1483/1170 2417/1475/1165 2416/1479/1167
f 2418/1478/1166 2327/1616/1308 2326/1477/1164
f 2418/1478/1166 2324/1470/1160 2419/1469/1159
f 2420/1488/1175 2336/1619/1309 2337/1502/1187
f 2420/1488/1175 2333/1491/1178 2421/1492/1179
f 2336/1618/1309 2423/1501/1188 2337/1500/1187
f 2334/1499/1186 2423/1501/1188 2422/1498/1185
f 2339/1511/1196 2425/1510/1195 2338/1507/1192
f 2333/1491/1178 2425/1510/1195 2424/1489/1176
f 2334/1499/1186 2427/1493/1180 2335/1497/1184
f 2339/1511/1196 2427/1493/1180 2426/1494/1181
f 2428/1527/1206 2344/1620/1207 2345/1526/1204
f 2428/1527/1206 2341/1513/1197 2429/1531/1209
f 2344/1528/1207 2431/1525/1205 2345/1524/1204
f 2342/1517/1200 2431/1525/1205 2430/1529/1208
f 2347/1533/1211 2433/1535/1212 2346/1532/1210
f 2341/1513/1197 2433/1535/1212 2432/1516/1199
f 2342/1517/1200 2435/1521/1202 2343/1520/1201
f 2347/1533/1211 2435/1521/1202 2434/1523/1203
f 2444/1541/1217 2436/1540/1216 2437/1537/1213
f 2441/1557/1231 2444/1541/1217 2440/1552/1226
f 2446/1548/1224 2438/1547/1223 2439/1544/1220
f 2436/1540/1216 2446/1548/1224 2437/1537/1213
f 2448/1551/1227 2441/1621/1231 2440/1550/1226
f 2443/1562/1236 2448/1551/1227 2442/1558/1232
f 2450/1559/1233 2443/1562/1236 2442/1558/1232
f 2438/1547/1223 2450/1559/1233 2439/1544/1220
f 2453/1567/1241 2461/1563/1237 2452/1564/1238
f 2454/1571/1245 2461/1563/1237 2460/1568/1242
f 2459/1586/1258 2463/1584/1256 2458/1583/1255
f 2456/1579/1251 2463/1584/1256 2462/1577/1249
f 2464/1581/1253 2453/1567/1241 2452/1564/1238
f 2464/1581/1253 2456/1579/1251 2465/1565/1239
f 2466/1573/1246 2459/1586/1258 2458/1583/1255
f 2466/1573/1246 2454/1624/1245 2467/1574/1247
f 2469/1589/1261 2477/1569/1243 2468/1566/1240
f 2470/1591/1263 2477/1569/1243 2476/1588/1260
f 2475/1596/1268 2479/1587/1259 2474/1585/1257
f 2472/1594/1266 2479/1587/1259 2478/1627/1312
f 2480/1582/1254 2469/1589/1261 2468/1566/1240
f 2480/1582/1254 2472/1594/1266 2481/1625/1311
f 2482/1576/1248 2475/1596/1268 2474/1585/1257
f 2482/1576/1248 2470/1626/1263 2483/1592/1264
f 2263/1287/1012 2348/1289/1013 2349/1543/1219
f 2266/1296/1017 2267/1538/1214 2349/1543/1219
f 2265/1292/1015 2350/1295/1016 2351/1561/1235
f 2260/1283/1011 2261/1560/1234 2351/1561/1235
f 2266/1296/1017 2352/1297/1018 2353/1549/1225
f 2265/1292/1015 2264/1545/1221 2353/1549/1225
f 2354/1555/1230 2355/1291/1014 2263/1290/1012
f 2354/1555/1230 2261/1560/1234 2260/1283/1011
f 2356/1317/1036 2357/1313/1033 2272/1605/1037
f 2356/1317/1036 2268/1300/1020 2269/1299/1019
f 2271/1306/1026 2358/1307/1027 2359/1323/1042
f 2274/1320/1039 2275/1321/1040 2359/1323/1042
f 2274/1320/1039 2360/1303/1023 2361/1305/1025
f 2269/1299/1019 2268/1300/1020 2361/1305/1025
f 2272/1318/1037 2362/1319/1038 2363/1312/1032
f 2271/1306/1026 2270/1308/1028 2363/1312/1032
f 2364/1367/1076 2365/1360/1071 2284/1364/1074
f 2364/1367/1076 2282/1356/1069 2283/1361/1072
f 2366/1363/1073 2367/1359/1070 2283/1361/1072
f 2366/1363/1073 2286/1368/1077 2287/1370/1078
f 2368/1340/1056 2369/1342/1057 2278/1607/1054
f 2368/1340/1056 2285/1365/1075 2284/1364/1074
f 2278/1337/1054 2370/1336/1053 2371/1345/1058
f 2287/1370/1078 2286/1368/1077 2371/1345/1058
f 2372/1326/1045 2373/1328/1047 2276/1606/1052
f 2372/1326/1045 2288/1371/1079 2289/1375/1083
f 2291/1381/1089 2374/1347/1060 2375/1378/1086
f 2280/1353/1066 2281/1350/1063 2375/1378/1086
f 2280/1353/1066 2376/1352/1065 2377/1351/1064
f 2289/1375/1083 2288/1371/1079 2377/1351/1064
f 2276/1335/1052 2378/1334/1051 2379/1332/1050
f 2291/1381/1089 2290/1376/1084 2379/1332/1050
f 2293/1611/1305 2380/1388/1094 2381/1383/1090
f 2298/1398/1103 2299/1399/1104 2381/1383/1090
f 2295/1395/1100 2382/1392/1097 2383/1393/1098
f 2296/1396/1101 2297/1397/1102 2383/1393/1098
f 2298/1398/1103 2384/1394/1099 2385/1390/1095
f 2295/1395/1100 2294/1391/1096 2385/1390/1095
f 2386/1386/1093 2387/1385/1092 2293/1609/1305
f 2386/1386/1093 2297/1397/1102 2296/1396/1101
f 2388/1403/1108 2389/1404/1109 2300/1401/1106
f 2388/1403/1108 2306/1415/1118 2307/1417/1120
f 2390/1416/1119 2391/1413/1116 2307/1417/1120
f 2390/1416/1119 2304/1411/1114 2305/1414/1117
f 2392/1406/1111 2393/1400/1105 2302/1612/1113
f 2392/1406/1111 2301/1402/1107 2300/1401/1106
f 2394/1412/1115 2395/1407/1112 2305/1414/1117
f 2394/1412/1115 2303/1410/1110 2302/1408/1113
f 2396/1435/1130 2397/1460/1151 2310/1431/1127
f 2396/1435/1130 2320/1459/1150 2321/1462/1152
f 2323/1468/1158 2398/1428/1125 2399/1465/1155
f 2308/1614/1306 2309/1425/1121 2399/1465/1155
f 2400/1449/1141 2401/1451/1143 2314/1446/1138
f 2400/1449/1141 2316/1450/1142 2317/1615/1307
f 2319/1458/1149 2402/1444/1136 2403/1456/1147
f 2312/1441/1135 2313/1437/1131 2403/1456/1147
f 2404/1463/1153 2405/1447/1139 2321/1462/1152
f 2404/1463/1153 2315/1448/1140 2314/1446/1138
f 2312/1441/1135 2406/1440/1134 2407/1438/1132
f 2323/1468/1158 2322/1464/1154 2407/1438/1132
f 2308/1613/1306 2408/1421/1122 2409/1455/1146
f 2319/1458/1149 2318/1454/1145 2409/1455/1146
f 2410/1433/1129 2411/1453/1144 2317/1615/1307
f 2410/1433/1129 2311/1432/1128 2310/1430/1127
f 2412/1486/1173 2413/1482/1169 2330/1484/1171
f 2412/1486/1173 2328/1481/1168 2329/1483/1170
f 2414/1472/1162 2415/1473/1163 2324/1470/1160
f 2414/1472/1162 2331/1485/1172 2330/1484/1171
f 2327/1617/1308 2416/1479/1167 2417/1475/1165
f 2329/1483/1170 2328/1481/1168 2417/1475/1165
f 2418/1478/1166 2419/1469/1159 2327/1616/1308
f 2418/1478/1166 2325/1471/1161 2324/1470/1160
f 2420/1488/1175 2421/1492/1179 2336/1619/1309
f 2420/1488/1175 2332/1487/1174 2333/1491/1178
f 2336/1618/1309 2422/1498/1185 2423/1501/1188
f 2334/1499/1186 2335/1497/1184 2423/1501/1188
f 2339/1511/1196 2424/1489/1176 2425/1510/1195
f 2333/1491/1178 2332/1487/1174 2425/1510/1195
f 2334/1499/1186 2426/1494/1181 2427/1493/1180
f 2339/1511/1196 2338/1507/1192 2427/1493/1180
f 2428/1527/1206 2429/1531/1209 2344/1620/1207
f 2428/1527/1206 2340/1515/1198 2341/1513/1197
f 2344/1528/1207 2430/1529/1208 2431/1525/1205
f 2342/1517/1200 2343/1520/1201 2431/1525/1205
f 2347/1533/1211 2432/1516/1199 2433/1535/1212
f 2341/1513/1197 2340/1515/1198 2433/1535/1212
f 2342/1517/1200 2434/1523/1203 2435/1521/1202
f 2347/1533/1211 2346/1532/1210 2435/1521/1202
f 2444/1541/1217 2445/1542/1218 2436/1540/1216
f 2441/1557/1231 2445/1542/1218 2444/1541/1217
f 2446/1548/1224 2447/1539/1215 2438/1547/1223
f 2436/1540/1216 2447/1539/1215 2446/1548/1224
f 2448/1551/1227 2449/1554/1229 2441/1621/1231
f 2443/1562/1236 2449/1554/1229 2448/1551/1227
f 2450/1559/1233 2451/1546/1222 2443/1562/1236
f 2438/1547/1223 2451/1546/1222 2450/1559/1233
f 2453/1567/1241 2460/1568/1242 2461/1563/1237
f 2454/1571/1245 2455/1623/1310 2461/1563/1237
f 2459/1586/1258 2462/1577/1249 2463/1584/1256
f 2456/1579/1251 2457/1580/1252 2463/1584/1256
f 2464/1581/1253 2465/1565/1239 2453/1567/1241
f 2464/1581/1253 2457/1580/1252 2456/1579/1251
f 2466/1573/1246 2467/1574/1247 2459/1586/1258
f 2466/1573/1246 2455/1622/1310 2454/1624/1245
f 2469/1589/1261 2476/1588/1260 2477/1569/1243
f 2470/1591/1263 2471/1570/1244 2477/1569/1243
f 2475/1596/1268 2478/1627/1312 2479/1587/1259
f 2472/1594/1266 2473/1578/1250 2479/1587/1259
f 2480/1582/1254 2481/1625/1311 2469/1589/1261
f 2480/1582/1254 2473/1578/1250 2472/1594/1266
f 2482/1576/1248 2483/1592/1264 2475/1596/1268
f 2482/1576/1248 2471/1575/1244 2470/1626/1263
o 立方体.007
v 2.779739 0.081378 5.559397
v 2.779739 0.150692 -5.057220
v 3.574630 0.150692 -5.057220
v 3.574630 0.081378 5.559396
v 2.779739 0.395941 -2.782661
v 3.574630 0.395941 -2.782661
v 2.779739 0.395941 3.630065
v 3.574630 0.395941 3.630065
v 2.779739 -1.597555 4.718608
v 2.779739 -1.364966 4.997015
v 3.574630 -1.364966 4.997015
v 3.574630 -1.597555 4.718608
v 2.779739 -1.201051 -5.214111
v 2.779739 -1.589838 -4.571179
v 3.574630 -1.589838 -4.571179
v 3.574630 -1.201051 -5.214111
v 2.779739 0.391026 4.634014
v 2.779739 0.356620 5.221824
v 2.779739 0.263235 5.496087
v 3.574630 0.391026 4.634014
v 3.574630 0.356620 5.221824
v 3.574630 0.263235 5.496087
v 3.375907 0.081378 5.559396
v 3.177184 0.081378 5.559396
v 2.978462 0.081378 5.559396
v 3.375907 0.150692 -5.057220
v 3.177184 0.150692 -5.057220
v 2.978462 0.150692 -5.057220
v 2.779739 0.299977 -4.862095
v 2.779739 0.368443 -4.486571
v 2.779739 0.392504 -3.829877
v 3.574630 0.299977 -4.862095
v 3.574630 0.368443 -4.486571
v 3.574630 0.392504 -3.829877
v 2.978462 0.395941 -2.782661
v 3.177184 0.395941 -2.782661
v 3.375907 0.395941 -2.782660
v 2.779739 0.395941 -1.294538
v 2.779739 0.395941 0.440416
v 2.779739 0.395941 2.167013
v 3.574630 0.395941 -1.294538
v 3.574630 0.395941 0.440416
v 3.574630 0.395941 2.167013
v 2.978462 0.395941 3.630066
v 3.177184 0.395941 3.630065
v 3.375907 0.395941 3.630066
v 2.779739 -1.504903 4.896752
v 2.779739 -1.544495 4.834106
v 2.779739 -1.571025 4.776357
v 2.978462 -1.597555 4.718608
v 3.177184 -1.597555 4.718608
v 3.375907 -1.597555 4.718608
v 3.574629 -1.571025 4.776357
v 3.574630 -1.544495 4.834106
v 3.574630 -1.504903 4.896752
v 3.375906 -1.364966 4.997015
v 3.177184 -1.364966 4.997014
v 2.978461 -1.364966 4.997014
v 2.779739 -0.208609 5.501763
v 2.779739 -0.587068 5.362860
v 2.779739 -1.011444 5.174674
v 3.574630 -1.011444 5.174674
v 3.574630 -0.587068 5.362860
v 3.574630 -0.208609 5.501763
v 2.779739 -1.504953 -4.875157
v 2.779739 -1.412352 -4.991370
v 2.779739 -1.319750 -5.107582
v 2.978462 -1.201051 -5.214111
v 3.177184 -1.201051 -5.214111
v 3.375907 -1.201051 -5.214111
v 3.574630 -1.319750 -5.107582
v 3.574630 -1.412352 -4.991370
v 3.574630 -1.504953 -4.875157
v 3.375907 -1.589838 -4.571179
v 3.177184 -1.589838 -4.571179
v 2.978462 -1.589838 -4.571179
v 2.779739 -0.824813 -5.221460
v 2.779739 -0.443102 -5.205119
v 2.779739 -0.105795 -5.158616
v 3.574630 -0.105795 -5.158616
v 3.574630 -0.443102 -5.205119
v 3.574630 -0.824813 -5.221460
v 2.779739 -1.597555 2.349220
v 2.779739 -1.597555 -0.020168
v 2.779739 -1.597555 -2.389556
v 3.574630 -1.597555 -2.389556
v 3.574630 -1.597555 -0.020168
v 3.574629 -1.597555 2.349220
v 2.978461 0.391026 4.634015
v 2.978462 0.356621 5.221824
v 2.978462 0.263235 5.496087
v 3.177184 0.391026 4.634014
v 3.177184 0.356621 5.221824
v 3.177184 0.263235 5.496087
v 3.375907 0.391026 4.634014
v 3.375907 0.356621 5.221824
v 3.375907 0.263235 5.496086
v 2.978462 0.299977 -4.862095
v 2.978462 0.368443 -4.486571
v 2.978462 0.392504 -3.829877
v 3.177184 0.299977 -4.862095
v 3.177184 0.368443 -4.486571
v 3.177185 0.392504 -3.829877
v 3.375907 0.299977 -4.862094
v 3.375907 0.368443 -4.486571
v 3.375907 0.392504 -3.829877
v 2.978461 0.395941 -1.294538
v 2.978462 0.395941 0.440416
v 2.978462 0.395941 2.167013
v 3.177184 0.395941 -1.294538
v 3.177184 0.395941 0.440416
v 3.177184 0.395941 2.167013
v 3.375907 0.395941 -1.294538
v 3.375907 0.395941 0.440416
v 3.375907 0.395941 2.167013
v 2.978462 -1.571025 4.776357
v 3.177184 -1.571025 4.776357
v 3.375907 -1.571025 4.776357
v 2.978462 -1.544495 4.834105
v 3.177184 -1.544495 4.834105
v 3.375907 -1.544495 4.834105
v 2.978462 -1.504903 4.896751
v 3.177184 -1.504903 4.896751
v 3.375907 -1.504903 4.896751
v 2.978461 -0.208609 5.501762
v 2.978462 -0.587068 5.362859
v 2.978462 -1.011444 5.174673
v 3.177184 -0.208609 5.501762
v 3.177184 -0.587068 5.362859
v 3.177184 -1.011444 5.174673
v 3.375907 -0.208609 5.501762
v 3.375907 -0.587068 5.362859
v 3.375907 -1.011444 5.174674
v 2.978462 -1.319750 -5.107582
v 3.177184 -1.319750 -5.107582
v 3.375907 -1.319750 -5.107582
v 2.978462 -1.412352 -4.991370
v 3.177184 -1.412352 -4.991370
v 3.375907 -1.412352 -4.991370
v 2.978462 -1.504953 -4.875157
v 3.177184 -1.504953 -4.875156
v 3.375907 -1.504953 -4.875157
v 2.978462 -0.824814 -5.221460
v 2.978462 -0.443102 -5.205119
v 2.978462 -0.105795 -5.158616
v 3.177184 -0.824814 -5.221460
v 3.177184 -0.443102 -5.205119
v 3.177184 -0.105795 -5.158617
v 3.375907 -0.824814 -5.221460
v 3.375907 -0.443102 -5.205119
v 3.375907 -0.105795 -5.158616
v 2.978462 -1.597555 2.349220
v 2.978462 -1.597555 -0.020168
v 2.978462 -1.597555 -2.389556
v 3.177185 -1.597555 2.349220
v 3.177184 -1.597555 -0.020168
v 3.177184 -1.597555 -2.389556
v 3.375907 -1.597555 2.349220
v 3.375907 -1.597555 -0.020168
v 3.375907 -1.597555 -2.389556
v 2.779739 0.081223 5.511363
v 2.779739 0.148962 -5.009905
v 3.574630 0.148962 -5.009905
v 3.574630 0.081223 5.511363
v 2.779739 0.385941 -2.782282
v 3.574630 0.385941 -2.782282
v 2.779739 0.385942 3.629501
v 3.574630 0.385942 3.629501
v 2.779739 -1.589151 4.692576
v 2.779739 -1.363708 4.949357
v 3.574630 -1.363708 4.949357
v 3.574630 -1.589151 4.692576
v 2.779739 -1.200109 -5.166285
v 2.779739 -1.580939 -4.549269
v 3.574630 -1.580939 -4.549269
v 3.574630 -1.200109 -5.166285
v 2.779739 0.381136 4.626892
v 2.779739 0.348648 5.192824
v 2.779739 0.260179 5.450345
v 3.574630 0.381136 4.626892
v 3.574630 0.348648 5.192824
v 3.574630 0.260179 5.450345
v 3.375907 0.081223 5.511363
v 3.177184 0.081223 5.511362
v 2.978462 0.081223 5.511363
v 3.375907 0.148962 -5.009905
v 3.177184 0.148962 -5.009905
v 2.978462 0.148962 -5.009905
v 2.779739 0.294677 -4.821356
v 2.779739 0.359425 -4.465816
v 2.779739 0.382549 -3.825321
v 3.574630 0.294678 -4.821356
v 3.574630 0.359425 -4.465816
v 3.574630 0.382549 -3.825321
v 2.978462 0.385941 -2.782282
v 3.177184 0.385941 -2.782282
v 3.375907 0.385941 -2.782281
v 2.779739 0.385941 -1.294538
v 2.779739 0.385941 0.440416
v 2.779739 0.385941 2.167013
v 3.574630 0.385941 -1.294538
v 3.574630 0.385941 0.440416
v 3.574630 0.385941 2.167013
v 2.978462 0.385942 3.629501
v 3.177184 0.385942 3.629501
v 3.375907 0.385942 3.629501
v 2.779739 -1.502593 4.850012
v 2.779739 -1.540862 4.789349
v 2.779739 -1.566898 4.732599
v 2.978462 -1.589151 4.692576
v 3.177184 -1.589151 4.692577
v 3.375907 -1.589151 4.692576
v 3.574629 -1.566898 4.732600
v 3.574630 -1.540862 4.789349
v 3.574630 -1.502593 4.850012
v 3.375906 -1.363708 4.949357
v 3.177184 -1.363708 4.949356
v 2.978461 -1.363708 4.949356
v 2.779739 -0.208022 5.453807
v 2.779739 -0.586227 5.314991
v 2.779739 -1.010464 5.126865
v 3.574630 -1.010464 5.126865
v 3.574630 -0.586227 5.314991
v 3.574630 -0.208022 5.453807
v 2.779739 -1.500621 -4.831859
v 2.779739 -1.409824 -4.944890
v 2.779739 -1.317567 -5.060702
v 2.978462 -1.200109 -5.166285
v 3.177184 -1.200109 -5.166285
v 3.375907 -1.200109 -5.166285
v 3.574630 -1.317567 -5.060702
v 3.574630 -1.409824 -4.944890
v 3.574630 -1.500621 -4.831859
v 3.375907 -1.580939 -4.549269
v 3.177184 -1.580939 -4.549269
v 2.978462 -1.580939 -4.549269
v 2.779739 -0.824838 -5.173421
v 2.779739 -0.443290 -5.157088
v 2.779739 -0.106349 -5.110651
v 3.574630 -0.106349 -5.110651
v 3.574630 -0.443290 -5.157088
v 3.574630 -0.824838 -5.173421
v 2.779739 -1.587555 2.349220
v 2.779739 -1.587555 -0.020168
v 2.779739 -1.587556 -2.389148
v 3.574630 -1.587556 -2.389148
v 3.574630 -1.587555 -0.020168
v 3.574629 -1.587555 2.349220
v 2.978461 0.381136 4.626892
v 2.978462 0.348648 5.192824
v 2.978462 0.260179 5.450345
v 3.177184 0.381136 4.626892
v 3.177184 0.348648 5.192824
v 3.177184 0.260179 5.450345
v 3.375907 0.381136 4.626892
v 3.375907 0.348648 5.192824
v 3.375907 0.260179 5.450344
v 2.978462 0.294677 -4.821356
v 2.978462 0.359424 -4.465816
v 2.978462 0.382549 -3.825320
v 3.177184 0.294678 -4.821356
v 3.177184 0.359425 -4.465816
v 3.177185 0.382549 -3.825321
v 3.375907 0.294677 -4.821356
v 3.375907 0.359424 -4.465816
v 3.375907 0.382549 -3.825320
v 2.978461 0.385941 -1.294538
v 2.978462 0.385941 0.440416
v 2.978462 0.385941 2.167013
v 3.177184 0.385941 -1.294538
v 3.177184 0.385941 0.440416
v 3.177184 0.385941 2.167013
v 3.375907 0.385941 -1.294538
v 3.375907 0.385941 0.440416
v 3.375907 0.385941 2.167013
v 2.978462 -1.566898 4.732600
v 3.177184 -1.566898 4.732599
v 3.375907 -1.566898 4.732600
v 2.978462 -1.540862 4.789349
v 3.177184 -1.540862 4.789348
v 3.375907 -1.540862 4.789348
v 2.978462 -1.502593 4.850011
v 3.177184 -1.502593 4.850011
v 3.375907 -1.502593 4.850011
v 2.978461 -0.208022 5.453806
v 2.978462 -0.586227 5.314990
v 2.978462 -1.010464 5.126865
v 3.177184 -0.208022 5.453806
v 3.177184 -0.586227 5.314990
v 3.177184 -1.010464 5.126865
v 3.375907 -0.208022 5.453806
v 3.375907 -0.586227 5.314990
v 3.375907 -1.010464 5.126865
v 2.978462 -1.317567 -5.060701
v 3.177184 -1.317567 -5.060701
v 3.375907 -1.317567 -5.060702
v 2.978462 -1.409824 -4.944890
v 3.177184 -1.409824 -4.944890
v 3.375907 -1.409824 -4.944890
v 2.978462 -1.500621 -4.831859
v 3.177184 -1.500621 -4.831859
v 3.375907 -1.500621 -4.831859
v 2.978462 -0.824838 -5.173421
v 2.978462 -0.443290 -5.157088
v 2.978462 -0.106349 -5.110651
v 3.177184 -0.824838 -5.173421
v 3.177184 -0.443290 -5.157088
v 3.177184 -0.106349 -5.110651
v 3.375907 -0.824838 -5.173421
v 3.375907 -0.443290 -5.157088
v 3.375907 -0.106349 -5.110650
v 2.978462 -1.587555 2.349220
v 2.978462 -1.587555 -0.020168
v 2.978462 -1.587555 -2.389148
v 3.177185 -1.587555 2.349220
v 3.177184 -1.587555 -0.020168
v 3.177184 -1.587555 -2.389148
v 3.375907 -1.587555 2.349220
v 3.375907 -1.587555 -0.020168
v 3.375907 -1.587555 -2.389148
v -2.779739 0.081378 5.559397
v -2.779739 0.150692 -5.057220
v -3.574630 0.150692 -5.057220
v -3.574630 0.081378 5.559396
v -2.779739 0.395941 -2.782661
v -3.574630 0.395941 -2.782661
v -2.779739 0.395941 3.630065
v -3.574630 0.395941 3.630065
v -2.779739 -1.597555 4.718608
v -2.779739 -1.364966 4.997015
v -3.574630 -1.364966 4.997015
v -3.574630 -1.597555 4.718608
v -2.779739 -1.201051 -5.214111
v -2.779739 -1.589838 -4.571179
v -3.574630 -1.589838 -4.571179
v -3.574630 -1.201051 -5.214111
v -2.779739 0.391026 4.634014
v -2.779739 0.356620 5.221824
v -2.779739 0.263235 5.496087
v -3.574630 0.391026 4.634014
v -3.574630 0.356620 5.221824
v -3.574630 0.263235 5.496087
v -3.375907 0.081378 5.559396
v -3.177184 0.081378 5.559396
v -2.978462 0.081378 5.559396
v -3.375907 0.150692 -5.057220
v -3.177184 0.150692 -5.057220
v -2.978462 0.150692 -5.057220
v -2.779739 0.299977 -4.862095
v -2.779739 0.368443 -4.486571
v -2.779739 0.392504 -3.829877
v -3.574630 0.299977 -4.862095
v -3.574630 0.368443 -4.486571
v -3.574630 0.392504 -3.829877
v -2.978462 0.395941 -2.782661
v -3.177184 0.395941 -2.782661
v -3.375907 0.395941 -2.782660
v -2.779739 0.395941 -1.294538
v -2.779739 0.395941 0.440416
v -2.779739 0.395941 2.167013
v -3.574630 0.395941 -1.294538
v -3.574630 0.395941 0.440416
v -3.574630 0.395941 2.167013
v -2.978462 0.395941 3.630066
v -3.177184 0.395941 3.630065
v -3.375907 0.395941 3.630066
v -2.779739 -1.504903 4.896752
v -2.779739 -1.544495 4.834106
v -2.779739 -1.571025 4.776357
v -2.978462 -1.597555 4.718608
v -3.177184 -1.597555 4.718608
v -3.375907 -1.597555 4.718608
v -3.574629 -1.571025 4.776357
v -3.574630 -1.544495 4.834106
v -3.574630 -1.504903 4.896752
v -3.375906 -1.364966 4.997015
v -3.177184 -1.364966 4.997014
v -2.978461 -1.364966 4.997014
v -2.779739 -0.208609 5.501763
v -2.779739 -0.587068 5.362860
v -2.779739 -1.011444 5.174674
v -3.574630 -1.011444 5.174674
v -3.574630 -0.587068 5.362860
v -3.574630 -0.208609 5.501763
v -2.779739 -1.504953 -4.875157
v -2.779739 -1.412352 -4.991370
v -2.779739 -1.319750 -5.107582
v -2.978462 -1.201051 -5.214111
v -3.177184 -1.201051 -5.214111
v -3.375907 -1.201051 -5.214111
v -3.574630 -1.319750 -5.107582
v -3.574630 -1.412352 -4.991370
v -3.574630 -1.504953 -4.875157
v -3.375907 -1.589838 -4.571179
v -3.177184 -1.589838 -4.571179
v -2.978462 -1.589838 -4.571179
v -2.779739 -0.824813 -5.221460
v -2.779739 -0.443102 -5.205119
v -2.779739 -0.105795 -5.158616
v -3.574630 -0.105795 -5.158616
v -3.574630 -0.443102 -5.205119
v -3.574630 -0.824813 -5.221460
v -2.779739 -1.597555 2.349220
v -2.779739 -1.597555 -0.020168
v -2.779739 -1.597555 -2.389556
v -3.574630 -1.597555 -2.389556
v -3.574630 -1.597555 -0.020168
v -3.574629 -1.597555 2.349220
v -2.978461 0.391026 4.634015
v -2.978462 0.356621 5.221824
v -2.978462 0.263235 5.496087
v -3.177184 0.391026 4.634014
v -3.177184 0.356621 5.221824
v -3.177184 0.263235 5.496087
v -3.375907 0.391026 4.634014
v -3.375907 0.356621 5.221824
v -3.375907 0.263235 5.496086
v -2.978462 0.299977 -4.862095
v -2.978462 0.368443 -4.486571
v -2.978462 0.392504 -3.829877
v -3.177184 0.299977 -4.862095
v -3.177184 0.368443 -4.486571
v -3.177185 0.392504 -3.829877
v -3.375907 0.299977 -4.862094
v -3.375907 0.368443 -4.486571
v -3.375907 0.392504 -3.829877
v -2.978461 0.395941 -1.294538
v -2.978462 0.395941 0.440416
v -2.978462 0.395941 2.167013
v -3.177184 0.395941 -1.294538
v -3.177184 0.395941 0.440416
v -3.177184 0.395941 2.167013
v -3.375907 0.395941 -1.294538
v -3.375907 0.395941 0.440416
v -3.375907 0.395941 2.167013
v -2.978462 -1.571025 4.776357
v -3.177184 -1.571025 4.776357
v -3.375907 -1.571025 4.776357
v -2.978462 -1.544495 4.834105
v -3.177184 -1.544495 4.834105
v -3.375907 -1.544495 4.834105
v -2.978462 -1.504903 4.896751
v -3.177184 -1.504903 4.896751
v -3.375907 -1.504903 4.896751
v -2.978461 -0.208609 5.501762
v -2.978462 -0.587068 5.362859
v -2.978462 -1.011444 5.174673
v -3.177184 -0.208609 5.501762
v -3.177184 -0.587068 5.362859
v -3.177184 -1.011444 5.174673
v -3.375907 -0.208609 5.501762
v -3.375907 -0.587068 5.362859
v -3.375907 -1.011444 5.174674
v -2.978462 -1.319750 -5.107582
v -3.177184 -1.319750 -5.107582
v -3.375907 -1.319750 -5.107582
v -2.978462 -1.412352 -4.991370
v -3.177184 -1.412352 -4.991370
v -3.375907 -1.412352 -4.991370
v -2.978462 -1.504953 -4.875157
v -3.177184 -1.504953 -4.875156
v -3.375907 -1.504953 -4.875157
v -2.978462 -0.824814 -5.221460
v -2.978462 -0.443102 -5.205119
v -2.978462 -0.105795 -5.158616
v -3.177184 -0.824814 -5.221460
v -3.177184 -0.443102 -5.205119
v -3.177184 -0.105795 -5.158617
v -3.375907 -0.824814 -5.221460
v -3.375907 -0.443102 -5.205119
v -3.375907 -0.105795 -5.158616
v -2.978462 -1.597555 2.349220
v -2.978462 -1.597555 -0.020168
v -2.978462 -1.597555 -2.389556
v -3.177185 -1.597555 2.349220
v -3.177184 -1.597555 -0.020168
v -3.177184 -1.597555 -2.389556
v -3.375907 -1.597555 2.349220
v -3.375907 -1.597555 -0.020168
v -3.375907 -1.597555 -2.389556
v -2.779739 0.081223 5.511363
v -2.779739 0.148962 -5.009905
v -3.574630 0.148962 -5.009905
v -3.574630 0.081223 5.511363
v -2.779739 0.385941 -2.782282
v -3.574630 0.385941 -2.782282
v -2.779739 0.385942 3.629501
v -3.574630 0.385942 3.629501
v -2.779739 -1.589151 4.692576
v -2.779739 -1.363708 4.949357
v -3.574630 -1.363708 4.949357
v -3.574630 -1.589151 4.692576
v -2.779739 -1.200109 -5.166285
v -2.779739 -1.580939 -4.549269
v -3.574630 -1.580939 -4.549269
v -3.574630 -1.200109 -5.166285
v -2.779739 0.381136 4.626892
v -2.779739 0.348648 5.192824
v -2.779739 0.260179 5.450345
v -3.574630 0.381136 4.626892
v -3.574630 0.348648 5.192824
v -3.574630 0.260179 5.450345
v -3.375907 0.081223 5.511363
v -3.177184 0.081223 5.511362
v -2.978462 0.081223 5.511363
v -3.375907 0.148962 -5.009905
v -3.177184 0.148962 -5.009905
v -2.978462 0.148962 -5.009905
v -2.779739 0.294677 -4.821356
v -2.779739 0.359425 -4.465816
v -2.779739 0.382549 -3.825321
v -3.574630 0.294678 -4.821356
v -3.574630 0.359425 -4.465816
v -3.574630 0.382549 -3.825321
v -2.978462 0.385941 -2.782282
v -3.177184 0.385941 -2.782282
v -3.375907 0.385941 -2.782281
v -2.779739 0.385941 -1.294538
v -2.779739 0.385941 0.440416
v -2.779739 0.385941 2.167013
v -3.574630 0.385941 -1.294538
v -3.574630 0.385941 0.440416
v -3.574630 0.385941 2.167013
v -2.978462 0.385942 3.629501
v -3.177184 0.385942 3.629501
v -3.375907 0.385942 3.629501
v -2.779739 -1.502593 4.850012
v -2.779739 -1.540862 4.789349
v -2.779739 -1.566898 4.732599
v -2.978462 -1.589151 4.692576
v -3.177184 -1.589151 4.692577
v -3.375907 -1.589151 4.692576
v -3.574629 -1.566898 4.732600
v -3.574630 -1.540862 4.789349
v -3.574630 -1.502593 4.850012
v -3.375906 -1.363708 4.949357
v -3.177184 -1.363708 4.949356
v -2.978461 -1.363708 4.949356
v -2.779739 -0.208022 5.453807
v -2.779739 -0.586227 5.314991
v -2.779739 -1.010464 5.126865
v -3.574630 -1.010464 5.126865
v -3.574630 -0.586227 5.314991
v -3.574630 -0.208022 5.453807
v -2.779739 -1.500621 -4.831859
v -2.779739 -1.409824 -4.944890
v -2.779739 -1.317567 -5.060702
v -2.978462 -1.200109 -5.166285
v -3.177184 -1.200109 -5.166285
v -3.375907 -1.200109 -5.166285
v -3.574630 -1.317567 -5.060702
v -3.574630 -1.409824 -4.944890
v -3.574630 -1.500621 -4.831859
v -3.375907 -1.580939 -4.549269
v -3.177184 -1.580939 -4.549269
v -2.978462 -1.580939 -4.549269
v -2.779739 -0.824838 -5.173421
v -2.779739 -0.443290 -5.157088
v -2.779739 -0.106349 -5.110651
v -3.574630 -0.106349 -5.110651
v -3.574630 -0.443290 -5.157088
v -3.574630 -0.824838 -5.173421
v -2.779739 -1.587555 2.349220
v -2.779739 -1.587555 -0.020168
v -2.779739 -1.587556 -2.389148
v -3.574630 -1.587556 -2.389148
v -3.574630 -1.587555 -0.020168
v -3.574629 -1.587555 2.349220
v -2.978461 0.381136 4.626892
v -2.978462 0.348648 5.192824
v -2.978462 0.260179 5.450345
v -3.177184 0.381136 4.626892
v -3.177184 0.348648 5.192824
v -3.177184 0.260179 5.450345
v -3.375907 0.381136 4.626892
v -3.375907 0.348648 5.192824
v -3.375907 0.260179 5.450344
v -2.978462 0.294677 -4.821356
v -2.978462 0.359424 -4.465816
v -2.978462 0.382549 -3.825320
v -3.177184 0.294678 -4.821356
v -3.177184 0.359425 -4.465816
v -3.177185 0.382549 -3.825321
v -3.375907 0.294677 -4.821356
v -3.375907 0.359424 -4.465816
v -3.375907 0.382549 -3.825320
v -2.978461 0.385941 -1.294538
v -2.978462 0.385941 0.440416
v -2.978462 0.385941 2.167013
v -3.177184 0.385941 -1.294538
v -3.177184 0.385941 0.440416
v -3.177184 0.385941 2.167013
v -3.375907 0.385941 -1.294538
v -3.375907 0.385941 0.440416
v -3.375907 0.385941 2.167013
v -2.978462 -1.566898 4.732600
v -3.177184 -1.566898 4.732599
v -3.375907 -1.566898 4.732600
v -2.978462 -1.540862 4.789349
v -3.177184 -1.540862 4.789348
v -3.375907 -1.540862 4.789348
v -2.978462 -1.502593 4.850011
v -3.177184 -1.502593 4.850011
v -3.375907 -1.502593 4.850011
v -2.978461 -0.208022 5.453806
v -2.978462 -0.586227 5.314990
v -2.978462 -1.010464 5.126865
v -3.177184 -0.208022 5.453806
v -3.177184 -0.586227 5.314990
v -3.177184 -1.010464 5.126865
v -3.375907 -0.208022 5.453806
v -3.375907 -0.586227 5.314990
v -3.375907 -1.010464 5.126865
v -2.978462 -1.317567 -5.060701
v -3.177184 -1.317567 -5.060701
v -3.375907 -1.317567 -5.060702
v -2.978462 -1.409824 -4.944890
v -3.177184 -1.409824 -4.944890
v -3.375907 -1.409824 -4.944890
v -2.978462 -1.500621 -4.831859
v -3.177184 -1.500621 -4.831859
v -3.375907 -1.500621 -4.831859
v -2.978462 -0.824838 -5.173421
v -2.978462 -0.443290 -5.157088
v -2.978462 -0.106349 -5.110651
v -3.177184 -0.824838 -5.173421
v -3.177184 -0.443290 -5.157088
v -3.177184 -0.106349 -5.110651
v -3.375907 -0.824838 -5.173421
v -3.375907 -0.443290 -5.157088
v -3.375907 -0.106349 -5.110650
v -2.978462 -1.587555 2.349220
v -2.978462 -1.587555 -0.020168
v -2.978462 -1.587555 -2.389148
v -3.177185 -1.587555 2.349220
v -3.177184 -1.587555 -0.020168
v -3.177184 -1.587555 -2.389148
v -3.375907 -1.587555 2.349220
v -3.375907 -1.587555 -0.020168
v -3.375907 -1.587555 -2.389148
vn -0.0000 0.9983 0.0584
vn -0.0000 0.9995 0.0317
vn -0.0000 0.8389 0.5442
vn -0.0000 0.9466 0.3223
vn -0.0000 1.0000 0.0024
vn -0.0001 0.8389 0.5442
vn -0.0000 0.0742 0.9972
vn -0.0000 0.8390 0.5442
vn -0.0000 0.9995 0.0313
vn -0.0000 0.9838 -0.1794
vn -0.0000 0.9998 -0.0200
vn -0.0000 0.9993 -0.0366
vn -0.0000 0.7942 -0.6076
vn -0.0000 0.6449 -0.7643
vn -0.0000 1.0000 -0.0016
vn -0.0000 1.0000 -0.0000
vn -0.0000 -0.9087 0.4175
vn -0.0000 -0.8822 0.4709
vn -0.0000 -0.7519 0.6592
vn -0.0000 -0.5203 0.8540
vn -0.0000 -0.3756 0.9268
vn -0.0000 -0.2720 0.9623
vn -0.0000 -0.4273 0.9041
vn -0.0000 -0.3752 0.9270
vn -0.0000 0.0743 0.9972
vn -0.0000 -0.3755 0.9268
vn -0.0000 -0.7321 -0.6812
vn -0.0000 -0.7821 -0.6232
vn -0.0000 -0.9176 -0.3974
vn -0.0000 -0.4139 -0.9103
vn -0.0000 -0.4140 -0.9103
vn -0.0000 -0.9632 -0.2690
vn -0.0000 0.0898 -0.9960
vn -0.0000 0.0116 -0.9999
vn -0.0000 0.2574 -0.9663
vn -0.0000 -1.0000 -0.0000
vn -0.0000 -1.0000 -0.0018
vn -0.0000 -1.0000 -0.0035
vn -0.0000 -0.9995 -0.0307
vn -0.0000 -0.9984 -0.0573
vn -0.0000 -0.9995 -0.0306
vn -0.0000 -0.9457 -0.3249
vn 0.0001 -0.8366 -0.5478
vn -0.0000 -0.8366 -0.5478
vn 0.0001 -0.8366 -0.5479
vn -0.0000 -1.0000 -0.0024
vn -0.0000 -0.0706 -0.9975
vn -0.0000 -0.9838 0.1792
vn -0.0000 -0.9993 0.0361
vn -0.0000 -0.9998 0.0197
vn -0.0000 -0.6419 0.7668
vn -0.0000 -0.7912 0.6115
vn -0.0000 -1.0000 0.0016
vn -0.0000 0.8932 -0.4496
vn -0.0000 0.8825 -0.4704
vn -0.0000 0.8932 -0.4497
vn -0.0000 0.7521 -0.6590
vn -0.0000 0.8740 -0.4859
vn -0.0000 0.8740 -0.4860
vn -0.0000 0.7522 -0.6590
vn -0.0000 0.5199 -0.8542
vn -0.0000 0.2721 -0.9623
vn -0.0000 0.3752 -0.9270
vn -0.0000 0.2722 -0.9622
vn -0.0000 0.4273 -0.9041
vn -0.0000 0.2722 -0.9623
vn -0.0000 0.3755 -0.9268
vn -0.0000 0.3756 -0.9268
vn -0.0000 0.7809 0.6247
vn -0.0000 0.7324 0.6809
vn -0.0000 0.9157 0.4019
vn -0.0000 0.4143 0.9102
vn -0.0000 0.4143 0.9101
vn -0.0000 0.4142 0.9102
vn -0.0000 0.9619 0.2734
vn -0.0000 -0.0119 0.9999
vn -0.0000 -0.0897 0.9960
vn -0.0000 -0.2571 0.9664
vn -0.0000 1.0000 0.0003
vn -0.0000 1.0000 0.0015
vn -0.0000 1.0000 0.0007
vn -0.0000 1.0000 0.0031
vn -1.0000 -0.0000 -0.0000
vn 1.0000 -0.0000 -0.0000
vn 1.0000 0.0001 -0.0000
vn -0.0000 -0.9995 -0.0311
vn -0.0000 -0.8366 -0.5479
vn -1.0000 0.0001 -0.0000
vt 0.954120 0.724926
vt 0.958110 0.731833
vt 0.954120 0.731833
vt 0.954120 0.719029
vt 0.958110 0.724926
vt 0.962101 0.731833
vt 0.962101 0.719028
vt 0.962101 0.724926
vt 0.950129 0.731833
vt 0.954120 0.743377
vt 0.950129 0.743377
vt 0.950129 0.724926
vt 0.950129 0.719028
vt 0.954120 0.709007
vt 0.958110 0.709007
vt 0.958110 0.719028
vt 0.962101 0.709007
vt 0.966092 0.719029
vt 0.966092 0.724926
vt 0.966092 0.731833
vt 0.962101 0.743377
vt 0.966092 0.743377
vt 0.958110 0.743377
vt 0.954120 0.836981
vt 0.958110 0.842583
vt 0.954120 0.842583
vt 0.954120 0.829387
vt 0.958110 0.836981
vt 0.962101 0.842583
vt 0.958110 0.829387
vt 0.962101 0.836981
vt 0.950129 0.842583
vt 0.954120 0.851050
vt 0.950129 0.851050
vt 0.950129 0.829387
vt 0.950129 0.836981
vt 0.950129 0.817331
vt 0.958110 0.817331
vt 0.962101 0.829387
vt 0.966092 0.817331
vt 0.966092 0.829387
vt 0.966092 0.836981
vt 0.966092 0.842583
vt 0.966092 0.851050
vt 0.962101 0.851050
vt 0.958110 0.851050
vt 0.954120 0.780161
vt 0.958110 0.800171
vt 0.954120 0.800171
vt 0.954120 0.760248
vt 0.958110 0.780161
vt 0.962101 0.800171
vt 0.958110 0.760248
vt 0.962101 0.780161
vt 0.954120 0.817331
vt 0.950129 0.780161
vt 0.950129 0.800171
vt 0.950129 0.760248
vt 0.962101 0.760248
vt 0.966092 0.760248
vt 0.966092 0.780161
vt 0.966092 0.800171
vt 0.962101 0.817331
vt 0.954120 0.616950
vt 0.958110 0.618549
vt 0.954120 0.618549
vt 0.958110 0.616950
vt 0.962101 0.618549
vt 0.954120 0.620820
vt 0.958110 0.620820
vt 0.954120 0.615485
vt 0.950129 0.616950
vt 0.950129 0.615485
vt 0.962101 0.615485
vt 0.958110 0.615485
vt 0.966092 0.616950
vt 0.962101 0.616950
vt 0.966092 0.618549
vt 0.962101 0.620820
vt 0.966092 0.628629
vt 0.962101 0.628629
vt 0.958110 0.628629
vt 0.954120 0.628629
vt 0.950129 0.620820
vt 0.950129 0.628629
vt 0.950129 0.618549
vt 0.954120 0.671924
vt 0.958110 0.692947
vt 0.954120 0.692947
vt 0.954120 0.648316
vt 0.958110 0.671924
vt 0.962101 0.692947
vt 0.962101 0.648316
vt 0.962101 0.671924
vt 0.950129 0.709007
vt 0.950129 0.671924
vt 0.950129 0.692947
vt 0.950129 0.648316
vt 0.958110 0.648316
vt 0.966092 0.648316
vt 0.966092 0.671924
vt 0.966092 0.692947
vt 0.966092 0.709007
vt 0.958110 0.492382
vt 0.954120 0.497675
vt 0.954120 0.492382
vt 0.962101 0.497675
vt 0.958110 0.497675
vt 0.954120 0.502925
vt 0.962101 0.502925
vt 0.958110 0.502925
vt 0.950129 0.485726
vt 0.950129 0.492382
vt 0.954120 0.485726
vt 0.958110 0.485726
vt 0.962101 0.492382
vt 0.966092 0.485726
vt 0.962101 0.485726
vt 0.966092 0.497675
vt 0.966092 0.502925
vt 0.962101 0.508616
vt 0.958110 0.508616
vt 0.954120 0.508616
vt 0.950129 0.502925
vt 0.950129 0.508616
vt 0.950129 0.497675
vt 0.954120 0.883962
vt 0.958110 0.905107
vt 0.954120 0.905107
vt 0.954120 0.865276
vt 0.958110 0.883962
vt 0.962101 0.905107
vt 0.962101 0.865276
vt 0.962101 0.883962
vt 0.950129 0.905107
vt 0.954120 0.925926
vt 0.950129 0.925926
vt 0.950129 0.865276
vt 0.950129 0.883962
vt 0.958110 0.865276
vt 0.966092 0.865276
vt 0.966092 0.883962
vt 0.966092 0.905107
vt 0.962101 0.925926
vt 0.966092 0.925926
vt 0.958110 0.925926
vt 0.954120 0.588308
vt 0.958110 0.560981
vt 0.958110 0.588308
vt 0.954120 0.560981
vt 0.958110 0.533656
vt 0.962101 0.560981
vt 0.962101 0.588308
vt 0.962101 0.533656
vt 0.950129 0.588308
vt 0.950129 0.560981
vt 0.954120 0.533656
vt 0.950129 0.533656
vt 0.966092 0.533656
vt 0.966092 0.560981
vt 0.966092 0.588308
vt 0.966092 0.615485
vt 0.453458 0.784774
vt 0.457457 0.777927
vt 0.457457 0.784774
vt 0.453458 0.777927
vt 0.457457 0.772080
vt 0.449460 0.784774
vt 0.449460 0.772080
vt 0.453458 0.772080
vt 0.457457 0.796219
vt 0.461455 0.784774
vt 0.461455 0.796219
vt 0.461455 0.777927
vt 0.461455 0.772080
vt 0.457457 0.762145
vt 0.461455 0.762145
vt 0.453458 0.762145
vt 0.445461 0.772080
vt 0.449460 0.762145
vt 0.449460 0.777927
vt 0.445461 0.784774
vt 0.449460 0.796219
vt 0.453458 0.796219
vt 0.453458 0.894572
vt 0.457457 0.889018
vt 0.457457 0.894572
vt 0.453458 0.889018
vt 0.457457 0.881489
vt 0.449460 0.894572
vt 0.449460 0.889018
vt 0.453458 0.881489
vt 0.457457 0.902966
vt 0.461455 0.894572
vt 0.461455 0.902966
vt 0.461455 0.889018
vt 0.461455 0.881489
vt 0.461455 0.869538
vt 0.453458 0.869538
vt 0.457457 0.869538
vt 0.449460 0.881489
vt 0.445461 0.869538
vt 0.449460 0.869538
vt 0.445461 0.881489
vt 0.445461 0.889018
vt 0.445461 0.902966
vt 0.449460 0.902966
vt 0.453458 0.902966
vt 0.453458 0.852524
vt 0.457457 0.832687
vt 0.457457 0.852524
vt 0.453458 0.832687
vt 0.457457 0.812944
vt 0.449460 0.852524
vt 0.449460 0.832687
vt 0.453458 0.812944
vt 0.461455 0.852524
vt 0.461455 0.832687
vt 0.461455 0.812944
vt 0.449460 0.812944
vt 0.445461 0.796219
vt 0.445461 0.812944
vt 0.445461 0.832687
vt 0.445461 0.852524
vt 0.457457 0.670879
vt 0.453458 0.672464
vt 0.453458 0.670879
vt 0.449460 0.672464
vt 0.449460 0.670879
vt 0.457457 0.672464
vt 0.453458 0.674716
vt 0.461455 0.670879
vt 0.457457 0.669427
vt 0.461455 0.669427
vt 0.453458 0.669427
vt 0.449460 0.669427
vt 0.445461 0.670879
vt 0.445461 0.669427
vt 0.449460 0.674716
vt 0.445461 0.672464
vt 0.445461 0.682458
vt 0.445461 0.674716
vt 0.453458 0.682458
vt 0.457457 0.674716
vt 0.461455 0.674716
vt 0.457457 0.682458
vt 0.461455 0.672464
vt 0.453458 0.746223
vt 0.457457 0.725381
vt 0.457457 0.746223
vt 0.453458 0.725381
vt 0.457457 0.701975
vt 0.449460 0.746223
vt 0.449460 0.701975
vt 0.453458 0.701975
vt 0.461455 0.746223
vt 0.461455 0.725381
vt 0.461455 0.701975
vt 0.461455 0.682458
vt 0.449460 0.682458
vt 0.445461 0.701975
vt 0.449460 0.725381
vt 0.445461 0.746223
vt 0.457457 0.552630
vt 0.453458 0.547383
vt 0.457457 0.547383
vt 0.449460 0.552630
vt 0.449460 0.547383
vt 0.457457 0.557835
vt 0.453458 0.552630
vt 0.449460 0.557835
vt 0.461455 0.540785
vt 0.457457 0.540785
vt 0.453458 0.540785
vt 0.449460 0.540785
vt 0.445461 0.540785
vt 0.445461 0.552630
vt 0.445461 0.547383
vt 0.445461 0.557835
vt 0.449460 0.563477
vt 0.453458 0.563477
vt 0.453458 0.557835
vt 0.457457 0.563477
vt 0.461455 0.557835
vt 0.461455 0.552630
vt 0.461455 0.547383
vt 0.453458 0.956559
vt 0.457457 0.935596
vt 0.457457 0.956559
vt 0.453458 0.935596
vt 0.457457 0.917070
vt 0.449460 0.956559
vt 0.449460 0.917070
vt 0.453458 0.917070
vt 0.457457 0.977199
vt 0.461455 0.956559
vt 0.461455 0.977199
vt 0.461455 0.935596
vt 0.461455 0.917070
vt 0.445461 0.917070
vt 0.449460 0.935596
vt 0.445461 0.956559
vt 0.449460 0.977199
vt 0.453458 0.977199
vt 0.457457 0.642484
vt 0.453458 0.615392
vt 0.457457 0.615392
vt 0.453458 0.588302
vt 0.457457 0.588302
vt 0.453458 0.642484
vt 0.449460 0.615392
vt 0.449460 0.588302
vt 0.461455 0.642484
vt 0.461455 0.615392
vt 0.461455 0.588302
vt 0.461455 0.563477
vt 0.445461 0.588302
vt 0.445461 0.615392
vt 0.445461 0.642484
vt 0.449460 0.642484
vt 0.949578 0.731833
vt 0.949578 0.724926
vt 0.949578 0.719028
vt 0.949578 0.709007
vt 0.966643 0.731833
vt 0.966643 0.743377
vt 0.966643 0.724926
vt 0.966643 0.719028
vt 0.949578 0.842583
vt 0.949578 0.836980
vt 0.949578 0.829387
vt 0.949578 0.817331
vt 0.966643 0.842583
vt 0.966643 0.851050
vt 0.966643 0.836980
vt 0.966643 0.829387
vt 0.949578 0.800171
vt 0.949578 0.780161
vt 0.949578 0.760248
vt 0.949578 0.743377
vt 0.966643 0.817331
vt 0.966643 0.800171
vt 0.966643 0.780161
vt 0.966643 0.760248
vt 0.949578 0.620820
vt 0.949578 0.618549
vt 0.949578 0.616950
vt 0.949578 0.615485
vt 0.966643 0.615485
vt 0.966643 0.616950
vt 0.966643 0.618549
vt 0.966643 0.620820
vt 0.966092 0.620820
vt 0.966643 0.628629
vt 0.949578 0.692947
vt 0.949578 0.671924
vt 0.949578 0.648316
vt 0.949578 0.628629
vt 0.966643 0.648316
vt 0.966643 0.671924
vt 0.966643 0.692947
vt 0.966643 0.709007
vt 0.949578 0.508616
vt 0.949578 0.502925
vt 0.949578 0.497675
vt 0.949578 0.492382
vt 0.949578 0.485726
vt 0.966092 0.492382
vt 0.966643 0.485726
vt 0.966643 0.492382
vt 0.966643 0.497675
vt 0.966643 0.502925
vt 0.966643 0.508616
vt 0.966092 0.508616
vt 0.949578 0.925926
vt 0.949578 0.905107
vt 0.949578 0.883962
vt 0.949578 0.865276
vt 0.949578 0.851050
vt 0.966643 0.865276
vt 0.966643 0.883962
vt 0.966643 0.905107
vt 0.966643 0.925926
vt 0.949578 0.588308
vt 0.949578 0.560981
vt 0.949578 0.533656
vt 0.966643 0.533656
vt 0.966643 0.560981
vt 0.966643 0.588308
vt 0.445461 0.777927
vt 0.445461 0.894572
vt 0.445461 0.725381
vt 0.445461 0.762145
vt 0.445461 0.935596
vt 0.445461 0.977199
vt 0.445461 0.563477
s 1
usemtl マテリアル.006
f 2573/1628/1313 2575/1629/1314 2572/1630/1314
f 2574/1631/1315 2576/1632/1316 2573/1628/1316
f 2576/1632/1313 2578/1633/1314 2575/1629/1314
f 2576/1632/1316 2580/1634/1315 2579/1635/1316
f 2500/1636/1314 2527/1637/1317 2490/1638/1317
f 2501/1639/1313 2572/1630/1314 2500/1636/1314
f 2501/1639/1316 2574/1631/1315 2573/1628/1316
f 2502/1640/1318 2508/1641/1319 2574/1631/1315
f 2574/1631/1315 2507/1642/1319 2577/1643/1320
f 2507/1642/1319 2580/1634/1315 2577/1643/1320
f 2506/1644/1319 2505/1645/1315 2580/1634/1315
f 2579/1635/1316 2505/1645/1315 2504/1646/1316
f 2579/1635/1313 2503/1647/1321 2578/1633/1314
f 2529/1648/1317 2503/1647/1321 2491/1649/1317
f 2575/1629/1314 2529/1648/1317 2528/1650/1317
f 2527/1637/1317 2575/1629/1314 2528/1650/1317
f 2582/1651/1322 2584/1652/1322 2581/1653/1322
f 2583/1654/1323 2585/1655/1324 2582/1651/1324
f 2585/1655/1322 2587/1656/1322 2584/1652/1322
f 2586/1657/1323 2588/1658/1324 2585/1655/1324
f 2512/1659/1325 2511/1660/1326 2485/1661/1326
f 2512/1659/1322 2582/1651/1322 2581/1653/1322
f 2514/1662/1323 2582/1651/1324 2513/1663/1324
f 2488/1664/1327 2583/1654/1323 2514/1662/1323
f 2583/1654/1323 2519/1665/1327 2586/1657/1323
f 2519/1665/1327 2589/1666/1323 2586/1657/1323
f 2589/1666/1323 2489/1667/1327 2517/1668/1323
f 2588/1658/1324 2517/1668/1323 2516/1669/1324
f 2587/1656/1322 2516/1669/1322 2515/1670/1322
f 2587/1656/1325 2486/1671/1326 2509/1672/1326
f 2584/1652/1325 2509/1672/1326 2510/1673/1326
f 2581/1653/1325 2510/1673/1326 2511/1660/1326
f 2591/1674/1328 2593/1675/1328 2590/1676/1328
f 2592/1677/1328 2594/1678/1328 2591/1674/1328
f 2594/1678/1328 2596/1679/1328 2593/1675/1328
f 2595/1680/1328 2597/1681/1328 2594/1678/1328
f 2488/1664/1327 2590/1676/1328 2518/1682/1327
f 2522/1683/1328 2590/1676/1328 2521/1684/1328
f 2523/1685/1328 2591/1674/1328 2522/1683/1328
f 2490/1638/1317 2592/1677/1328 2523/1685/1328
f 2592/1677/1328 2528/1650/1317 2595/1680/1328
f 2528/1650/1317 2598/1686/1328 2595/1680/1328
f 2598/1686/1328 2491/1649/1317 2526/1687/1328
f 2597/1681/1328 2526/1687/1328 2525/1688/1328
f 2596/1679/1328 2525/1688/1328 2524/1689/1328
f 2520/1690/1327 2524/1689/1328 2489/1667/1327
f 2593/1675/1328 2520/1690/1327 2519/1665/1327
f 2518/1682/1327 2593/1675/1328 2519/1665/1327
f 2599/1691/1329 2603/1692/1330 2602/1693/1330
f 2600/1694/1329 2604/1695/1330 2603/1692/1330
f 2603/1692/1330 2605/1696/1331 2602/1693/1330
f 2604/1695/1330 2606/1697/1331 2603/1692/1330
f 2533/1698/1329 2532/1699/1329 2492/1700/1329
f 2533/1698/1329 2600/1694/1329 2599/1691/1329
f 2535/1701/1329 2600/1694/1329 2534/1702/1329
f 2535/1701/1329 2536/1703/1329 2601/1704/1329
f 2536/1703/1329 2604/1695/1330 2601/1704/1329
f 2537/1705/1330 2607/1706/1331 2604/1695/1330
f 2607/1706/1331 2494/1707/1332 2539/1708/1332
f 2607/1706/1331 2540/1709/1332 2606/1697/1331
f 2605/1696/1331 2540/1709/1332 2541/1710/1332
f 2530/1711/1331 2541/1710/1332 2493/1712/1332
f 2531/1713/1330 2605/1696/1331 2530/1711/1331
f 2599/1691/1329 2531/1713/1330 2532/1699/1329
f 2609/1714/1333 2611/1715/1334 2608/1716/1334
f 2610/1717/1335 2612/1718/1336 2609/1714/1333
f 2612/1718/1336 2614/1719/1334 2611/1715/1334
f 2612/1718/1336 2616/1720/1335 2615/1721/1333
f 2484/1722/1337 2608/1716/1334 2508/1641/1319
f 2543/1723/1338 2608/1716/1334 2542/1724/1334
f 2543/1723/1338 2610/1717/1335 2609/1714/1333
f 2544/1725/1335 2541/1710/1332 2610/1717/1335
f 2541/1710/1332 2613/1726/1335 2610/1717/1335
f 2613/1726/1335 2539/1708/1332 2616/1720/1335
f 2539/1708/1332 2545/1727/1335 2616/1720/1335
f 2615/1721/1333 2545/1727/1335 2546/1728/1338
f 2614/1719/1334 2546/1728/1338 2547/1729/1334
f 2506/1644/1319 2547/1729/1334 2487/1730/1319
f 2611/1715/1334 2506/1644/1319 2507/1642/1319
f 2508/1641/1319 2611/1715/1334 2507/1642/1319
f 2618/1731/1339 2620/1732/1340 2617/1733/1339
f 2618/1731/1339 2622/1734/1340 2621/1735/1340
f 2621/1735/1340 2623/1736/1341 2620/1732/1340
f 2621/1735/1340 2625/1737/1341 2624/1738/1341
f 2496/1739/1342 2617/1733/1339 2550/1740/1339
f 2551/1741/1343 2618/1731/1339 2617/1733/1339
f 2552/1742/1342 2619/1743/1339 2618/1731/1339
f 2499/1744/1342 2619/1743/1339 2553/1745/1343
f 2619/1743/1339 2555/1746/1340 2622/1734/1340
f 2622/1734/1340 2556/1747/1341 2625/1737/1341
f 2556/1747/1341 2557/1748/1344 2625/1737/1341
f 2625/1737/1341 2558/1749/1344 2624/1738/1341
f 2624/1738/1341 2559/1750/1344 2623/1736/1341
f 2548/1751/1341 2559/1750/1344 2497/1752/1344
f 2620/1732/1340 2548/1751/1341 2549/1753/1340
f 2617/1733/1339 2549/1753/1340 2550/1740/1339
f 2627/1754/1345 2629/1755/1346 2626/1756/1346
f 2628/1757/1347 2630/1758/1345 2627/1754/1345
f 2630/1758/1345 2632/1759/1346 2629/1755/1346
f 2630/1758/1345 2634/1760/1347 2633/1761/1345
f 2560/1762/1346 2551/1763/1343 2496/1764/1342
f 2560/1762/1346 2627/1754/1345 2626/1756/1346
f 2562/1765/1347 2627/1754/1345 2561/1766/1345
f 2485/1661/1326 2628/1757/1347 2562/1765/1347
f 2628/1757/1347 2510/1673/1326 2631/1767/1347
f 2631/1767/1347 2509/1672/1326 2634/1760/1347
f 2509/1672/1326 2563/1768/1347 2634/1760/1347
f 2633/1761/1345 2563/1768/1347 2564/1769/1345
f 2633/1761/1345 2565/1770/1346 2632/1759/1346
f 2553/1771/1343 2565/1770/1346 2499/1772/1342
f 2629/1755/1346 2553/1771/1343 2552/1773/1342
f 2551/1763/1343 2629/1755/1346 2552/1773/1342
f 2635/1774/1348 2639/1775/1348 2638/1776/1348
f 2636/1777/1348 2640/1778/1349 2639/1775/1348
f 2638/1776/1348 2642/1779/1348 2641/1780/1348
f 2639/1775/1348 2643/1781/1349 2642/1779/1348
f 2566/1782/1348 2533/1698/1348 2492/1700/1348
f 2567/1783/1348 2635/1774/1348 2566/1782/1348
f 2567/1783/1348 2637/1784/1349 2636/1777/1348
f 2497/1752/1350 2637/1784/1349 2568/1785/1349
f 2559/1750/1350 2640/1778/1349 2637/1784/1349
f 2558/1749/1350 2643/1781/1349 2640/1778/1349
f 2557/1748/1350 2569/1786/1349 2643/1781/1349
f 2643/1781/1349 2570/1787/1348 2642/1779/1348
f 2642/1779/1348 2571/1788/1348 2641/1780/1348
f 2535/1701/1348 2571/1788/1348 2495/1789/1348
f 2638/1776/1348 2535/1701/1348 2534/1702/1348
f 2533/1698/1348 2638/1776/1348 2534/1702/1348
f 2735/1790/1351 2733/1791/1352 2732/1792/1353
f 2736/1793/1354 2734/1794/1355 2733/1791/1354
f 2738/1795/1353 2736/1793/1352 2735/1790/1351
f 2736/1793/1354 2740/1796/1356 2737/1797/1357
f 2687/1798/1358 2660/1799/1351 2650/1800/1358
f 2732/1792/1353 2661/1801/1352 2660/1799/1351
f 2661/1801/1354 2734/1794/1355 2662/1802/1357
f 2662/1802/1357 2668/1803/1359 2644/1804/1359
f 2737/1797/1357 2668/1803/1359 2734/1794/1355
f 2740/1796/1356 2667/1805/1359 2737/1797/1357
f 2665/1806/1356 2666/1807/1359 2740/1796/1356
f 2739/1808/1354 2665/1806/1356 2740/1796/1356
f 2663/1809/1351 2739/1808/1352 2738/1795/1353
f 2689/1810/1358 2663/1809/1351 2738/1795/1353
f 2689/1810/1358 2735/1790/1351 2688/1811/1358
f 2687/1798/1358 2735/1790/1351 2732/1792/1353
f 2744/1812/1360 2742/1813/1360 2741/1814/1360
f 2745/1815/1361 2743/1816/1362 2742/1813/1361
f 2747/1817/1360 2745/1815/1360 2744/1812/1360
f 2748/1818/1361 2746/1819/1362 2745/1815/1361
f 2671/1820/1363 2672/1821/1364 2645/1822/1363
f 2672/1821/1360 2742/1813/1360 2673/1823/1360
f 2742/1813/1361 2674/1824/1362 2673/1823/1361
f 2743/1816/1362 2648/1825/1365 2674/1824/1362
f 2743/1816/1362 2679/1826/1365 2678/1827/1365
f 2749/1828/1362 2679/1826/1365 2746/1819/1362
f 2749/1828/1362 2649/1829/1365 2680/1830/1365
f 2748/1818/1361 2677/1831/1362 2749/1828/1362
f 2747/1817/1360 2676/1832/1360 2748/1818/1360
f 2646/1833/1363 2747/1817/1364 2669/1834/1363
f 2669/1834/1363 2744/1812/1364 2670/1835/1363
f 2670/1835/1363 2741/1814/1364 2671/1820/1363
f 2753/1836/1348 2751/1837/1348 2750/1838/1348
f 2754/1839/1348 2752/1840/1348 2751/1837/1348
f 2756/1841/1348 2754/1839/1348 2753/1836/1348
f 2757/1842/1348 2755/1843/1348 2754/1839/1348
f 2648/1825/1365 2750/1838/1348 2681/1844/1348
f 2750/1838/1348 2682/1845/1348 2681/1844/1348
f 2751/1837/1348 2683/1846/1348 2682/1845/1348
f 2752/1840/1348 2650/1800/1358 2683/1846/1348
f 2752/1840/1348 2688/1811/1358 2687/1798/1358
f 2758/1847/1348 2688/1811/1358 2755/1843/1348
f 2758/1847/1348 2651/1848/1358 2689/1810/1358
f 2757/1842/1348 2686/1849/1348 2758/1847/1348
f 2756/1841/1348 2685/1850/1348 2757/1842/1348
f 2680/1830/1365 2684/1851/1348 2756/1841/1348
f 2680/1830/1365 2753/1836/1348 2679/1826/1365
f 2678/1827/1365 2753/1836/1348 2750/1838/1348
f 2759/1852/1366 2763/1853/1367 2760/1854/1368
f 2760/1854/1368 2764/1855/1367 2761/1856/1366
f 2762/1857/1367 2766/1858/1369 2763/1853/1367
f 2766/1858/1369 2764/1855/1367 2763/1853/1367
f 2692/1859/1366 2693/1860/1370 2652/1861/1370
f 2693/1860/1370 2760/1854/1368 2694/1862/1371
f 2760/1854/1368 2695/1863/1370 2694/1862/1371
f 2695/1863/1370 2696/1864/1366 2655/1865/1370
f 2764/1855/1367 2696/1864/1366 2761/1856/1366
f 2767/1866/1372 2697/1867/1367 2764/1855/1367
f 2767/1866/1372 2654/1868/1373 2698/1869/1372
f 2700/1870/1373 2767/1866/1372 2766/1858/1369
f 2765/1871/1372 2700/1870/1373 2766/1858/1369
f 2690/1872/1372 2701/1873/1373 2765/1871/1372
f 2691/1874/1367 2765/1871/1372 2762/1857/1367
f 2691/1874/1367 2759/1852/1366 2692/1859/1366
f 2771/1875/1374 2769/1876/1375 2768/1877/1376
f 2772/1878/1375 2770/1879/1377 2769/1876/1375
f 2774/1880/1378 2772/1878/1375 2771/1875/1374
f 2772/1878/1375 2776/1881/1377 2773/1882/1377
f 2644/1804/1359 2768/1877/1376 2702/1883/1376
f 2768/1877/1376 2703/1884/1379 2702/1883/1376
f 2703/1884/1379 2770/1879/1377 2704/1885/1377
f 2704/1885/1377 2701/1873/1373 2653/1886/1373
f 2773/1882/1377 2701/1873/1373 2770/1879/1377
f 2773/1882/1377 2699/1887/1373 2700/1870/1373
f 2705/1888/1377 2699/1887/1373 2776/1881/1377
f 2775/1889/1380 2705/1888/1377 2776/1881/1377
f 2707/1890/1374 2775/1889/1380 2774/1880/1378
f 2666/1807/1359 2707/1890/1374 2774/1880/1378
f 2666/1807/1359 2771/1875/1374 2667/1805/1359
f 2668/1803/1359 2771/1875/1374 2768/1877/1376
f 2780/1891/1381 2778/1892/1382 2777/1893/1382
f 2778/1892/1382 2782/1894/1381 2779/1895/1382
f 2783/1896/1383 2781/1897/1381 2780/1891/1381
f 2781/1897/1381 2785/1898/1383 2782/1894/1381
f 2656/1899/1384 2777/1893/1382 2711/1900/1385
f 2711/1900/1385 2778/1892/1382 2712/1901/1386
f 2712/1901/1386 2779/1895/1382 2713/1902/1385
f 2779/1895/1382 2659/1903/1385 2713/1902/1385
f 2779/1895/1382 2715/1904/1381 2714/1905/1382
f 2782/1894/1381 2716/1906/1383 2715/1904/1381
f 2717/1907/1387 2716/1906/1383 2785/1898/1383
f 2718/1908/1387 2785/1898/1383 2784/1909/1383
f 2719/1910/1387 2784/1909/1383 2783/1896/1383
f 2708/1911/1383 2719/1910/1387 2783/1896/1383
f 2708/1911/1383 2780/1891/1381 2709/1912/1381
f 2709/1912/1381 2777/1893/1382 2710/1913/1382
f 2789/1914/1388 2787/1915/1389 2786/1916/1388
f 2790/1917/1389 2788/1918/1390 2787/1915/1389
f 2792/1919/1388 2790/1917/1389 2789/1914/1388
f 2790/1917/1389 2794/1920/1390 2791/1921/1390
f 2711/1922/1385 2720/1923/1388 2656/1924/1384
f 2720/1923/1388 2787/1915/1389 2721/1925/1389
f 2787/1915/1389 2722/1926/1390 2721/1925/1389
f 2788/1918/1390 2645/1822/1363 2722/1926/1390
f 2788/1918/1390 2670/1835/1363 2671/1820/1363
f 2794/1920/1390 2670/1835/1363 2791/1921/1390
f 2723/1927/1390 2669/1834/1363 2794/1920/1390
f 2793/1928/1389 2723/1927/1390 2794/1920/1390
f 2725/1929/1388 2793/1928/1389 2792/1919/1388
f 2713/1930/1385 2725/1929/1388 2792/1919/1388
f 2713/1930/1385 2789/1914/1388 2712/1931/1386
f 2711/1922/1385 2789/1914/1388 2786/1916/1388
f 2795/1932/1391 2799/1933/1328 2796/1934/1328
f 2796/1934/1328 2800/1935/1392 2797/1936/1392
f 2798/1937/1391 2802/1938/1328 2799/1933/1328
f 2799/1933/1328 2803/1939/1392 2800/1935/1392
f 2693/1860/1393 2726/1940/1391 2652/1861/1393
f 2795/1932/1391 2727/1941/1328 2726/1940/1391
f 2727/1941/1328 2797/1936/1392 2728/1942/1392
f 2728/1942/1392 2719/1910/1394 2657/1943/1394
f 2800/1935/1392 2719/1910/1394 2797/1936/1392
f 2803/1939/1392 2718/1908/1394 2800/1935/1392
f 2729/1944/1392 2717/1907/1394 2803/1939/1392
f 2730/1945/1328 2803/1939/1392 2802/1938/1328
f 2731/1946/1391 2802/1938/1328 2801/1947/1391
f 2695/1863/1393 2731/1946/1391 2801/1947/1391
f 2695/1863/1393 2798/1937/1391 2694/1862/1393
f 2693/1860/1393 2798/1937/1391 2795/1932/1391
f 2490/1638/1395 2660/1948/1395 2500/1636/1395
f 2500/1636/1395 2661/1949/1395 2501/1639/1395
f 2502/1640/1395 2661/1949/1395 2662/1950/1395
f 2484/1722/1395 2662/1950/1395 2644/1951/1395
f 2491/1649/1396 2663/1952/1396 2651/1953/1396
f 2503/1647/1397 2664/1954/1396 2663/1952/1396
f 2505/1645/1396 2664/1954/1396 2504/1646/1396
f 2487/1730/1396 2665/1955/1396 2505/1645/1396
f 2485/1661/1395 2672/1956/1395 2512/1659/1395
f 2513/1663/1395 2672/1956/1395 2673/1957/1395
f 2514/1662/1395 2673/1957/1395 2674/1958/1395
f 2488/1664/1395 2674/1958/1395 2648/1959/1395
f 2486/1671/1396 2675/1960/1396 2646/1961/1396
f 2516/1669/1396 2675/1960/1396 2515/1670/1396
f 2517/1668/1396 2676/1962/1396 2516/1669/1396
f 2489/1667/1396 2677/1963/1396 2517/1668/1396
f 2521/1684/1395 2648/1959/1395 2681/1964/1395
f 2521/1684/1395 2682/1965/1395 2522/1683/1395
f 2522/1683/1395 2683/1966/1395 2523/1685/1395
f 2523/1685/1395 2650/1967/1395 2490/1638/1395
f 2524/1689/1396 2649/1968/1396 2489/1667/1396
f 2525/1688/1396 2684/1969/1396 2524/1689/1396
f 2526/1687/1396 2685/1970/1396 2525/1688/1396
f 2526/1687/1396 2651/1953/1396 2686/1971/1396
f 2493/1712/1395 2690/1972/1395 2530/1711/1395
f 2531/1713/1395 2690/1972/1395 2691/1973/1395
f 2532/1699/1395 2691/1973/1395 2692/1974/1395
f 2532/1699/1395 2652/1975/1395 2492/1700/1395
f 2536/1703/1396 2655/1976/1396 2696/1977/1396
f 2536/1703/1396 2697/1978/1396 2537/1705/1396
f 2537/1705/1396 2698/1979/1396 2538/1980/1396
f 2494/1707/1396 2698/1979/1396 2654/1981/1396
f 2542/1724/1395 2644/1951/1395 2702/1982/1395
f 2543/1723/1395 2702/1982/1395 2703/1983/1395
f 2544/1725/1395 2703/1983/1395 2704/1984/1395
f 2544/1725/1395 2653/1985/1395 2493/1712/1395
f 2545/1727/1396 2654/1981/1396 2705/1986/1396
f 2545/1727/1396 2706/1987/1396 2546/1728/1396
f 2546/1728/1396 2707/1988/1396 2547/1729/1396
f 2547/1729/1396 2647/1989/1396 2487/1730/1396
f 2548/1751/1395 2657/1990/1395 2708/1991/1395
f 2549/1753/1395 2708/1991/1395 2709/1992/1395
f 2549/1753/1395 2710/1993/1395 2550/1740/1395
f 2550/1740/1395 2656/1994/1395 2496/1739/1395
f 2554/1995/1396 2659/1996/1396 2714/1997/1396
f 2555/1746/1396 2714/1997/1396 2715/1998/1396
f 2555/1746/1396 2716/1999/1396 2556/1747/1396
f 2556/1747/1396 2658/2000/1396 2498/2001/1396
f 2560/1762/1395 2656/2002/1395 2720/2003/1395
f 2560/1762/1395 2721/2004/1395 2561/1766/1395
f 2561/1766/1395 2722/2005/1395 2562/1765/1395
f 2562/1765/1395 2645/2006/1395 2485/1661/1395
f 2563/1768/1396 2646/1961/1396 2723/2007/1396
f 2564/1769/1396 2723/2007/1396 2724/2008/1396
f 2565/1770/1396 2724/2008/1396 2725/2009/1396
f 2565/1770/1396 2659/2010/1396 2499/1772/1396
f 2566/1782/1395 2652/1975/1395 2726/2011/1395
f 2566/1782/1395 2727/2012/1395 2567/1783/1395
f 2567/1783/1395 2728/2013/1395 2568/1785/1395
f 2568/1785/1395 2657/1990/1395 2497/1752/1395
f 2569/1786/1396 2658/2000/1396 2729/2014/1396
f 2570/1787/1396 2729/2014/1396 2730/2015/1396
f 2570/1787/1396 2731/2016/1396 2571/1788/1396
f 2571/1788/1396 2655/1976/1396 2495/1789/1396
f 2895/1629/1314 2893/1628/1313 2892/1630/1314
f 2896/1632/1316 2894/1631/1315 2893/1628/1316
f 2898/1633/1314 2896/1632/1313 2895/1629/1314
f 2896/1632/1316 2900/1634/1315 2897/1643/1320
f 2847/1637/1317 2820/1636/1314 2810/1638/1317
f 2892/1630/1314 2821/1639/1313 2820/1636/1314
f 2821/1639/1316 2894/1631/1315 2822/1640/1315
f 2822/1640/1315 2828/1641/1319 2804/1722/1337
f 2894/1631/1315 2827/1642/1319 2828/1641/1319
f 2900/1634/1315 2827/1642/1319 2897/1643/1320
f 2825/1645/1315 2826/1644/1319 2900/1634/1315
f 2899/1635/1316 2825/1645/1315 2900/1634/1315
f 2823/1647/1321 2899/1635/1313 2898/1633/1314
f 2849/1648/1317 2823/1647/1321 2898/1633/1314
f 2849/1648/1317 2895/1629/1314 2848/1650/1317
f 2847/1637/1317 2895/1629/1314 2892/1630/1314
f 2904/1652/1322 2902/1651/1322 2901/1653/1322
f 2905/1655/1324 2903/1654/1323 2902/1651/1324
f 2907/1656/1322 2905/1655/1322 2904/1652/1322
f 2908/1658/1324 2906/1657/1323 2905/1655/1324
f 2831/1660/1326 2832/1659/1325 2805/1661/1326
f 2832/1659/1322 2902/1651/1322 2833/1663/1322
f 2902/1651/1324 2834/1662/1323 2833/1663/1324
f 2903/1654/1323 2808/1664/1327 2834/1662/1323
f 2903/1654/1323 2839/1665/1327 2838/1682/1327
f 2909/1666/1323 2839/1665/1327 2906/1657/1323
f 2909/1666/1323 2809/1667/1327 2840/1690/1327
f 2908/1658/1324 2837/1668/1323 2909/1666/1323
f 2907/1656/1322 2836/1669/1322 2908/1658/1322
f 2806/1671/1326 2907/1656/1325 2829/1672/1326
f 2829/1672/1326 2904/1652/1325 2830/1673/1326
f 2830/1673/1326 2901/1653/1325 2831/1660/1326
f 2913/1675/1328 2911/1674/1328 2910/1676/1328
f 2914/1678/1328 2912/1677/1328 2911/1674/1328
f 2916/1679/1328 2914/1678/1328 2913/1675/1328
f 2917/1681/1328 2915/1680/1328 2914/1678/1328
f 2808/1664/1327 2910/1676/1328 2841/1684/1328
f 2910/1676/1328 2842/1683/1328 2841/1684/1328
f 2911/1674/1328 2843/1685/1328 2842/1683/1328
f 2912/1677/1328 2810/1638/1317 2843/1685/1328
f 2912/1677/1328 2848/1650/1317 2847/1637/1317
f 2918/1686/1328 2848/1650/1317 2915/1680/1328
f 2918/1686/1328 2811/1649/1317 2849/1648/1317
f 2917/1681/1328 2846/1687/1328 2918/1686/1328
f 2916/1679/1328 2845/1688/1328 2917/1681/1328
f 2840/1690/1327 2844/1689/1328 2916/1679/1328
f 2840/1690/1327 2913/1675/1328 2839/1665/1327
f 2838/1682/1327 2913/1675/1328 2910/1676/1328
f 2919/1691/1329 2923/1692/1330 2920/1694/1329
f 2920/1694/1329 2924/1695/1330 2921/1704/1329
f 2925/1696/1331 2923/1692/1330 2922/1693/1330
f 2926/1697/1331 2924/1695/1330 2923/1692/1330
f 2852/1699/1329 2853/1698/1329 2812/1700/1329
f 2853/1698/1329 2920/1694/1329 2854/1702/1329
f 2920/1694/1329 2855/1701/1329 2854/1702/1329
f 2855/1701/1329 2856/1703/1329 2815/1789/1329
f 2924/1695/1330 2856/1703/1329 2921/1704/1329
f 2927/1706/1331 2857/1705/1330 2924/1695/1330
f 2927/1706/1331 2814/1707/1332 2858/1980/1331
f 2860/1709/1332 2927/1706/1331 2926/1697/1331
f 2925/1696/1331 2860/1709/1332 2926/1697/1331
f 2850/1711/1331 2861/1710/1332 2925/1696/1331
f 2851/1713/1330 2925/1696/1331 2922/1693/1330
f 2851/1713/1330 2919/1691/1329 2852/1699/1329
f 2931/1715/1334 2929/1714/1333 2928/1716/1334
f 2932/1718/1336 2930/1717/1335 2929/1714/1333
f 2934/1719/1334 2932/1718/1336 2931/1715/1334
f 2932/1718/1336 2936/1720/1335 2933/1726/1335
f 2804/1722/1337 2928/1716/1334 2862/1724/1334
f 2928/1716/1334 2863/1723/1338 2862/1724/1334
f 2863/1723/1338 2930/1717/1335 2864/1725/1335
f 2864/1725/1335 2861/1710/1332 2813/1712/1332
f 2933/1726/1335 2861/1710/1332 2930/1717/1335
f 2933/1726/1335 2859/1708/1332 2860/1709/1332
f 2865/1727/1335 2859/1708/1332 2936/1720/1335
f 2935/1721/1333 2865/1727/1335 2936/1720/1335
f 2934/1719/1334 2866/1728/1338 2935/1721/1333
f 2826/1644/1319 2867/1729/1334 2934/1719/1334
f 2826/1644/1319 2931/1715/1334 2827/1642/1319
f 2828/1641/1319 2931/1715/1334 2928/1716/1334
f 2940/1732/1340 2938/1731/1339 2937/1733/1339
f 2938/1731/1339 2942/1734/1340 2939/1743/1339
f 2943/1736/1341 2941/1735/1340 2940/1732/1340
f 2941/1735/1340 2945/1737/1341 2942/1734/1340
f 2816/1739/1342 2937/1733/1339 2871/1741/1343
f 2871/1741/1343 2938/1731/1339 2872/1742/1342
f 2872/1742/1342 2939/1743/1339 2873/1745/1343
f 2939/1743/1339 2819/1744/1342 2873/1745/1343
f 2939/1743/1339 2875/1746/1340 2874/1995/1339
f 2942/1734/1340 2876/1747/1341 2875/1746/1340
f 2877/1748/1344 2876/1747/1341 2945/1737/1341
f 2878/1749/1344 2945/1737/1341 2944/1738/1341
f 2879/1750/1344 2944/1738/1341 2943/1736/1341
f 2868/1751/1341 2879/1750/1344 2943/1736/1341
f 2868/1751/1341 2940/1732/1340 2869/1753/1340
f 2869/1753/1340 2937/1733/1339 2870/1740/1339
f 2949/1755/1346 2947/1754/1345 2946/1756/1346
f 2950/1758/1345 2948/1757/1347 2947/1754/1345
f 2952/1759/1346 2950/1758/1345 2949/1755/1346
f 2950/1758/1345 2954/1760/1347 2951/1767/1347
f 2871/1763/1343 2880/1762/1346 2816/1764/1342
f 2880/1762/1346 2947/1754/1345 2881/1766/1345
f 2947/1754/1345 2882/1765/1347 2881/1766/1345
f 2948/1757/1347 2805/1661/1326 2882/1765/1347
f 2948/1757/1347 2830/1673/1326 2831/1660/1326
f 2951/1767/1347 2829/1672/1326 2830/1673/1326
f 2883/1768/1347 2829/1672/1326 2954/1760/1347
f 2953/1761/1345 2883/1768/1347 2954/1760/1347
f 2885/1770/1346 2953/1761/1345 2952/1759/1346
f 2873/1771/1343 2885/1770/1346 2952/1759/1346
f 2873/1771/1343 2949/1755/1346 2872/1773/1342
f 2871/1763/1343 2949/1755/1346 2946/1756/1346
f 2955/1774/1348 2959/1775/1348 2956/1777/1348
f 2956/1777/1348 2960/1778/1349 2957/1784/1349
f 2958/1776/1348 2962/1779/1348 2959/1775/1348
f 2959/1775/1348 2963/1781/1349 2960/1778/1349
f 2853/1698/1348 2886/1782/1348 2812/1700/1348
f 2955/1774/1348 2887/1783/1348 2886/1782/1348
f 2887/1783/1348 2957/1784/1349 2888/1785/1349
f 2957/1784/1349 2817/1752/1350 2888/1785/1349
f 2960/1778/1349 2879/1750/1350 2957/1784/1349
f 2963/1781/1349 2878/1749/1350 2960/1778/1349
f 2889/1786/1349 2877/1748/1350 2963/1781/1349
f 2890/1787/1348 2963/1781/1349 2962/1779/1348
f 2891/1788/1348 2962/1779/1348 2961/1780/1348
f 2855/1701/1348 2891/1788/1348 2961/1780/1348
f 2855/1701/1348 2958/1776/1348 2854/1702/1348
f 2853/1698/1348 2958/1776/1348 2955/1774/1348
f 3053/1791/1352 3055/1790/1351 3052/1792/1353
f 3054/1794/1356 3056/1793/1354 3053/1791/1354
f 3056/1793/1352 3058/1795/1353 3055/1790/1351
f 3056/1793/1354 3060/1796/1356 3059/1808/1354
f 2980/1799/1398 3007/1798/1358 2970/1800/1358
f 2981/1801/1352 3052/1792/1353 2980/1799/1398
f 2981/1801/1354 3054/1794/1356 3053/1791/1354
f 2982/1802/1399 2988/1803/1359 3054/1794/1356
f 2988/1803/1359 3057/1797/1399 3054/1794/1356
f 2987/1805/1359 3060/1796/1356 3057/1797/1399
f 2986/1807/1359 2985/1806/1356 3060/1796/1356
f 3059/1808/1354 2985/1806/1356 2984/2017/1354
f 3059/1808/1352 2983/1809/1351 3058/1795/1353
f 3009/1810/1358 2983/1809/1351 2971/1848/1358
f 3055/1790/1351 3009/1810/1358 3008/1811/1358
f 3007/1798/1358 3055/1790/1351 3008/1811/1358
f 3062/1813/1360 3064/1812/1360 3061/1814/1360
f 3063/1816/1362 3065/1815/1361 3062/1813/1361
f 3065/1815/1360 3067/1817/1360 3064/1812/1360
f 3066/1819/1362 3068/1818/1361 3065/1815/1361
f 2992/1821/1364 2991/1820/1363 2965/1822/1363
f 2992/1821/1360 3062/1813/1360 3061/1814/1360
f 2994/1824/1362 3062/1813/1361 2993/1823/1361
f 2968/1825/1365 3063/1816/1362 2994/1824/1362
f 3063/1816/1362 2999/1826/1365 3066/1819/1362
f 2999/1826/1365 3069/1828/1362 3066/1819/1362
f 3069/1828/1362 2969/1829/1365 2997/1831/1362
f 3068/1818/1361 2997/1831/1362 2996/1832/1361
f 3067/1817/1360 2996/1832/1360 2995/2018/1360
f 3067/1817/1364 2966/1833/1363 2989/1834/1363
f 3064/1812/1364 2989/1834/1363 2990/1835/1363
f 3061/1814/1364 2990/1835/1363 2991/1820/1363
f 3071/1837/1348 3073/1836/1348 3070/1838/1348
f 3072/1840/1348 3074/1839/1348 3071/1837/1348
f 3074/1839/1348 3076/1841/1348 3073/1836/1348
f 3075/1843/1348 3077/1842/1348 3074/1839/1348
f 2968/1825/1365 3070/1838/1348 2998/1827/1365
f 3002/1845/1348 3070/1838/1348 3001/1844/1348
f 3003/1846/1348 3071/1837/1348 3002/1845/1348
f 2970/1800/1358 3072/1840/1348 3003/1846/1348
f 3072/1840/1348 3008/1811/1358 3075/1843/1348
f 3008/1811/1358 3078/1847/1348 3075/1843/1348
f 3078/1847/1348 2971/1848/1358 3006/1849/1348
f 3077/1842/1348 3006/1849/1348 3005/1850/1348
f 3076/1841/1348 3005/1850/1348 3004/1851/1348
f 3000/1830/1365 3004/1851/1348 2969/1829/1365
f 3073/1836/1348 3000/1830/1365 2999/1826/1365
f 2998/1827/1365 3073/1836/1348 2999/1826/1365
f 3079/1852/1366 3083/1853/1367 3082/1857/1367
f 3080/1854/1366 3084/1855/1367 3083/1853/1367
f 3082/1857/1367 3086/1858/1369 3085/1871/1372
f 3084/1855/1367 3086/1858/1369 3083/1853/1367
f 3013/1860/1370 3012/1859/1366 2972/1861/1370
f 3013/1860/1370 3080/1854/1366 3079/1852/1366
f 3015/1863/1370 3080/1854/1366 3014/1862/1371
f 3015/1863/1370 3016/1864/1366 3081/1856/1366
f 3016/1864/1366 3084/1855/1367 3081/1856/1366
f 3017/1867/1367 3087/1866/1372 3084/1855/1367
f 3087/1866/1372 2974/1868/1373 3019/1887/1373
f 3087/1866/1372 3020/1870/1373 3086/1858/1369
f 3085/1871/1372 3020/1870/1373 3021/1873/1373
f 3010/1872/1372 3021/1873/1373 2973/1886/1373
f 3011/1874/1367 3085/1871/1372 3010/1872/1372
f 3079/1852/1366 3011/1874/1367 3012/1859/1366
f 3089/1876/1375 3091/1875/1374 3088/1877/1374
f 3090/1879/1377 3092/1878/1375 3089/1876/1375
f 3092/1878/1375 3094/1880/1378 3091/1875/1374
f 3092/1878/1375 3096/1881/1377 3095/1889/1380
f 2964/1804/1359 3088/1877/1374 2988/1803/1359
f 3023/1884/1380 3088/1877/1374 3022/1883/1376
f 3023/1884/1380 3090/1879/1377 3089/1876/1375
f 3024/1885/1377 3021/1873/1373 3090/1879/1377
f 3021/1873/1373 3093/1882/1377 3090/1879/1377
f 3093/1882/1377 3019/1887/1373 3096/1881/1377
f 3019/1887/1373 3025/1888/1377 3096/1881/1377
f 3095/1889/1380 3025/1888/1377 3026/2019/1380
f 3095/1889/1380 3027/1890/1376 3094/1880/1378
f 2986/1807/1359 3027/1890/1376 2967/2020/1359
f 3091/1875/1374 2986/1807/1359 2987/1805/1359
f 2988/1803/1359 3091/1875/1374 2987/1805/1359
f 3098/1892/1382 3100/1891/1381 3097/1893/1382
f 3098/1892/1382 3102/1894/1381 3101/1897/1381
f 3101/1897/1381 3103/1896/1383 3100/1891/1381
f 3101/1897/1381 3105/1898/1383 3104/1909/1383
f 2976/1899/1384 3097/1893/1382 3030/1913/1382
f 3031/1900/1385 3098/1892/1382 3097/1893/1382
f 3032/1901/1386 3099/1895/1382 3098/1892/1382
f 2979/1903/1385 3099/1895/1382 3033/1902/1385
f 3099/1895/1382 3035/1904/1381 3102/1894/1381
f 3102/1894/1381 3036/1906/1383 3105/1898/1383
f 3036/1906/1383 3037/1907/1387 3105/1898/1383
f 3105/1898/1383 3038/1908/1387 3104/1909/1383
f 3104/1909/1383 3039/1910/1387 3103/1896/1383
f 3028/1911/1383 3039/1910/1387 2977/1943/1387
f 3100/1891/1381 3028/1911/1383 3029/1912/1381
f 3097/1893/1382 3029/1912/1381 3030/1913/1382
f 3107/1915/1389 3109/1914/1388 3106/1916/1388
f 3108/1918/1390 3110/1917/1389 3107/1915/1389
f 3110/1917/1389 3112/1919/1388 3109/1914/1388
f 3110/1917/1389 3114/1920/1390 3113/1928/1389
f 3040/1923/1388 3031/1922/1385 2976/1924/1384
f 3040/1923/1388 3107/1915/1389 3106/1916/1388
f 3042/1926/1390 3107/1915/1389 3041/1925/1389
f 2965/1822/1363 3108/1918/1390 3042/1926/1390
f 3108/1918/1390 2990/1835/1363 3111/1921/1390
f 2990/1835/1363 3114/1920/1390 3111/1921/1390
f 2989/1834/1363 3043/1927/1390 3114/1920/1390
f 3113/1928/1389 3043/1927/1390 3044/2021/1389
f 3113/1928/1389 3045/1929/1388 3112/1919/1388
f 3033/1930/1385 3045/1929/1388 2979/2022/1385
f 3109/1914/1388 3033/1930/1385 3032/1931/1386
f 3031/1922/1385 3109/1914/1388 3032/1931/1386
f 3115/1932/1391 3119/1933/1328 3118/1937/1391
f 3116/1934/1328 3120/1935/1392 3119/1933/1328
f 3118/1937/1391 3122/1938/1328 3121/1947/1391
f 3119/1933/1328 3123/1939/1392 3122/1938/1328
f 3046/1940/1391 3013/1860/1393 2972/1861/1393
f 3047/1941/1328 3115/1932/1391 3046/1940/1391
f 3047/1941/1328 3117/1936/1392 3116/1934/1328
f 3048/1942/1392 3039/1910/1394 3117/1936/1392
f 3039/1910/1394 3120/1935/1392 3117/1936/1392
f 3038/1908/1394 3123/1939/1392 3120/1935/1392
f 3037/1907/1394 3049/1944/1392 3123/1939/1392
f 3123/1939/1392 3050/1945/1328 3122/1938/1328
f 3122/1938/1328 3051/1946/1391 3121/1947/1391
f 3015/1863/1393 3051/1946/1391 2975/1865/1393
f 3118/1937/1391 3015/1863/1393 3014/1862/1393
f 3013/1860/1393 3118/1937/1391 3014/1862/1393
f 2980/1948/1396 2810/1638/1396 2820/1636/1396
f 2981/1949/1396 2820/1636/1396 2821/1639/1396
f 2822/1640/1396 2981/1949/1396 2821/1639/1396
f 2804/1722/1396 2982/1950/1396 2822/1640/1396
f 2811/1649/1395 2983/1952/1395 2823/1647/1400
f 2823/1647/1400 2984/1954/1395 2824/1646/1395
f 2984/1954/1395 2825/1645/1395 2824/1646/1395
f 2985/1955/1395 2807/1730/1395 2825/1645/1395
f 2992/1956/1396 2805/1661/1396 2832/1659/1396
f 2833/1663/1396 2992/1956/1396 2832/1659/1396
f 2834/1662/1396 2993/1957/1396 2833/1663/1396
f 2808/1664/1396 2994/1958/1396 2834/1662/1396
f 2806/1671/1395 2995/1960/1395 2835/1670/1395
f 2995/1960/1395 2836/1669/1395 2835/1670/1395
f 2996/1962/1395 2837/1668/1395 2836/1669/1395
f 2997/1963/1395 2809/1667/1395 2837/1668/1395
f 2841/1684/1396 2968/1959/1396 2808/1664/1396
f 3002/1965/1396 2841/1684/1396 2842/1683/1396
f 3003/1966/1396 2842/1683/1396 2843/1685/1396
f 2970/1967/1396 2843/1685/1396 2810/1638/1396
f 2969/1968/1395 2844/1689/1395 2809/1667/1395
f 3004/1969/1395 2845/1688/1395 2844/1689/1395
f 3005/1970/1395 2846/1687/1395 2845/1688/1395
f 2846/1687/1395 2971/1953/1395 2811/1649/1395
f 3010/1972/1396 2813/1712/1396 2850/1711/1396
f 2851/1713/1396 3010/1972/1396 2850/1711/1396
f 2852/1699/1396 3011/1973/1396 2851/1713/1396
f 2972/1975/1396 2852/1699/1396 2812/1700/1396
f 2856/1703/1395 2975/1976/1395 2815/1789/1395
f 3017/1978/1395 2856/1703/1395 2857/1705/1395
f 3018/1979/1395 2857/1705/1395 2858/1980/1395
f 2814/1707/1395 3018/1979/1395 2858/1980/1395
f 2862/1724/1396 2964/1951/1396 2804/1722/1396
f 2863/1723/1396 3022/1982/1396 2862/1724/1396
f 2864/1725/1396 3023/1983/1396 2863/1723/1396
f 2973/1985/1396 2864/1725/1396 2813/1712/1396
f 2865/1727/1395 2974/1981/1395 2814/1707/1395
f 3026/1987/1395 2865/1727/1395 2866/1728/1395
f 3027/1988/1395 2866/1728/1395 2867/1729/1395
f 2967/1989/1395 2867/1729/1395 2807/1730/1395
f 2868/1751/1396 2977/1990/1396 2817/1752/1396
f 2869/1753/1396 3028/1991/1396 2868/1751/1396
f 3030/1993/1396 2869/1753/1396 2870/1740/1396
f 2976/1994/1396 2870/1740/1396 2816/1739/1396
f 2874/1995/1395 2979/1996/1395 2819/1744/1395
f 2875/1746/1395 3034/1997/1395 2874/1995/1395
f 3036/1999/1395 2875/1746/1395 2876/1747/1395
f 2978/2000/1395 2876/1747/1395 2818/2001/1395
f 2880/1762/1396 2976/2002/1396 2816/1764/1396
f 3041/2004/1396 2880/1762/1396 2881/1766/1396
f 3042/2005/1396 2881/1766/1396 2882/1765/1396
f 2965/2006/1396 2882/1765/1396 2805/1661/1396
f 2883/1768/1395 2966/1961/1395 2806/1671/1395
f 2884/1769/1395 3043/2007/1395 2883/1768/1395
f 2885/1770/1395 3044/2008/1395 2884/1769/1395
f 2979/2010/1395 2885/1770/1395 2819/1772/1395
f 2886/1782/1396 2972/1975/1396 2812/1700/1396
f 3047/2012/1396 2886/1782/1396 2887/1783/1396
f 3048/2013/1396 2887/1783/1396 2888/1785/1396
f 2977/1990/1396 2888/1785/1396 2817/1752/1396
f 2889/1786/1395 2978/2000/1395 2818/2001/1395
f 2890/1787/1395 3049/2014/1395 2889/1786/1395
f 3051/2016/1395 2890/1787/1395 2891/1788/1395
f 2975/1976/1395 2891/1788/1395 2815/1789/1395
f 2573/1628/1313 2576/1632/1313 2575/1629/1314
f 2574/1631/1315 2577/1643/1320 2576/1632/1316
f 2576/1632/1313 2579/1635/1313 2578/1633/1314
f 2576/1632/1316 2577/1643/1320 2580/1634/1315
f 2500/1636/1314 2572/1630/1314 2527/1637/1317
f 2501/1639/1313 2573/1628/1313 2572/1630/1314
f 2501/1639/1316 2502/1640/1318 2574/1631/1315
f 2502/1640/1318 2484/1722/1337 2508/1641/1319
f 2574/1631/1315 2508/1641/1319 2507/1642/1319
f 2507/1642/1319 2506/1644/1319 2580/1634/1315
f 2506/1644/1319 2487/1730/1319 2505/1645/1315
f 2579/1635/1316 2580/1634/1315 2505/1645/1315
f 2579/1635/1313 2504/1646/1313 2503/1647/1321
f 2529/1648/1317 2578/1633/1314 2503/1647/1321
f 2575/1629/1314 2578/1633/1314 2529/1648/1317
f 2527/1637/1317 2572/1630/1314 2575/1629/1314
f 2582/1651/1322 2585/1655/1322 2584/1652/1322
f 2583/1654/1323 2586/1657/1323 2585/1655/1324
f 2585/1655/1322 2588/1658/1322 2587/1656/1322
f 2586/1657/1323 2589/1666/1323 2588/1658/1324
f 2512/1659/1325 2581/1653/1325 2511/1660/1326
f 2512/1659/1322 2513/1663/1322 2582/1651/1322
f 2514/1662/1323 2583/1654/1323 2582/1651/1324
f 2488/1664/1327 2518/1682/1327 2583/1654/1323
f 2583/1654/1323 2518/1682/1327 2519/1665/1327
f 2519/1665/1327 2520/1690/1327 2589/1666/1323
f 2589/1666/1323 2520/1690/1327 2489/1667/1327
f 2588/1658/1324 2589/1666/1323 2517/1668/1323
f 2587/1656/1322 2588/1658/1322 2516/1669/1322
f 2587/1656/1325 2515/1670/1325 2486/1671/1326
f 2584/1652/1325 2587/1656/1325 2509/1672/1326
f 2581/1653/1325 2584/1652/1325 2510/1673/1326
f 2591/1674/1328 2594/1678/1328 2593/1675/1328
f 2592/1677/1328 2595/1680/1328 2594/1678/1328
f 2594/1678/1328 2597/1681/1328 2596/1679/1328
f 2595/1680/1328 2598/1686/1328 2597/1681/1328
f 2488/1664/1327 2521/1684/1328 2590/1676/1328
f 2522/1683/1328 2591/1674/1328 2590/1676/1328
f 2523/1685/1328 2592/1677/1328 2591/1674/1328
f 2490/1638/1317 2527/1637/1317 2592/1677/1328
f 2592/1677/1328 2527/1637/1317 2528/1650/1317
f 2528/1650/1317 2529/1648/1317 2598/1686/1328
f 2598/1686/1328 2529/1648/1317 2491/1649/1317
f 2597/1681/1328 2598/1686/1328 2526/1687/1328
f 2596/1679/1328 2597/1681/1328 2525/1688/1328
f 2520/1690/1327 2596/1679/1328 2524/1689/1328
f 2593/1675/1328 2596/1679/1328 2520/1690/1327
f 2518/1682/1327 2590/1676/1328 2593/1675/1328
f 2599/1691/1329 2600/1694/1329 2603/1692/1330
f 2600/1694/1329 2601/1704/1329 2604/1695/1330
f 2603/1692/1330 2606/1697/1331 2605/1696/1331
f 2604/1695/1330 2607/1706/1331 2606/1697/1331
f 2533/1698/1329 2599/1691/1329 2532/1699/1329
f 2533/1698/1329 2534/1702/1329 2600/1694/1329
f 2535/1701/1329 2601/1704/1329 2600/1694/1329
f 2535/1701/1329 2495/1789/1329 2536/1703/1329
f 2536/1703/1329 2537/1705/1330 2604/1695/1330
f 2537/1705/1330 2538/1980/1331 2607/1706/1331
f 2607/1706/1331 2538/1980/1331 2494/1707/1332
f 2607/1706/1331 2539/1708/1332 2540/1709/1332
f 2605/1696/1331 2606/1697/1331 2540/1709/1332
f 2530/1711/1331 2605/1696/1331 2541/1710/1332
f 2531/1713/1330 2602/1693/1330 2605/1696/1331
f 2599/1691/1329 2602/1693/1330 2531/1713/1330
f 2609/1714/1333 2612/1718/1336 2611/1715/1334
f 2610/1717/1335 2613/1726/1335 2612/1718/1336
f 2612/1718/1336 2615/1721/1333 2614/1719/1334
f 2612/1718/1336 2613/1726/1335 2616/1720/1335
f 2484/1722/1337 2542/1724/1334 2608/1716/1334
f 2543/1723/1338 2609/1714/1333 2608/1716/1334
f 2543/1723/1338 2544/1725/1335 2610/1717/1335
f 2544/1725/1335 2493/1712/1332 2541/1710/1332
f 2541/1710/1332 2540/1709/1332 2613/1726/1335
f 2613/1726/1335 2540/1709/1332 2539/1708/1332
f 2539/1708/1332 2494/1707/1332 2545/1727/1335
f 2615/1721/1333 2616/1720/1335 2545/1727/1335
f 2614/1719/1334 2615/1721/1333 2546/1728/1338
f 2506/1644/1319 2614/1719/1334 2547/1729/1334
f 2611/1715/1334 2614/1719/1334 2506/1644/1319
f 2508/1641/1319 2608/1716/1334 2611/1715/1334
f 2618/1731/1339 2621/1735/1340 2620/1732/1340
f 2618/1731/1339 2619/1743/1339 2622/1734/1340
f 2621/1735/1340 2624/1738/1341 2623/1736/1341
f 2621/1735/1340 2622/1734/1340 2625/1737/1341
f 2496/1739/1342 2551/1741/1343 2617/1733/1339
f 2551/1741/1343 2552/1742/1342 2618/1731/1339
f 2552/1742/1342 2553/1745/1343 2619/1743/1339
f 2499/1744/1342 2554/1995/1339 2619/1743/1339
f 2619/1743/1339 2554/1995/1339 2555/1746/1340
f 2622/1734/1340 2555/1746/1340 2556/1747/1341
f 2556/1747/1341 2498/2001/1344 2557/1748/1344
f 2625/1737/1341 2557/1748/1344 2558/1749/1344
f 2624/1738/1341 2558/1749/1344 2559/1750/1344
f 2548/1751/1341 2623/1736/1341 2559/1750/1344
f 2620/1732/1340 2623/1736/1341 2548/1751/1341
f 2617/1733/1339 2620/1732/1340 2549/1753/1340
f 2627/1754/1345 2630/1758/1345 2629/1755/1346
f 2628/1757/1347 2631/1767/1347 2630/1758/1345
f 2630/1758/1345 2633/1761/1345 2632/1759/1346
f 2630/1758/1345 2631/1767/1347 2634/1760/1347
f 2560/1762/1346 2626/1756/1346 2551/1763/1343
f 2560/1762/1346 2561/1766/1345 2627/1754/1345
f 2562/1765/1347 2628/1757/1347 2627/1754/1345
f 2485/1661/1326 2511/1660/1326 2628/1757/1347
f 2628/1757/1347 2511/1660/1326 2510/1673/1326
f 2631/1767/1347 2510/1673/1326 2509/1672/1326
f 2509/1672/1326 2486/1671/1326 2563/1768/1347
f 2633/1761/1345 2634/1760/1347 2563/1768/1347
f 2633/1761/1345 2564/1769/1345 2565/1770/1346
f 2553/1771/1343 2632/1759/1346 2565/1770/1346
f 2629/1755/1346 2632/1759/1346 2553/1771/1343
f 2551/1763/1343 2626/1756/1346 2629/1755/1346
f 2635/1774/1348 2636/1777/1348 2639/1775/1348
f 2636/1777/1348 2637/1784/1349 2640/1778/1349
f 2638/1776/1348 2639/1775/1348 2642/1779/1348
f 2639/1775/1348 2640/1778/1349 2643/1781/1349
f 2566/1782/1348 2635/1774/1348 2533/1698/1348
f 2567/1783/1348 2636/1777/1348 2635/1774/1348
f 2567/1783/1348 2568/1785/1349 2637/1784/1349
f 2497/1752/1350 2559/1750/1350 2637/1784/1349
f 2559/1750/1350 2558/1749/1350 2640/1778/1349
f 2558/1749/1350 2557/1748/1350 2643/1781/1349
f 2557/1748/1350 2498/2001/1350 2569/1786/1349
f 2643/1781/1349 2569/1786/1349 2570/1787/1348
f 2642/1779/1348 2570/1787/1348 2571/1788/1348
f 2535/1701/1348 2641/1780/1348 2571/1788/1348
f 2638/1776/1348 2641/1780/1348 2535/1701/1348
f 2533/1698/1348 2635/1774/1348 2638/1776/1348
f 2735/1790/1351 2736/1793/1352 2733/1791/1352
f 2736/1793/1354 2737/1797/1357 2734/1794/1355
f 2738/1795/1353 2739/1808/1352 2736/1793/1352
f 2736/1793/1354 2739/1808/1354 2740/1796/1356
f 2687/1798/1358 2732/1792/1353 2660/1799/1351
f 2732/1792/1353 2733/1791/1352 2661/1801/1352
f 2661/1801/1354 2733/1791/1354 2734/1794/1355
f 2662/1802/1357 2734/1794/1355 2668/1803/1359
f 2737/1797/1357 2667/1805/1359 2668/1803/1359
f 2740/1796/1356 2666/1807/1359 2667/1805/1359
f 2665/1806/1356 2647/2020/1359 2666/1807/1359
f 2739/1808/1354 2664/2017/1354 2665/1806/1356
f 2663/1809/1351 2664/2017/1352 2739/1808/1352
f 2689/1810/1358 2651/1848/1358 2663/1809/1351
f 2689/1810/1358 2738/1795/1353 2735/1790/1351
f 2687/1798/1358 2688/1811/1358 2735/1790/1351
f 2744/1812/1360 2745/1815/1360 2742/1813/1360
f 2745/1815/1361 2746/1819/1362 2743/1816/1362
f 2747/1817/1360 2748/1818/1360 2745/1815/1360
f 2748/1818/1361 2749/1828/1362 2746/1819/1362
f 2671/1820/1363 2741/1814/1364 2672/1821/1364
f 2672/1821/1360 2741/1814/1360 2742/1813/1360
f 2742/1813/1361 2743/1816/1362 2674/1824/1362
f 2743/1816/1362 2678/1827/1365 2648/1825/1365
f 2743/1816/1362 2746/1819/1362 2679/1826/1365
f 2749/1828/1362 2680/1830/1365 2679/1826/1365
f 2749/1828/1362 2677/1831/1362 2649/1829/1365
f 2748/1818/1361 2676/1832/1361 2677/1831/1362
f 2747/1817/1360 2675/2018/1360 2676/1832/1360
f 2646/1833/1363 2675/2018/1364 2747/1817/1364
f 2669/1834/1363 2747/1817/1364 2744/1812/1364
f 2670/1835/1363 2744/1812/1364 2741/1814/1364
f 2753/1836/1348 2754/1839/1348 2751/1837/1348
f 2754/1839/1348 2755/1843/1348 2752/1840/1348
f 2756/1841/1348 2757/1842/1348 2754/1839/1348
f 2757/1842/1348 2758/1847/1348 2755/1843/1348
f 2648/1825/1365 2678/1827/1365 2750/1838/1348
f 2750/1838/1348 2751/1837/1348 2682/1845/1348
f 2751/1837/1348 2752/1840/1348 2683/1846/1348
f 2752/1840/1348 2687/1798/1358 2650/1800/1358
f 2752/1840/1348 2755/1843/1348 2688/1811/1358
f 2758/1847/1348 2689/1810/1358 2688/1811/1358
f 2758/1847/1348 2686/1849/1348 2651/1848/1358
f 2757/1842/1348 2685/1850/1348 2686/1849/1348
f 2756/1841/1348 2684/1851/1348 2685/1850/1348
f 2680/1830/1365 2649/1829/1365 2684/1851/1348
f 2680/1830/1365 2756/1841/1348 2753/1836/1348
f 2678/1827/1365 2679/1826/1365 2753/1836/1348
f 2759/1852/1366 2762/1857/1367 2763/1853/1367
f 2760/1854/1368 2763/1853/1367 2764/1855/1367
f 2762/1857/1367 2765/1871/1372 2766/1858/1369
f 2766/1858/1369 2767/1866/1372 2764/1855/1367
f 2692/1859/1366 2759/1852/1366 2693/1860/1370
f 2693/1860/1370 2759/1852/1366 2760/1854/1368
f 2760/1854/1368 2761/1856/1366 2695/1863/1370
f 2695/1863/1370 2761/1856/1366 2696/1864/1366
f 2764/1855/1367 2697/1867/1367 2696/1864/1366
f 2767/1866/1372 2698/1869/1372 2697/1867/1367
f 2767/1866/1372 2699/1887/1373 2654/1868/1373
f 2700/1870/1373 2699/1887/1373 2767/1866/1372
f 2765/1871/1372 2701/1873/1373 2700/1870/1373
f 2690/1872/1372 2653/1886/1373 2701/1873/1373
f 2691/1874/1367 2690/1872/1372 2765/1871/1372
f 2691/1874/1367 2762/1857/1367 2759/1852/1366
f 2771/1875/1374 2772/1878/1375 2769/1876/1375
f 2772/1878/1375 2773/1882/1377 2770/1879/1377
f 2774/1880/1378 2775/1889/1380 2772/1878/1375
f 2772/1878/1375 2775/1889/1380 2776/1881/1377
f 2644/1804/1359 2668/1803/1359 2768/1877/1376
f 2768/1877/1376 2769/1876/1375 2703/1884/1379
f 2703/1884/1379 2769/1876/1375 2770/1879/1377
f 2704/1885/1377 2770/1879/1377 2701/1873/1373
f 2773/1882/1377 2700/1870/1373 2701/1873/1373
f 2773/1882/1377 2776/1881/1377 2699/1887/1373
f 2705/1888/1377 2654/1868/1373 2699/1887/1373
f 2775/1889/1380 2706/2019/1380 2705/1888/1377
f 2707/1890/1374 2706/2019/1380 2775/1889/1380
f 2666/1807/1359 2647/2020/1359 2707/1890/1374
f 2666/1807/1359 2774/1880/1378 2771/1875/1374
f 2668/1803/1359 2667/1805/1359 2771/1875/1374
f 2780/1891/1381 2781/1897/1381 2778/1892/1382
f 2778/1892/1382 2781/1897/1381 2782/1894/1381
f 2783/1896/1383 2784/1909/1383 2781/1897/1381
f 2781/1897/1381 2784/1909/1383 2785/1898/1383
f 2656/1899/1384 2710/1913/1382 2777/1893/1382
f 2711/1900/1385 2777/1893/1382 2778/1892/1382
f 2712/1901/1386 2778/1892/1382 2779/1895/1382
f 2779/1895/1382 2714/1905/1382 2659/1903/1385
f 2779/1895/1382 2782/1894/1381 2715/1904/1381
f 2782/1894/1381 2785/1898/1383 2716/1906/1383
f 2717/1907/1387 2658/2023/1387 2716/1906/1383
f 2718/1908/1387 2717/1907/1387 2785/1898/1383
f 2719/1910/1387 2718/1908/1387 2784/1909/1383
f 2708/1911/1383 2657/1943/1387 2719/1910/1387
f 2708/1911/1383 2783/1896/1383 2780/1891/1381
f 2709/1912/1381 2780/1891/1381 2777/1893/1382
f 2789/1914/1388 2790/1917/1389 2787/1915/1389
f 2790/1917/1389 2791/1921/1390 2788/1918/1390
f 2792/1919/1388 2793/1928/1389 2790/1917/1389
f 2790/1917/1389 2793/1928/1389 2794/1920/1390
f 2711/1922/1385 2786/1916/1388 2720/1923/1388
f 2720/1923/1388 2786/1916/1388 2787/1915/1389
f 2787/1915/1389 2788/1918/1390 2722/1926/1390
f 2788/1918/1390 2671/1820/1363 2645/1822/1363
f 2788/1918/1390 2791/1921/1390 2670/1835/1363
f 2794/1920/1390 2669/1834/1363 2670/1835/1363
f 2723/1927/1390 2646/1833/1363 2669/1834/1363
f 2793/1928/1389 2724/2021/1389 2723/1927/1390
f 2725/1929/1388 2724/2021/1389 2793/1928/1389
f 2713/1930/1385 2659/2022/1385 2725/1929/1388
f 2713/1930/1385 2792/1919/1388 2789/1914/1388
f 2711/1922/1385 2712/1931/1386 2789/1914/1388
f 2795/1932/1391 2798/1937/1391 2799/1933/1328
f 2796/1934/1328 2799/1933/1328 2800/1935/1392
f 2798/1937/1391 2801/1947/1391 2802/1938/1328
f 2799/1933/1328 2802/1938/1328 2803/1939/1392
f 2693/1860/1393 2795/1932/1391 2726/1940/1391
f 2795/1932/1391 2796/1934/1328 2727/1941/1328
f 2727/1941/1328 2796/1934/1328 2797/1936/1392
f 2728/1942/1392 2797/1936/1392 2719/1910/1394
f 2800/1935/1392 2718/1908/1394 2719/1910/1394
f 2803/1939/1392 2717/1907/1394 2718/1908/1394
f 2729/1944/1392 2658/2023/1394 2717/1907/1394
f 2730/1945/1328 2729/1944/1392 2803/1939/1392
f 2731/1946/1391 2730/1945/1328 2802/1938/1328
f 2695/1863/1393 2655/1865/1393 2731/1946/1391
f 2695/1863/1393 2801/1947/1391 2798/1937/1391
f 2693/1860/1393 2694/1862/1393 2798/1937/1391
f 2490/1638/1395 2650/1967/1395 2660/1948/1395
f 2500/1636/1395 2660/1948/1395 2661/1949/1395
f 2502/1640/1395 2501/1639/1395 2661/1949/1395
f 2484/1722/1395 2502/1640/1395 2662/1950/1395
f 2491/1649/1396 2503/1647/1397 2663/1952/1396
f 2503/1647/1397 2504/1646/1396 2664/1954/1396
f 2505/1645/1396 2665/1955/1396 2664/1954/1396
f 2487/1730/1396 2647/1989/1396 2665/1955/1396
f 2485/1661/1395 2645/2006/1395 2672/1956/1395
f 2513/1663/1395 2512/1659/1395 2672/1956/1395
f 2514/1662/1395 2513/1663/1395 2673/1957/1395
f 2488/1664/1395 2514/1662/1395 2674/1958/1395
f 2486/1671/1396 2515/1670/1396 2675/1960/1396
f 2516/1669/1396 2676/1962/1396 2675/1960/1396
f 2517/1668/1396 2677/1963/1396 2676/1962/1396
f 2489/1667/1396 2649/1968/1396 2677/1963/1396
f 2521/1684/1395 2488/1664/1395 2648/1959/1395
f 2521/1684/1395 2681/1964/1395 2682/1965/1395
f 2522/1683/1395 2682/1965/1395 2683/1966/1395
f 2523/1685/1395 2683/1966/1395 2650/1967/1395
f 2524/1689/1396 2684/1969/1396 2649/1968/1396
f 2525/1688/1396 2685/1970/1396 2684/1969/1396
f 2526/1687/1396 2686/1971/1396 2685/1970/1396
f 2526/1687/1396 2491/1649/1396 2651/1953/1396
f 2493/1712/1395 2653/1985/1395 2690/1972/1395
f 2531/1713/1395 2530/1711/1395 2690/1972/1395
f 2532/1699/1395 2531/1713/1395 2691/1973/1395
f 2532/1699/1395 2692/1974/1395 2652/1975/1395
f 2536/1703/1396 2495/1789/1396 2655/1976/1396
f 2536/1703/1396 2696/1977/1396 2697/1978/1396
f 2537/1705/1396 2697/1978/1396 2698/1979/1396
f 2494/1707/1396 2538/1980/1396 2698/1979/1396
f 2542/1724/1395 2484/1722/1395 2644/1951/1395
f 2543/1723/1395 2542/1724/1395 2702/1982/1395
f 2544/1725/1395 2543/1723/1395 2703/1983/1395
f 2544/1725/1395 2704/1984/1395 2653/1985/1395
f 2545/1727/1396 2494/1707/1396 2654/1981/1396
f 2545/1727/1396 2705/1986/1396 2706/1987/1396
f 2546/1728/1396 2706/1987/1396 2707/1988/1396
f 2547/1729/1396 2707/1988/1396 2647/1989/1396
f 2548/1751/1395 2497/1752/1395 2657/1990/1395
f 2549/1753/1395 2548/1751/1395 2708/1991/1395
f 2549/1753/1395 2709/1992/1395 2710/1993/1395
f 2550/1740/1395 2710/1993/1395 2656/1994/1395
f 2554/1995/1396 2499/1744/1396 2659/1996/1396
f 2555/1746/1396 2554/1995/1396 2714/1997/1396
f 2555/1746/1396 2715/1998/1396 2716/1999/1396
f 2556/1747/1396 2716/1999/1396 2658/2000/1396
f 2560/1762/1395 2496/1764/1395 2656/2002/1395
f 2560/1762/1395 2720/2003/1395 2721/2004/1395
f 2561/1766/1395 2721/2004/1395 2722/2005/1395
f 2562/1765/1395 2722/2005/1395 2645/2006/1395
f 2563/1768/1396 2486/1671/1396 2646/1961/1396
f 2564/1769/1396 2563/1768/1396 2723/2007/1396
f 2565/1770/1396 2564/1769/1396 2724/2008/1396
f 2565/1770/1396 2725/2009/1396 2659/2010/1396
f 2566/1782/1395 2492/1700/1395 2652/1975/1395
f 2566/1782/1395 2726/2011/1395 2727/2012/1395
f 2567/1783/1395 2727/2012/1395 2728/2013/1395
f 2568/1785/1395 2728/2013/1395 2657/1990/1395
f 2569/1786/1396 2498/2001/1396 2658/2000/1396
f 2570/1787/1396 2569/1786/1396 2729/2014/1396
f 2570/1787/1396 2730/2015/1396 2731/2016/1396
f 2571/1788/1396 2731/2016/1396 2655/1976/1396
f 2895/1629/1314 2896/1632/1313 2893/1628/1313
f 2896/1632/1316 2897/1643/1320 2894/1631/1315
f 2898/1633/1314 2899/1635/1313 2896/1632/1313
f 2896/1632/1316 2899/1635/1316 2900/1634/1315
f 2847/1637/1317 2892/1630/1314 2820/1636/1314
f 2892/1630/1314 2893/1628/1313 2821/1639/1313
f 2821/1639/1316 2893/1628/1316 2894/1631/1315
f 2822/1640/1315 2894/1631/1315 2828/1641/1319
f 2894/1631/1315 2897/1643/1320 2827/1642/1319
f 2900/1634/1315 2826/1644/1319 2827/1642/1319
f 2825/1645/1315 2807/1730/1319 2826/1644/1319
f 2899/1635/1316 2824/1646/1316 2825/1645/1315
f 2823/1647/1321 2824/1646/1313 2899/1635/1313
f 2849/1648/1317 2811/1649/1317 2823/1647/1321
f 2849/1648/1317 2898/1633/1314 2895/1629/1314
f 2847/1637/1317 2848/1650/1317 2895/1629/1314
f 2904/1652/1322 2905/1655/1322 2902/1651/1322
f 2905/1655/1324 2906/1657/1323 2903/1654/1323
f 2907/1656/1322 2908/1658/1322 2905/1655/1322
f 2908/1658/1324 2909/1666/1323 2906/1657/1323
f 2831/1660/1326 2901/1653/1325 2832/1659/1325
f 2832/1659/1322 2901/1653/1322 2902/1651/1322
f 2902/1651/1324 2903/1654/1323 2834/1662/1323
f 2903/1654/1323 2838/1682/1327 2808/1664/1327
f 2903/1654/1323 2906/1657/1323 2839/1665/1327
f 2909/1666/1323 2840/1690/1327 2839/1665/1327
f 2909/1666/1323 2837/1668/1323 2809/1667/1327
f 2908/1658/1324 2836/1669/1324 2837/1668/1323
f 2907/1656/1322 2835/1670/1322 2836/1669/1322
f 2806/1671/1326 2835/1670/1325 2907/1656/1325
f 2829/1672/1326 2907/1656/1325 2904/1652/1325
f 2830/1673/1326 2904/1652/1325 2901/1653/1325
f 2913/1675/1328 2914/1678/1328 2911/1674/1328
f 2914/1678/1328 2915/1680/1328 2912/1677/1328
f 2916/1679/1328 2917/1681/1328 2914/1678/1328
f 2917/1681/1328 2918/1686/1328 2915/1680/1328
f 2808/1664/1327 2838/1682/1327 2910/1676/1328
f 2910/1676/1328 2911/1674/1328 2842/1683/1328
f 2911/1674/1328 2912/1677/1328 2843/1685/1328
f 2912/1677/1328 2847/1637/1317 2810/1638/1317
f 2912/1677/1328 2915/1680/1328 2848/1650/1317
f 2918/1686/1328 2849/1648/1317 2848/1650/1317
f 2918/1686/1328 2846/1687/1328 2811/1649/1317
f 2917/1681/1328 2845/1688/1328 2846/1687/1328
f 2916/1679/1328 2844/1689/1328 2845/1688/1328
f 2840/1690/1327 2809/1667/1327 2844/1689/1328
f 2840/1690/1327 2916/1679/1328 2913/1675/1328
f 2838/1682/1327 2839/1665/1327 2913/1675/1328
f 2919/1691/1329 2922/1693/1330 2923/1692/1330
f 2920/1694/1329 2923/1692/1330 2924/1695/1330
f 2925/1696/1331 2926/1697/1331 2923/1692/1330
f 2926/1697/1331 2927/1706/1331 2924/1695/1330
f 2852/1699/1329 2919/1691/1329 2853/1698/1329
f 2853/1698/1329 2919/1691/1329 2920/1694/1329
f 2920/1694/1329 2921/1704/1329 2855/1701/1329
f 2855/1701/1329 2921/1704/1329 2856/1703/1329
f 2924/1695/1330 2857/1705/1330 2856/1703/1329
f 2927/1706/1331 2858/1980/1331 2857/1705/1330
f 2927/1706/1331 2859/1708/1332 2814/1707/1332
f 2860/1709/1332 2859/1708/1332 2927/1706/1331
f 2925/1696/1331 2861/1710/1332 2860/1709/1332
f 2850/1711/1331 2813/1712/1332 2861/1710/1332
f 2851/1713/1330 2850/1711/1331 2925/1696/1331
f 2851/1713/1330 2922/1693/1330 2919/1691/1329
f 2931/1715/1334 2932/1718/1336 2929/1714/1333
f 2932/1718/1336 2933/1726/1335 2930/1717/1335
f 2934/1719/1334 2935/1721/1333 2932/1718/1336
f 2932/1718/1336 2935/1721/1333 2936/1720/1335
f 2804/1722/1337 2828/1641/1319 2928/1716/1334
f 2928/1716/1334 2929/1714/1333 2863/1723/1338
f 2863/1723/1338 2929/1714/1333 2930/1717/1335
f 2864/1725/1335 2930/1717/1335 2861/1710/1332
f 2933/1726/1335 2860/1709/1332 2861/1710/1332
f 2933/1726/1335 2936/1720/1335 2859/1708/1332
f 2865/1727/1335 2814/1707/1332 2859/1708/1332
f 2935/1721/1333 2866/1728/1338 2865/1727/1335
f 2934/1719/1334 2867/1729/1334 2866/1728/1338
f 2826/1644/1319 2807/1730/1319 2867/1729/1334
f 2826/1644/1319 2934/1719/1334 2931/1715/1334
f 2828/1641/1319 2827/1642/1319 2931/1715/1334
f 2940/1732/1340 2941/1735/1340 2938/1731/1339
f 2938/1731/1339 2941/1735/1340 2942/1734/1340
f 2943/1736/1341 2944/1738/1341 2941/1735/1340
f 2941/1735/1340 2944/1738/1341 2945/1737/1341
f 2816/1739/1342 2870/1740/1339 2937/1733/1339
f 2871/1741/1343 2937/1733/1339 2938/1731/1339
f 2872/1742/1342 2938/1731/1339 2939/1743/1339
f 2939/1743/1339 2874/1995/1339 2819/1744/1342
f 2939/1743/1339 2942/1734/1340 2875/1746/1340
f 2942/1734/1340 2945/1737/1341 2876/1747/1341
f 2877/1748/1344 2818/2001/1344 2876/1747/1341
f 2878/1749/1344 2877/1748/1344 2945/1737/1341
f 2879/1750/1344 2878/1749/1344 2944/1738/1341
f 2868/1751/1341 2817/1752/1344 2879/1750/1344
f 2868/1751/1341 2943/1736/1341 2940/1732/1340
f 2869/1753/1340 2940/1732/1340 2937/1733/1339
f 2949/1755/1346 2950/1758/1345 2947/1754/1345
f 2950/1758/1345 2951/1767/1347 2948/1757/1347
f 2952/1759/1346 2953/1761/1345 2950/1758/1345
f 2950/1758/1345 2953/1761/1345 2954/1760/1347
f 2871/1763/1343 2946/1756/1346 2880/1762/1346
f 2880/1762/1346 2946/1756/1346 2947/1754/1345
f 2947/1754/1345 2948/1757/1347 2882/1765/1347
f 2948/1757/1347 2831/1660/1326 2805/1661/1326
f 2948/1757/1347 2951/1767/1347 2830/1673/1326
f 2951/1767/1347 2954/1760/1347 2829/1672/1326
f 2883/1768/1347 2806/1671/1326 2829/1672/1326
f 2953/1761/1345 2884/1769/1345 2883/1768/1347
f 2885/1770/1346 2884/1769/1345 2953/1761/1345
f 2873/1771/1343 2819/1772/1342 2885/1770/1346
f 2873/1771/1343 2952/1759/1346 2949/1755/1346
f 2871/1763/1343 2872/1773/1342 2949/1755/1346
f 2955/1774/1348 2958/1776/1348 2959/1775/1348
f 2956/1777/1348 2959/1775/1348 2960/1778/1349
f 2958/1776/1348 2961/1780/1348 2962/1779/1348
f 2959/1775/1348 2962/1779/1348 2963/1781/1349
f 2853/1698/1348 2955/1774/1348 2886/1782/1348
f 2955/1774/1348 2956/1777/1348 2887/1783/1348
f 2887/1783/1348 2956/1777/1348 2957/1784/1349
f 2957/1784/1349 2879/1750/1350 2817/1752/1350
f 2960/1778/1349 2878/1749/1350 2879/1750/1350
f 2963/1781/1349 2877/1748/1350 2878/1749/1350
f 2889/1786/1349 2818/2001/1350 2877/1748/1350
f 2890/1787/1348 2889/1786/1349 2963/1781/1349
f 2891/1788/1348 2890/1787/1348 2962/1779/1348
f 2855/1701/1348 2815/1789/1348 2891/1788/1348
f 2855/1701/1348 2961/1780/1348 2958/1776/1348
f 2853/1698/1348 2854/1702/1348 2958/1776/1348
f 3053/1791/1352 3056/1793/1352 3055/1790/1351
f 3054/1794/1356 3057/1797/1399 3056/1793/1354
f 3056/1793/1352 3059/1808/1352 3058/1795/1353
f 3056/1793/1354 3057/1797/1399 3060/1796/1356
f 2980/1799/1398 3052/1792/1353 3007/1798/1358
f 2981/1801/1352 3053/1791/1352 3052/1792/1353
f 2981/1801/1354 2982/1802/1399 3054/1794/1356
f 2982/1802/1399 2964/1804/1359 2988/1803/1359
f 2988/1803/1359 2987/1805/1359 3057/1797/1399
f 2987/1805/1359 2986/1807/1359 3060/1796/1356
f 2986/1807/1359 2967/2020/1359 2985/1806/1356
f 3059/1808/1354 3060/1796/1356 2985/1806/1356
f 3059/1808/1352 2984/2017/1352 2983/1809/1351
f 3009/1810/1358 3058/1795/1353 2983/1809/1351
f 3055/1790/1351 3058/1795/1353 3009/1810/1358
f 3007/1798/1358 3052/1792/1353 3055/1790/1351
f 3062/1813/1360 3065/1815/1360 3064/1812/1360
f 3063/1816/1362 3066/1819/1362 3065/1815/1361
f 3065/1815/1360 3068/1818/1360 3067/1817/1360
f 3066/1819/1362 3069/1828/1362 3068/1818/1361
f 2992/1821/1364 3061/1814/1364 2991/1820/1363
f 2992/1821/1360 2993/1823/1360 3062/1813/1360
f 2994/1824/1362 3063/1816/1362 3062/1813/1361
f 2968/1825/1365 2998/1827/1365 3063/1816/1362
f 3063/1816/1362 2998/1827/1365 2999/1826/1365
f 2999/1826/1365 3000/1830/1365 3069/1828/1362
f 3069/1828/1362 3000/1830/1365 2969/1829/1365
f 3068/1818/1361 3069/1828/1362 2997/1831/1362
f 3067/1817/1360 3068/1818/1360 2996/1832/1360
f 3067/1817/1364 2995/2018/1364 2966/1833/1363
f 3064/1812/1364 3067/1817/1364 2989/1834/1363
f 3061/1814/1364 3064/1812/1364 2990/1835/1363
f 3071/1837/1348 3074/1839/1348 3073/1836/1348
f 3072/1840/1348 3075/1843/1348 3074/1839/1348
f 3074/1839/1348 3077/1842/1348 3076/1841/1348
f 3075/1843/1348 3078/1847/1348 3077/1842/1348
f 2968/1825/1365 3001/1844/1348 3070/1838/1348
f 3002/1845/1348 3071/1837/1348 3070/1838/1348
f 3003/1846/1348 3072/1840/1348 3071/1837/1348
f 2970/1800/1358 3007/1798/1358 3072/1840/1348
f 3072/1840/1348 3007/1798/1358 3008/1811/1358
f 3008/1811/1358 3009/1810/1358 3078/1847/1348
f 3078/1847/1348 3009/1810/1358 2971/1848/1358
f 3077/1842/1348 3078/1847/1348 3006/1849/1348
f 3076/1841/1348 3077/1842/1348 3005/1850/1348
f 3000/1830/1365 3076/1841/1348 3004/1851/1348
f 3073/1836/1348 3076/1841/1348 3000/1830/1365
f 2998/1827/1365 3070/1838/1348 3073/1836/1348
f 3079/1852/1366 3080/1854/1366 3083/1853/1367
f 3080/1854/1366 3081/1856/1366 3084/1855/1367
f 3082/1857/1367 3083/1853/1367 3086/1858/1369
f 3084/1855/1367 3087/1866/1372 3086/1858/1369
f 3013/1860/1370 3079/1852/1366 3012/1859/1366
f 3013/1860/1370 3014/1862/1371 3080/1854/1366
f 3015/1863/1370 3081/1856/1366 3080/1854/1366
f 3015/1863/1370 2975/1865/1370 3016/1864/1366
f 3016/1864/1366 3017/1867/1367 3084/1855/1367
f 3017/1867/1367 3018/1869/1372 3087/1866/1372
f 3087/1866/1372 3018/1869/1372 2974/1868/1373
f 3087/1866/1372 3019/1887/1373 3020/1870/1373
f 3085/1871/1372 3086/1858/1369 3020/1870/1373
f 3010/1872/1372 3085/1871/1372 3021/1873/1373
f 3011/1874/1367 3082/1857/1367 3085/1871/1372
f 3079/1852/1366 3082/1857/1367 3011/1874/1367
f 3089/1876/1375 3092/1878/1375 3091/1875/1374
f 3090/1879/1377 3093/1882/1377 3092/1878/1375
f 3092/1878/1375 3095/1889/1380 3094/1880/1378
f 3092/1878/1375 3093/1882/1377 3096/1881/1377
f 2964/1804/1359 3022/1883/1376 3088/1877/1374
f 3023/1884/1380 3089/1876/1375 3088/1877/1374
f 3023/1884/1380 3024/1885/1377 3090/1879/1377
f 3024/1885/1377 2973/1886/1373 3021/1873/1373
f 3021/1873/1373 3020/1870/1373 3093/1882/1377
f 3093/1882/1377 3020/1870/1373 3019/1887/1373
f 3019/1887/1373 2974/1868/1373 3025/1888/1377
f 3095/1889/1380 3096/1881/1377 3025/1888/1377
f 3095/1889/1380 3026/2019/1380 3027/1890/1376
f 2986/1807/1359 3094/1880/1378 3027/1890/1376
f 3091/1875/1374 3094/1880/1378 2986/1807/1359
f 2988/1803/1359 3088/1877/1374 3091/1875/1374
f 3098/1892/1382 3101/1897/1381 3100/1891/1381
f 3098/1892/1382 3099/1895/1382 3102/1894/1381
f 3101/1897/1381 3104/1909/1383 3103/1896/1383
f 3101/1897/1381 3102/1894/1381 3105/1898/1383
f 2976/1899/1384 3031/1900/1385 3097/1893/1382
f 3031/1900/1385 3032/1901/1386 3098/1892/1382
f 3032/1901/1386 3033/1902/1385 3099/1895/1382
f 2979/1903/1385 3034/1905/1382 3099/1895/1382
f 3099/1895/1382 3034/1905/1382 3035/1904/1381
f 3102/1894/1381 3035/1904/1381 3036/1906/1383
f 3036/1906/1383 2978/2023/1387 3037/1907/1387
f 3105/1898/1383 3037/1907/1387 3038/1908/1387
f 3104/1909/1383 3038/1908/1387 3039/1910/1387
f 3028/1911/1383 3103/1896/1383 3039/1910/1387
f 3100/1891/1381 3103/1896/1383 3028/1911/1383
f 3097/1893/1382 3100/1891/1381 3029/1912/1381
f 3107/1915/1389 3110/1917/1389 3109/1914/1388
f 3108/1918/1390 3111/1921/1390 3110/1917/1389
f 3110/1917/1389 3113/1928/1389 3112/1919/1388
f 3110/1917/1389 3111/1921/1390 3114/1920/1390
f 3040/1923/1388 3106/1916/1388 3031/1922/1385
f 3040/1923/1388 3041/1925/1389 3107/1915/1389
f 3042/1926/1390 3108/1918/1390 3107/1915/1389
f 2965/1822/1363 2991/1820/1363 3108/1918/1390
f 3108/1918/1390 2991/1820/1363 2990/1835/1363
f 2990/1835/1363 2989/1834/1363 3114/1920/1390
f 2989/1834/1363 2966/1833/1363 3043/1927/1390
f 3113/1928/1389 3114/1920/1390 3043/1927/1390
f 3113/1928/1389 3044/2021/1389 3045/1929/1388
f 3033/1930/1385 3112/1919/1388 3045/1929/1388
f 3109/1914/1388 3112/1919/1388 3033/1930/1385
f 3031/1922/1385 3106/1916/1388 3109/1914/1388
f 3115/1932/1391 3116/1934/1328 3119/1933/1328
f 3116/1934/1328 3117/1936/1392 3120/1935/1392
f 3118/1937/1391 3119/1933/1328 3122/1938/1328
f 3119/1933/1328 3120/1935/1392 3123/1939/1392
f 3046/1940/1391 3115/1932/1391 3013/1860/1393
f 3047/1941/1328 3116/1934/1328 3115/1932/1391
f 3047/1941/1328 3048/1942/1392 3117/1936/1392
f 3048/1942/1392 2977/1943/1394 3039/1910/1394
f 3039/1910/1394 3038/1908/1394 3120/1935/1392
f 3038/1908/1394 3037/1907/1394 3123/1939/1392
f 3037/1907/1394 2978/2023/1394 3049/1944/1392
f 3123/1939/1392 3049/1944/1392 3050/1945/1328
f 3122/1938/1328 3050/1945/1328 3051/1946/1391
f 3015/1863/1393 3121/1947/1391 3051/1946/1391
f 3118/1937/1391 3121/1947/1391 3015/1863/1393
f 3013/1860/1393 3115/1932/1391 3118/1937/1391
f 2980/1948/1396 2970/1967/1396 2810/1638/1396
f 2981/1949/1396 2980/1948/1396 2820/1636/1396
f 2822/1640/1396 2982/1950/1396 2981/1949/1396
f 2804/1722/1396 2964/1951/1396 2982/1950/1396
f 2811/1649/1395 2971/1953/1395 2983/1952/1395
f 2823/1647/1400 2983/1952/1395 2984/1954/1395
f 2984/1954/1395 2985/1955/1395 2825/1645/1395
f 2985/1955/1395 2967/1989/1395 2807/1730/1395
f 2992/1956/1396 2965/2006/1396 2805/1661/1396
f 2833/1663/1396 2993/1957/1396 2992/1956/1396
f 2834/1662/1396 2994/1958/1396 2993/1957/1396
f 2808/1664/1396 2968/1959/1396 2994/1958/1396
f 2806/1671/1395 2966/1961/1395 2995/1960/1395
f 2995/1960/1395 2996/1962/1395 2836/1669/1395
f 2996/1962/1395 2997/1963/1395 2837/1668/1395
f 2997/1963/1395 2969/1968/1395 2809/1667/1395
f 2841/1684/1396 3001/1964/1396 2968/1959/1396
f 3002/1965/1396 3001/1964/1396 2841/1684/1396
f 3003/1966/1396 3002/1965/1396 2842/1683/1396
f 2970/1967/1396 3003/1966/1396 2843/1685/1396
f 2969/1968/1395 3004/1969/1395 2844/1689/1395
f 3004/1969/1395 3005/1970/1395 2845/1688/1395
f 3005/1970/1395 3006/1971/1395 2846/1687/1395
f 2846/1687/1395 3006/1971/1395 2971/1953/1395
f 3010/1972/1396 2973/1985/1396 2813/1712/1396
f 2851/1713/1396 3011/1973/1396 3010/1972/1396
f 2852/1699/1396 3012/1974/1396 3011/1973/1396
f 2972/1975/1396 3012/1974/1396 2852/1699/1396
f 2856/1703/1395 3016/1977/1395 2975/1976/1395
f 3017/1978/1395 3016/1977/1395 2856/1703/1395
f 3018/1979/1395 3017/1978/1395 2857/1705/1395
f 2814/1707/1395 2974/1981/1395 3018/1979/1395
f 2862/1724/1396 3022/1982/1396 2964/1951/1396
f 2863/1723/1396 3023/1983/1396 3022/1982/1396
f 2864/1725/1396 3024/1984/1396 3023/1983/1396
f 2973/1985/1396 3024/1984/1396 2864/1725/1396
f 2865/1727/1395 3025/1986/1395 2974/1981/1395
f 3026/1987/1395 3025/1986/1395 2865/1727/1395
f 3027/1988/1395 3026/1987/1395 2866/1728/1395
f 2967/1989/1395 3027/1988/1395 2867/1729/1395
f 2868/1751/1396 3028/1991/1396 2977/1990/1396
f 2869/1753/1396 3029/1992/1396 3028/1991/1396
f 3030/1993/1396 3029/1992/1396 2869/1753/1396
f 2976/1994/1396 3030/1993/1396 2870/1740/1396
f 2874/1995/1395 3034/1997/1395 2979/1996/1395
f 2875/1746/1395 3035/1998/1395 3034/1997/1395
f 3036/1999/1395 3035/1998/1395 2875/1746/1395
f 2978/2000/1395 3036/1999/1395 2876/1747/1395
f 2880/1762/1396 3040/2003/1396 2976/2002/1396
f 3041/2004/1396 3040/2003/1396 2880/1762/1396
f 3042/2005/1396 3041/2004/1396 2881/1766/1396
f 2965/2006/1396 3042/2005/1396 2882/1765/1396
f 2883/1768/1395 3043/2007/1395 2966/1961/1395
f 2884/1769/1395 3044/2008/1395 3043/2007/1395
f 2885/1770/1395 3045/2009/1395 3044/2008/1395
f 2979/2010/1395 3045/2009/1395 2885/1770/1395
f 2886/1782/1396 3046/2011/1396 2972/1975/1396
f 3047/2012/1396 3046/2011/1396 2886/1782/1396
f 3048/2013/1396 3047/2012/1396 2887/1783/1396
f 2977/1990/1396 3048/2013/1396 2888/1785/1396
f 2889/1786/1395 3049/2014/1395 2978/2000/1395
f 2890/1787/1395 3050/2015/1395 3049/2014/1395
f 3051/2016/1395 3050/2015/1395 2890/1787/1395
f 2975/1976/1395 3051/2016/1395 2891/1788/1395
o 立方体.008
v 3.298478 0.160468 -5.293432
v 3.298478 -0.532618 6.106813
v 3.298478 -0.532618 -5.293432
v -3.298478 0.160468 -5.293432
v -3.298478 -0.532618 6.106813
v -3.298478 -0.532618 -5.293432
v 2.765489 1.062683 3.004221
v 2.744291 1.061826 2.965527
v 2.744291 0.697573 5.514141
v 2.765489 0.690018 5.564977
v 2.765489 0.701947 5.526662
v 2.744291 1.061562 -3.751181
v 2.765489 1.062683 -3.694010
v 3.298478 1.061260 2.939945
v 3.277280 1.062683 3.004221
v 3.277280 0.701947 5.526662
v 3.298478 0.690018 5.564977
v 3.319676 0.697573 5.520139
v 3.298478 0.705297 5.429344
v 3.319676 0.697573 -5.256324
v 3.277280 0.689849 -5.293432
v 3.298478 0.705297 -5.256324
v 3.277280 1.062683 -3.694010
v 3.298478 1.061018 -3.752577
v 3.298478 1.249904 -5.256324
v 3.277280 1.255335 -5.293432
v 3.277280 1.259596 -5.261661
v 2.765489 1.259596 -5.261661
v 3.277280 0.878995 -5.293432
v 3.298478 0.879817 -5.256324
v 3.727484 0.697573 5.520139
v 3.727484 0.690018 5.564977
v 3.748682 0.689849 5.527619
v 3.727484 0.697573 -5.256324
v 3.748682 0.689849 -5.256324
v 3.727484 0.689849 -5.293432
v 2.765489 0.152743 6.106813
v 2.765489 0.168023 6.099083
v 2.744291 0.160468 6.064329
v 3.298478 0.152743 6.106813
v 3.298478 0.168023 6.099083
v 3.748682 0.160468 -5.256324
v 3.727484 0.160468 -5.293432
v 3.727484 0.168023 6.099083
v 3.727484 0.152743 6.106813
v 3.748682 0.160468 6.069299
v 3.727484 -0.532618 -5.293432
v 3.748682 -0.532618 -5.256324
v 3.748682 -0.532618 6.069314
v 3.727484 -0.532618 6.106813
v 2.765489 -0.532618 6.106813
v 2.744291 -0.532618 6.064536
v -2.744291 1.061826 2.965527
v -2.765489 1.062683 3.004221
v -2.744291 0.697573 -5.256324
v -2.765489 0.697573 -5.293432
v -2.765489 0.701947 5.526662
v -2.765489 0.690018 5.564977
v -2.744291 0.697573 5.514141
v -2.765489 0.878995 -5.293432
v -2.744291 0.879817 -5.256324
v -2.744291 1.061562 -3.756912
v -2.765489 1.062683 -3.694010
v -3.277280 1.062683 3.004221
v -3.298478 1.061260 2.939945
v -3.277280 0.701947 5.526662
v -3.298478 0.705297 5.429344
v -3.319676 0.697573 5.520139
v -3.298478 0.690018 5.564977
v -3.319676 0.697573 -5.256324
v -3.298478 0.705297 -5.256324
v -3.277280 0.689849 -5.293432
v -3.298478 1.061018 -3.752577
v -3.277280 1.062683 -3.694010
v -3.298478 1.249904 -5.256324
v -3.277280 1.259596 -5.261661
v -3.277280 1.255863 -5.293432
v -2.765489 1.255863 -5.293432
v -2.765489 1.259596 -5.261661
v -2.744291 1.249904 -5.256324
v -3.298478 0.879817 -5.256324
v -3.277280 0.878995 -5.293432
v -3.727484 0.697573 5.520139
v -3.748682 0.689849 5.527619
v -3.727484 0.690018 5.564977
v -3.727484 0.697573 -5.256324
v -3.727484 0.689849 -5.293432
v -3.748682 0.689849 -5.256324
v -2.744291 0.160468 -5.256324
v -2.765489 0.160468 -5.293432
v -2.765489 0.152743 6.106813
v -2.744291 0.160468 6.064329
v -2.765489 0.168023 6.099083
v -3.298478 0.168023 6.099083
v -3.298478 0.152743 6.106813
v -3.727484 0.160468 -5.293432
v -3.748682 0.160468 -5.256324
v -3.727484 0.168023 6.099083
v -3.748682 0.160468 6.069299
v -3.727484 0.152743 6.106813
v -3.748682 -0.532618 -5.256324
v -3.727484 -0.532618 -5.293432
v -3.727484 -0.532618 6.106813
v -3.748682 -0.532618 6.069314
v -2.744291 -0.532618 6.064536
v -2.765489 -0.532618 6.106813
v -2.765489 -0.532618 -5.293432
v -2.744291 -0.532618 -5.256324
v 2.765759 0.697262 -5.293432
v 2.744291 0.697573 -5.255851
v 2.744291 0.879827 -5.255851
v 2.765759 0.878995 -5.293432
v 2.765759 0.160468 -5.293432
v 2.744291 0.160468 -5.255851
v 2.744291 -0.532618 -5.255851
v 2.765759 -0.532618 -5.293432
v 2.765759 1.255315 -5.293432
v 2.744291 1.250593 -5.255851
v 2.759320 1.258350 -5.270906
vn -0.0000 0.9899 0.1416
vn -0.0000 1.0000 -0.0000
vn -0.0000 0.7152 0.6990
vn -0.0000 0.9922 0.1246
vn 1.0000 -0.0000 -0.0000
vn -0.0000 -0.0000 -1.0000
vn -0.0000 -0.0000 1.0000
vn -1.0000 -0.0000 -0.0000
vn -0.6469 0.7091 -0.2805
vn -0.8683 -0.0000 -0.4960
vn -0.3491 0.8947 0.2786
vn 0.1113 0.9921 0.0584
vn 0.2953 0.8104 -0.5060
vn 0.4376 0.8912 -0.1195
vn 0.2879 0.9443 0.1591
vn 0.3360 0.9221 -0.1919
vn -0.8515 0.2367 0.4679
vn 0.8166 0.2606 0.5151
vn 0.3491 0.8947 0.2786
vn -0.1343 0.9648 0.2261
vn -0.2953 0.8104 -0.5060
vn -0.4353 0.8941 -0.1051
vn 0.4353 0.8942 -0.1051
vn -0.2879 0.9443 0.1591
vn -0.3360 0.9221 -0.1919
vn 0.8515 0.2367 0.4679
vn -0.8166 0.2606 0.5151
vn -0.2831 0.9494 0.1357
vn -0.2794 0.9505 0.1359
vn -0.2858 0.9486 0.1356
vn -0.0440 0.9990 -0.0000
vn -0.0491 0.9988 -0.0000
vn -0.0404 0.9992 -0.0000
vn 0.4430 0.8875 0.1269
vn 0.4436 0.8872 0.1269
vn 0.4441 0.8870 0.1268
vn 0.3424 0.9396 -0.0000
vn 0.3890 0.9140 0.1148
vn 0.3890 0.9141 0.1148
vn 0.0749 0.9972 -0.0000
vn 0.0703 0.9975 -0.0000
vn 0.0670 0.9978 -0.0000
vn 0.8683 -0.0000 -0.4960
vn -0.0000 0.9548 0.2973
vn 0.3423 0.9396 -0.0000
vn -0.0000 0.4514 0.8923
vn -0.8150 0.4145 0.4050
vn -0.8165 0.4130 0.4033
vn -0.8139 0.4155 0.4061
vn 0.7776 0.4497 0.4394
vn 0.7778 0.4495 0.4393
vn -0.0000 0.9790 -0.2038
vn -0.0000 0.9861 0.1662
vn 0.8705 -0.0000 0.4921
vn -0.8945 0.0001 0.4470
vn -0.8942 -0.0000 0.4477
vn -0.8948 0.0001 0.4465
vn 0.2794 0.9505 0.1359
vn 0.2831 0.9494 0.1357
vn 0.2858 0.9486 0.1356
vn 0.0491 0.9988 -0.0000
vn 0.0440 0.9990 -0.0000
vn 0.0404 0.9992 -0.0000
vn -0.4436 0.8872 0.1269
vn -0.4430 0.8875 0.1269
vn -0.4441 0.8870 0.1268
vn -0.3424 0.9396 -0.0000
vn -0.3890 0.9140 0.1148
vn -0.3890 0.9141 0.1148
vn -0.0703 0.9975 -0.0000
vn -0.0749 0.9972 -0.0000
vn -0.0670 0.9978 -0.0000
vn -0.0000 0.9932 -0.1167
vn -0.3423 0.9396 -0.0000
vn 0.8165 0.4130 0.4033
vn 0.8150 0.4145 0.4050
vn 0.8139 0.4155 0.4061
vn -0.7778 0.4495 0.4393
vn -0.7778 0.4494 0.4393
vn -0.8706 -0.0000 0.4920
vn -0.8705 -0.0000 0.4921
vn 0.8948 0.0001 0.4465
vn -0.3616 0.9250 0.1162
vn -0.3611 0.9253 0.1162
vn -0.3615 0.9251 0.1162
vn -0.0000 0.9911 -0.1333
vn -0.0000 0.9911 -0.1329
vn -0.0000 0.9911 -0.1332
vn 0.1343 0.9648 0.2261
vn -0.1113 0.9921 0.0584
vn -0.2766 0.9513 0.1360
vn -0.0527 0.9986 -0.0000
vn 0.4425 0.8877 0.1270
vn 0.0782 0.9969 -0.0000
vn -0.8177 0.4120 0.4022
vn 0.8706 -0.0000 0.4920
vn -0.8939 -0.0000 0.4482
vn 0.2766 0.9513 0.1360
vn 0.0527 0.9986 -0.0000
vn -0.4425 0.8877 0.1270
vn -0.0782 0.9969 -0.0000
vn 0.8176 0.4120 0.4022
vn -0.7776 0.4497 0.4394
vn 0.8939 -0.0000 0.4482
vn -0.3622 0.9248 0.1162
vn -0.3611 0.9252 0.1163
vn -0.0001 0.9910 -0.1335
vn -0.0000 0.9910 -0.1335
vt 0.388221 0.453349
vt 0.397894 0.474342
vt 0.388221 0.474342
vt 0.397894 0.520092
vt 0.388121 0.520092
vt 0.388221 0.452701
vt 0.398294 0.425551
vt 0.398294 0.452701
vt 0.397894 0.600080
vt 0.388221 0.600080
vt 0.526384 0.474342
vt 0.416688 0.492700
vt 0.407734 0.474342
vt 0.526488 0.463130
vt 0.407823 0.462976
vt 0.406603 0.453126
vt 0.407214 0.453552
vt 0.526511 0.462355
vt 0.407214 0.462355
vt 0.527122 0.453122
vt 0.535430 0.425158
vt 0.535831 0.452441
vt 0.407192 0.452793
vt 0.526530 0.425158
vt 0.526515 0.452793
vt 0.398294 0.424760
vt 0.388221 0.389508
vt 0.398294 0.389508
vt 0.406403 0.389508
vt 0.407198 0.425158
vt 0.526530 0.389508
vt 0.535430 0.389508
vt 0.527322 0.425158
vt 0.527322 0.389508
vt 0.387437 0.474342
vt 0.306851 0.453094
vt 0.306937 0.474342
vt 0.380897 0.517459
vt 0.308189 0.518897
vt 0.545504 0.453094
vt 0.535831 0.474342
vt 0.545504 0.474342
vt 0.545504 0.425158
vt 0.387493 0.453094
vt 0.306837 0.425158
vt 0.545504 0.519174
vt 0.524556 0.493325
vt 0.387514 0.425158
vt 0.306837 0.389508
vt 0.545504 0.389508
vt 0.306569 0.519108
vt 0.308394 0.519073
vt 0.307024 0.519452
vt 0.546497 0.474342
vt 0.546945 0.453094
vt 0.546945 0.474342
vt 0.306569 0.453078
vt 0.306569 0.389508
vt 0.306569 0.425158
vt 0.306569 0.474342
vt 0.546497 0.453068
vt 0.546499 0.425158
vt 0.381448 0.517653
vt 0.546497 0.519108
vt 0.546499 0.389508
vt 0.397894 0.453349
vt 0.388221 0.425551
vt 0.524557 0.493325
vt 0.406403 0.425551
vt 0.526511 0.453552
vt 0.388221 0.424760
vt 0.406403 0.424760
vt 0.407198 0.389508
vt 0.535831 0.519174
vt 0.407774 0.462997
vt 0.387515 0.389508
vt 0.535831 0.519111
vt 0.407142 0.462812
vt 0.526921 0.462812
vt 0.534043 0.518465
vt 0.535831 0.519855
vt 0.406972 0.462882
vt 0.406803 0.462812
vt 0.524535 0.493835
vt 0.526921 0.493443
vt 0.545504 0.519855
vt 0.546945 0.518465
vt 0.398294 0.453961
vt 0.398294 0.474562
vt 0.406803 0.493835
vt 0.534043 0.453999
vt 0.534043 0.474391
vt 0.546945 0.474391
vt 0.406803 0.474342
vt 0.398294 0.474781
vt 0.534043 0.474342
vt 0.307163 0.520092
vt 0.526921 0.474342
vt 0.546945 0.425158
vt 0.546945 0.389508
vt 0.398294 0.520092
vt 0.535831 0.520092
vt 0.545923 0.519806
vt 0.545504 0.520092
s 1
usemtl マテリアル.005
f 3134/2024/1401 3138/2025/1401 3130/2026/1401
f 3130/2026/1402 3146/2027/1402 3136/2028/1402
f 3133/2029/1403 3164/2030/1403 3140/2031/1403
f 3136/2028/1404 3150/2032/1404 3151/2033/1404
f 3153/2034/1405 3147/2035/1405 3137/2036/1405
f 3145/2037/1405 3137/2036/1405 3142/2038/1405
f 3164/2030/1403 3155/2039/1403 3140/2031/1403
f 3154/2040/1402 3143/2041/1402 3141/2042/1402
f 3159/2043/1406 3124/2044/1406 3144/2045/1406
f 3156/2046/1405 3165/2047/1405 3158/2048/1405
f 3163/2049/1407 3174/2050/1407 3125/2051/1407
f 3173/2052/1407 3163/2049/1407 3125/2051/1407
f 3169/2053/1405 3171/2054/1405 3165/2047/1405
f 3126/2055/1406 3166/2056/1406 3170/2057/1406
f 3176/2058/1405 3178/2059/1405 3184/2060/1405
f 3197/2027/1402 3177/2026/1402 3186/2028/1402
f 3187/2025/1401 3180/2024/1401 3177/2026/1401
f 3185/2061/1405 3184/2060/1405 3203/2062/1405
f 3179/2063/1406 3205/2064/1406 3183/2065/1406
f 3213/2066/1406 3195/2045/1406 3179/2063/1406
f 3182/2067/1405 3212/2068/1405 3178/2059/1405
f 3217/2030/1403 3181/2029/1403 3192/2031/1403
f 3205/2064/1406 3201/2069/1406 3183/2065/1406
f 3199/2032/1404 3186/2028/1404 3202/2033/1404
f 3204/2034/1408 3196/2035/1408 3198/2070/1408
f 3194/2037/1408 3188/2036/1408 3204/2034/1408
f 3208/2039/1403 3217/2030/1403 3192/2031/1403
f 3193/2041/1402 3206/2040/1402 3191/2042/1402
f 3210/2043/1406 3127/2044/1406 3219/2056/1406
f 3207/2046/1408 3220/2047/1408 3222/2053/1408
f 3215/2071/1405 3231/2072/1405 3212/2068/1405
f 3129/2055/1406 3213/2066/1406 3230/2073/1406
f 3229/2050/1407 3218/2049/1407 3128/2051/1407
f 3218/2049/1407 3226/2052/1407 3128/2051/1407
f 3224/2054/1408 3222/2053/1408 3220/2047/1408
f 3219/2056/1406 3129/2055/1406 3225/2057/1406
f 3240/2074/1409 3241/2075/1409 3242/2076/1409
f 3235/2077/1410 3233/2078/1410 3234/2079/1410
f 3232/2080/1410 3237/2068/1410 3233/2059/1410
f 3239/2081/1410 3237/2068/1410 3236/2082/1410
f 3235/2083/1410 3241/2075/1410 3240/2074/1410
f 3232/2084/1406 3152/2064/1406 3144/2045/1406
f 3237/2068/1408 3132/2067/1408 3233/2059/1408
f 3233/2059/1408 3131/2058/1408 3234/2060/1408
f 3144/2045/1406 3236/2085/1406 3232/2084/1406
f 3234/2060/1408 3135/2086/1408 3241/2075/1408
f 3240/2087/1406 3152/2064/1406 3235/2077/1406
f 3238/2072/1408 3162/2071/1408 3237/2068/1408
f 3236/2085/1406 3126/2055/1406 3239/2088/1406
f 3134/2024/1401 3139/2089/1401 3138/2025/1401
f 3130/2026/1402 3138/2025/1402 3146/2027/1402
f 3133/2029/1403 3161/2090/1403 3164/2030/1403
f 3136/2028/1404 3146/2027/1404 3150/2032/1404
f 3153/2034/1405 3148/2091/1405 3147/2035/1405
f 3145/2037/1405 3153/2034/1405 3137/2036/1405
f 3164/2030/1403 3167/2092/1403 3155/2039/1403
f 3154/2040/1402 3157/2093/1402 3143/2041/1402
f 3159/2043/1406 3166/2056/1406 3124/2044/1406
f 3156/2046/1405 3169/2053/1405 3165/2047/1405
f 3163/2049/1407 3160/2094/1407 3174/2050/1407
f 3173/2052/1407 3168/2095/1407 3163/2049/1407
f 3169/2053/1405 3172/2096/1405 3171/2054/1405
f 3126/2055/1406 3124/2044/1406 3166/2056/1406
f 3176/2058/1405 3182/2067/1405 3178/2059/1405
f 3197/2027/1402 3187/2025/1402 3177/2026/1402
f 3187/2025/1401 3189/2089/1401 3180/2024/1401
f 3185/2061/1405 3176/2058/1405 3184/2060/1405
f 3179/2063/1406 3195/2045/1406 3205/2064/1406
f 3213/2066/1406 3127/2044/1406 3195/2045/1406
f 3182/2067/1405 3215/2071/1405 3212/2068/1405
f 3217/2030/1403 3216/2090/1403 3181/2029/1403
f 3205/2064/1406 3200/2097/1406 3201/2069/1406
f 3199/2032/1404 3197/2027/1404 3186/2028/1404
f 3204/2034/1408 3188/2036/1408 3196/2035/1408
f 3194/2037/1408 3190/2098/1408 3188/2036/1408
f 3208/2039/1403 3221/2092/1403 3217/2030/1403
f 3193/2041/1402 3209/2093/1402 3206/2040/1402
f 3210/2043/1406 3195/2045/1406 3127/2044/1406
f 3207/2046/1408 3211/2048/1408 3220/2047/1408
f 3215/2071/1405 3228/2099/1405 3231/2072/1405
f 3129/2055/1406 3127/2044/1406 3213/2066/1406
f 3229/2050/1407 3214/2094/1407 3218/2049/1407
f 3218/2049/1407 3223/2095/1407 3226/2052/1407
f 3224/2054/1408 3227/2096/1408 3222/2053/1408
f 3219/2056/1406 3127/2044/1406 3129/2055/1406
f 3235/2077/1410 3232/2084/1410 3233/2078/1410
f 3232/2080/1410 3236/2082/1410 3237/2068/1410
f 3239/2081/1410 3238/2072/1410 3237/2068/1410
f 3235/2083/1410 3234/2060/1410 3241/2075/1410
f 3232/2084/1406 3235/2077/1406 3152/2064/1406
f 3237/2068/1408 3162/2071/1408 3132/2067/1408
f 3233/2059/1408 3132/2067/1408 3131/2058/1408
f 3144/2045/1406 3124/2044/1406 3236/2085/1406
f 3234/2060/1408 3131/2058/1408 3135/2086/1408
f 3240/2087/1406 3149/2100/1406 3152/2064/1406
f 3238/2072/1408 3175/2099/1408 3162/2071/1408
f 3236/2085/1406 3124/2044/1406 3126/2055/1406
f 3132/2067/1411 3133/2029/1411 3134/2024/1411
f 3139/2101/1412 3141/2042/1412 3142/2038/1412
f 3143/2041/1413 3144/2102/1413 3145/2037/1413
f 3148/2103/1414 3149/2100/1414 3150/2104/1414
f 3154/2040/1415 3155/2039/1415 3156/2046/1415
f 3157/2093/1416 3158/2048/1416 3159/2043/1416
f 3160/2094/1417 3161/2090/1417 3162/2071/1417
f 3167/2092/1418 3168/2095/1418 3169/2053/1418
f 3180/2024/1419 3181/2029/1419 3182/2067/1419
f 3189/2105/1420 3191/2042/1420 3192/2106/1420
f 3193/2041/1421 3194/2037/1421 3195/2102/1421
f 3198/2070/1422 3199/2107/1422 3200/2108/1422
f 3201/2069/1423 3202/2109/1423 3203/2110/1423
f 3206/2040/1424 3207/2046/1424 3208/2039/1424
f 3209/2093/1425 3210/2043/1425 3211/2048/1425
f 3214/2094/1426 3215/2071/1426 3216/2090/1426
f 3221/2092/1427 3222/2053/1427 3223/2095/1427
f 3132/2067/1428 3130/2026/1429 3131/2058/1430
f 3136/2028/1431 3131/2058/1432 3130/2026/1433
f 3138/2025/1434 3142/2111/1435 3137/2112/1436
f 3142/2038/1437 3143/2041/1437 3145/2037/1437
f 3147/2035/1438 3150/2107/1439 3146/2113/1438
f 3137/2112/1440 3146/2027/1441 3138/2025/1442
f 3145/2114/1443 3152/2064/1443 3153/2115/1443
f 3139/2089/1444 3133/2029/1444 3140/2031/1444
f 3148/2103/1443 3152/2064/1443 3149/2100/1443
f 3154/2040/1445 3158/2048/1437 3157/2093/1437
f 3161/2090/1446 3163/2049/1446 3164/2030/1446
f 3133/2029/1447 3162/2071/1448 3161/2090/1449
f 3159/2043/1443 3165/2047/1443 3166/2056/1443
f 3167/2092/1450 3156/2046/1451 3155/2039/1451
f 3159/2043/1452 3143/2041/1452 3157/2093/1452
f 3155/2039/1453 3141/2042/1453 3140/2106/1453
f 3168/2095/1446 3164/2030/1446 3163/2049/1446
f 3172/2096/1454 3168/2095/1454 3173/2052/1454
f 3166/2056/1443 3171/2054/1443 3170/2057/1443
f 3175/2099/1455 3160/2094/1456 3162/2071/1457
f 3177/2026/1458 3182/2067/1459 3176/2058/1460
f 3176/2058/1461 3186/2028/1462 3177/2026/1463
f 3178/2078/1443 3183/2065/1443 3184/2116/1443
f 3190/2098/1464 3187/2117/1465 3188/2036/1466
f 3193/2041/1467 3190/2098/1467 3194/2037/1467
f 3199/2107/1468 3196/2035/1469 3197/2113/1469
f 3197/2027/1470 3188/2118/1471 3187/2025/1472
f 3205/2064/1410 3194/2114/1410 3204/2119/1410
f 3181/2029/1444 3189/2089/1444 3192/2031/1444
f 3200/2097/1473 3202/2109/1473 3201/2069/1473
f 3185/2061/1438 3202/2120/1439 3186/2028/1438
f 3205/2121/1410 3198/2070/1410 3200/2108/1410
f 3203/2110/1443 3183/2065/1443 3201/2069/1443
f 3211/2048/1467 3206/2040/1474 3209/2093/1467
f 3214/2094/1446 3217/2030/1446 3218/2049/1446
f 3212/2122/1443 3179/2063/1443 3178/2078/1443
f 3215/2071/1475 3181/2029/1476 3216/2090/1477
f 3211/2048/1410 3219/2056/1410 3220/2047/1410
f 3207/2046/1478 3221/2092/1479 3208/2039/1478
f 3193/2041/1452 3210/2043/1452 3209/2093/1452
f 3191/2042/1453 3208/2039/1453 3192/2106/1453
f 3221/2092/1446 3218/2049/1446 3217/2030/1446
f 3223/2095/1480 3227/2096/1481 3226/2052/1481
f 3220/2047/1410 3225/2057/1410 3224/2054/1410
f 3214/2094/1482 3228/2099/1482 3215/2071/1482
f 3231/2123/1443 3213/2066/1443 3212/2122/1443
f 3151/2120/1483 3241/2075/1484 3135/2086/1485
f 3150/2104/1486 3149/2100/1487 3240/2087/1488
f 3139/2101/1489 3140/2106/1489 3141/2042/1489
f 3189/2105/1490 3190/2098/1490 3191/2042/1490
f 3132/2067/1428 3134/2024/1491 3130/2026/1429
f 3136/2028/1431 3135/2086/1492 3131/2058/1432
f 3138/2025/1434 3139/2089/1493 3142/2111/1435
f 3142/2038/1437 3141/2042/1437 3143/2041/1437
f 3147/2035/1438 3148/2091/1439 3150/2107/1439
f 3137/2112/1440 3147/2124/1494 3146/2027/1441
f 3145/2114/1443 3144/2045/1443 3152/2064/1443
f 3139/2089/1444 3134/2024/1444 3133/2029/1444
f 3148/2103/1443 3153/2115/1443 3152/2064/1443
f 3154/2040/1445 3156/2046/1445 3158/2048/1437
f 3161/2090/1446 3160/2094/1446 3163/2049/1446
f 3133/2029/1447 3132/2067/1495 3162/2071/1448
f 3159/2043/1443 3158/2048/1443 3165/2047/1443
f 3167/2092/1450 3169/2053/1450 3156/2046/1451
f 3159/2043/1452 3144/2102/1452 3143/2041/1452
f 3155/2039/1453 3154/2040/1453 3141/2042/1453
f 3168/2095/1446 3167/2092/1446 3164/2030/1446
f 3172/2096/1496 3169/2053/1496 3168/2095/1496
f 3166/2056/1443 3165/2047/1443 3171/2054/1443
f 3175/2099/1455 3174/2050/1497 3160/2094/1456
f 3177/2026/1458 3180/2024/1498 3182/2067/1459
f 3176/2058/1461 3185/2061/1499 3186/2028/1462
f 3178/2078/1443 3179/2063/1443 3183/2065/1443
f 3190/2098/1464 3189/2105/1500 3187/2117/1465
f 3193/2041/1467 3191/2042/1467 3190/2098/1467
f 3199/2107/1468 3198/2070/1468 3196/2035/1469
f 3197/2027/1470 3196/2124/1501 3188/2118/1471
f 3205/2064/1410 3195/2045/1410 3194/2114/1410
f 3181/2029/1444 3180/2024/1444 3189/2089/1444
f 3200/2097/1473 3199/2125/1473 3202/2109/1473
f 3185/2061/1438 3203/2062/1439 3202/2120/1439
f 3205/2121/1410 3204/2034/1410 3198/2070/1410
f 3203/2110/1443 3184/2116/1443 3183/2065/1443
f 3211/2048/1467 3207/2046/1474 3206/2040/1474
f 3214/2094/1446 3216/2090/1446 3217/2030/1446
f 3212/2122/1443 3213/2066/1443 3179/2063/1443
f 3215/2071/1475 3182/2067/1502 3181/2029/1476
f 3211/2048/1410 3210/2043/1410 3219/2056/1410
f 3207/2046/1478 3222/2053/1503 3221/2092/1479
f 3193/2041/1452 3195/2102/1452 3210/2043/1452
f 3191/2042/1453 3206/2040/1453 3208/2039/1453
f 3221/2092/1446 3223/2095/1446 3218/2049/1446
f 3223/2095/1480 3222/2053/1480 3227/2096/1481
f 3220/2047/1410 3219/2056/1410 3225/2057/1410
f 3214/2094/1504 3229/2050/1504 3228/2099/1504
f 3231/2123/1443 3230/2073/1443 3213/2066/1443
f 3135/2086/1485 3136/2028/1505 3151/2120/1483
f 3151/2120/1483 3242/2076/1506 3241/2075/1484
f 3242/2126/1507 3151/2127/1508 3240/2087/1488
f 3151/2127/1508 3150/2104/1486 3240/2087/1488
o 立方体.009
v 2.133807 0.547828 4.864498
v 2.133807 0.980847 4.864498
v 2.566826 0.980847 4.864498
v 2.566826 0.547828 4.864498
v 2.133807 0.547828 4.741091
v 2.133807 0.980847 4.741091
v 2.566826 0.980847 4.741091
v 2.566826 0.547828 4.741091
v 2.215599 0.629620 4.741091
v 2.215599 0.899055 4.741091
v 2.485034 0.899055 4.741091
v 2.485034 0.629620 4.741091
v 2.159797 0.764338 4.741091
v 2.540836 0.764338 4.741091
v 2.350316 0.573818 4.741091
v 2.350316 0.954857 4.741091
v 2.350316 0.764338 4.794634
v 2.159797 0.764338 4.778110
v 2.177682 0.764338 4.794634
v 2.228245 0.886408 4.794634
v 2.215599 0.899055 4.778110
v 2.540836 0.764338 4.778110
v 2.522950 0.764338 4.794634
v 2.472387 0.642267 4.794634
v 2.485034 0.629620 4.778110
v 2.350316 0.591704 4.794634
v 2.350316 0.573818 4.778110
v 2.350316 0.936972 4.794634
v 2.350316 0.954857 4.778110
v 2.215599 0.629620 4.778110
v 2.228245 0.642267 4.794634
v 2.485034 0.899055 4.778110
v 2.472387 0.886408 4.794634
v 2.133807 0.764338 4.864498
v 2.133807 0.764338 4.741091
v 2.350316 0.488292 4.864498
v 2.350316 0.547828 4.864498
v 2.350316 0.547828 4.741091
v 2.566826 0.764338 4.864498
v 2.566826 0.764338 4.741091
v 2.350330 0.616158 3.551208
v 2.350327 0.980847 4.864498
v 2.350327 0.980847 4.741091
v -2.133806 0.547828 4.741092
v -2.133806 0.980847 4.741092
v -2.566825 0.980847 4.741092
v -2.566825 0.547828 4.741092
v -2.215598 0.629620 4.741092
v -2.215598 0.899055 4.741092
v -2.485034 0.899055 4.741092
v -2.485034 0.629620 4.741092
v -2.159797 0.764338 4.741092
v -2.540835 0.764338 4.741092
v -2.350316 0.573818 4.741092
v -2.350316 0.954857 4.741092
v -2.350316 0.764338 4.794634
v -2.159797 0.764338 4.778111
v -2.177682 0.764338 4.794634
v -2.228245 0.886408 4.794634
v -2.215598 0.899055 4.778111
v -2.540835 0.764338 4.778111
v -2.522950 0.764338 4.794634
v -2.472387 0.642267 4.794634
v -2.485034 0.629620 4.778111
v -2.350316 0.591704 4.794634
v -2.350316 0.573818 4.778111
v -2.350316 0.936972 4.794634
v -2.350316 0.954857 4.778111
v -2.215598 0.629620 4.778111
v -2.228245 0.642267 4.794634
v -2.485034 0.899055 4.778111
v -2.472387 0.886408 4.794634
v -2.133806 0.764338 4.741092
v -2.350316 0.488292 4.864499
v -2.350316 0.547828 4.741092
v -2.566825 0.764338 4.741092
v -2.350330 0.616158 3.551209
v -2.350327 0.980847 4.741092
v 2.090891 0.504912 4.864498
v 2.074271 0.489910 4.847878
v 2.090891 0.488292 4.864498
v 2.074271 1.017549 4.847878
v 2.090891 1.023763 4.864498
v 2.090891 1.035274 4.848683
v 2.074271 0.612113 3.592754
v 2.090891 0.616158 3.551208
v 2.626362 0.489910 4.847878
v 2.609742 0.504912 4.864498
v 2.609742 0.488292 4.864498
v 2.609742 1.035274 4.848683
v 2.609742 1.023763 4.864498
v 2.626362 1.017549 4.847878
v 2.609742 0.616158 3.551208
v 2.626362 0.612113 3.592754
v 2.074271 0.764338 4.847878
v 2.090891 0.764338 4.864498
v 2.626362 0.764338 4.847878
v 2.609742 0.764338 4.864498
v 2.350329 1.023763 4.864498
v 2.350330 1.035274 4.848683
v -2.074271 0.489910 4.847879
v -2.090890 0.504912 4.864499
v -2.090890 0.488292 4.864499
v -2.074271 1.017549 4.847879
v -2.090890 1.035274 4.848684
v -2.090890 1.023763 4.864499
v -2.090890 0.616158 3.551209
v -2.074271 0.612113 3.592755
v -2.609742 0.504912 4.864499
v -2.626361 0.489910 4.847879
v -2.609742 0.488292 4.864499
v -2.609742 1.035274 4.848684
v -2.626361 1.017549 4.847879
v -2.609742 1.023763 4.864499
v -2.626361 0.612113 3.592755
v -2.609742 0.616158 3.551209
v -2.117187 0.531208 4.864499
v -2.133806 0.547828 4.847879
v -2.117187 0.997467 4.864499
v -2.133806 0.980847 4.847879
v -2.566825 0.980847 4.847879
v -2.583445 0.997467 4.864499
v -2.583445 0.531208 4.864499
v -2.566825 0.547828 4.847879
v -2.090890 0.764338 4.864499
v -2.074271 0.764338 4.847879
v -2.133806 0.764338 4.847879
v -2.117187 0.764338 4.864499
v -2.350316 0.531208 4.864499
v -2.350316 0.547828 4.847879
v -2.609742 0.764338 4.864499
v -2.626361 0.764338 4.847879
v -2.566825 0.764338 4.847879
v -2.583445 0.764338 4.864499
v -2.350330 1.035274 4.848684
v -2.350329 1.023763 4.864499
v -2.350328 0.997467 4.864499
v -2.350327 0.980847 4.847879
vn -0.0000 1.0000 -0.0000
vn -0.0000 -0.0000 1.0000
vn 1.0000 -0.0000 -0.0000
vn -0.0000 -1.0000 -0.0000
vn -1.0000 -0.0000 -0.0000
vn -0.0000 0.9516 -0.3074
vn -0.0000 -0.0000 -1.0000
vn -0.0000 1.0000 0.0001
vn -0.0000 1.0000 -0.0001
vn -0.6533 0.2706 0.7071
vn 0.6533 -0.2706 0.7071
vn 0.2706 -0.6533 0.7071
vn -0.2706 0.6533 0.7071
vn -0.6533 -0.2706 0.7071
vn 0.6533 0.2706 0.7071
vn 0.6532 0.2706 0.7071
vn -0.2706 -0.6533 0.7071
vn 0.2706 0.6533 0.7071
vn -0.9239 0.3827 -0.0000
vn -0.9239 -0.3827 -0.0000
vn -0.3827 0.9239 -0.0000
vn 0.9239 0.3827 -0.0000
vn 0.9239 -0.3827 -0.0000
vn 0.3827 -0.9239 -0.0000
vn -0.3827 -0.9239 -0.0000
vn 0.3827 0.9239 -0.0000
vn 0.2706 -0.6532 0.7071
vn -0.7071 -0.0000 0.7071
vn -0.6651 0.6037 0.4394
vn 0.7071 -0.0000 0.7071
vn 0.6651 0.6037 0.4394
vn 0.6652 0.6037 0.4394
vn -0.6652 0.6037 0.4394
vn 0.7071 0.6729 -0.2174
vn -0.0000 0.8085 0.5885
vn -0.7071 0.6729 -0.2174
vn -0.7071 0.6729 -0.2173
vn -0.0000 0.7071 0.7071
vn -0.0000 -0.7071 0.7071
vn 0.7071 0.6728 -0.2174
vn 0.7071 0.6729 -0.2173
vt 0.523565 0.672714
vt 0.515215 0.656800
vt 0.523565 0.656800
vt 0.510422 0.672714
vt 0.510422 0.656800
vt 0.523565 0.640885
vt 0.515215 0.607135
vt 0.523565 0.607135
vt 0.523565 0.766076
vt 0.515215 0.750161
vt 0.523565 0.750161
vt 0.523565 0.734247
vt 0.515215 0.706463
vt 0.523565 0.706463
vt 0.510422 0.579352
vt 0.510422 0.607135
vt 0.510422 0.766076
vt 0.510422 0.750161
vt 0.510422 0.734247
vt 0.510422 0.706463
vt 0.515215 0.672714
vt 0.510422 0.640885
vt 0.515215 0.640885
vt 0.515215 0.734247
vt 0.515215 0.579352
vt 0.523565 0.579352
vt 0.515215 0.766076
vt 0.528600 0.640885
vt 0.550038 0.607789
vt 0.550609 0.640885
vt 0.527410 0.607135
vt 0.528428 0.656800
vt 0.527071 0.579352
vt 0.576783 0.672714
vt 0.564453 0.706057
vt 0.564453 0.672714
vt 0.527071 0.750161
vt 0.550038 0.705810
vt 0.528600 0.672714
vt 0.550609 0.672714
vt 0.527410 0.706463
vt 0.527071 0.672714
vt 0.528428 0.671755
vt 0.551926 0.706057
vt 0.552123 0.672714
vt 0.527071 0.734247
vt 0.530082 0.609343
vt 0.524923 0.640885
vt 0.524923 0.656800
vt 0.527071 0.640885
vt 0.524923 0.579352
vt 0.524923 0.766076
vt 0.527071 0.766076
vt 0.524923 0.672714
vt 0.524923 0.734247
vt 0.522441 0.640885
vt 0.522441 0.607136
vt 0.522441 0.656800
vt 0.522441 0.766076
vt 0.522441 0.750161
vt 0.522441 0.579352
vt 0.522441 0.734247
vt 0.522441 0.706463
vt 0.522441 0.672714
vt 0.528428 0.641843
vt 0.576783 0.706057
vt 0.530082 0.704255
vt 0.524923 0.607135
vt 0.524923 0.750161
vt 0.524923 0.706463
vt 0.521800 0.153725
vt 0.517182 0.145489
vt 0.518389 0.145489
vt 0.538271 0.137254
vt 0.542888 0.145489
vt 0.541682 0.145489
vt 0.539124 0.136401
vt 0.530035 0.133843
vt 0.530035 0.132636
vt 0.520947 0.154578
vt 0.530035 0.157136
vt 0.530035 0.158342
vt 0.521800 0.137254
vt 0.520947 0.136401
vt 0.538271 0.153725
vt 0.539124 0.154578
vt 0.530035 0.145489
vt 0.549954 0.607135
vt 0.551333 0.607542
vt 0.550677 0.706463
vt 0.564453 0.706463
vt 0.576783 0.706463
vt 0.551333 0.640885
s 1
usemtl マテリアル.005
f 3246/2128/1509 3280/2129/1509 3279/2130/1509
f 3280/2129/1510 3254/2131/1510 3257/2132/1510
f 3243/2133/1511 3277/2134/1511 3276/2135/1511
f 3244/2136/1512 3285/2137/1512 3284/2138/1512
f 3245/2139/1513 3282/2140/1513 3281/2141/1513
f 3252/2142/1510 3277/2134/1510 3255/2143/1510
f 3285/2137/1510 3252/2144/1510 3258/2145/1510
f 3282/2140/1510 3253/2146/1510 3256/2147/1510
f 3282/2140/1510 3254/2131/1510 3250/2148/1510
f 3281/2141/1513 3250/2148/1513 3246/2128/1513
f 3280/2129/1510 3251/2149/1510 3247/2150/1510
f 3284/2138/1512 3249/2151/1512 3245/2139/1512
f 3276/2135/1511 3248/2152/1511 3244/2153/1511
f 3279/2130/1509 3247/2150/1509 3243/2133/1509
f 3277/2134/1510 3251/2149/1510 3255/2143/1510
f 3285/2137/1510 3253/2146/1510 3249/2151/1510
f 3317/2129/1510 3293/2131/1510 3289/2148/1510
f 3291/2142/1510 3315/2134/1510 3287/2152/1510
f 3320/2137/1510 3291/2144/1510 3287/2154/1510
f 3318/2140/1510 3292/2146/1510 3288/2151/1510
f 3293/2131/1510 3318/2140/1510 3289/2148/1510
f 3290/2149/1510 3317/2129/1510 3286/2150/1510
f 3315/2134/1510 3290/2149/1510 3286/2150/1510
f 3292/2146/1510 3320/2137/1510 3288/2151/1510
f 3322/2155/1513 3324/2156/1513 3327/2157/1513
f 3338/2158/1510 3243/2133/1510 3276/2135/1510
f 3278/2159/1510 3279/2130/1510 3243/2133/1510
f 3338/2158/1510 3244/2153/1510 3325/2160/1510
f 3328/2161/1514 3342/2162/1514 3283/2163/1514
f 3341/2164/1510 3244/2136/1510 3284/2138/1510
f 3334/2165/1511 3329/2166/1511 3336/2167/1511
f 3340/2168/1510 3246/2128/1510 3330/2169/1510
f 3331/2170/1510 3330/2169/1510 3246/2128/1510
f 3283/2163/1514 3332/2171/1514 3335/2172/1514
f 3340/2168/1510 3245/2139/1510 3281/2141/1510
f 3341/2164/1510 3245/2139/1510 3333/2173/1510
s 0
f 3343/2155/1515 3346/2156/1515 3368/2174/1515
s 1
f 3359/2175/1510 3371/2176/1510 3316/2159/1510
f 3367/2158/1510 3359/2175/1510 3344/2177/1510
f 3361/2178/1510 3367/2158/1510 3348/2160/1510
f 3377/2162/1514 3349/2161/1514 3319/2163/1514
f 3378/2164/1510 3361/2179/1510 3348/2180/1510
f 3352/2166/1513 3355/2165/1513 3357/2167/1513
f 3365/2181/1510 3351/2169/1510 3353/2170/1510
f 3365/2181/1510 3373/2168/1510 3351/2169/1510
f 3354/2171/1514 3319/2163/1514 3358/2172/1514
f 3364/2182/1510 3378/2164/1510 3356/2173/1510
f 3373/2168/1510 3364/2182/1510 3356/2173/1510
f 3315/2134/1513 3360/2183/1513 3369/2184/1513
f 3286/2150/1509 3372/2185/1509 3360/2183/1509
f 3320/2137/1512 3362/2186/1512 3380/2187/1512
f 3287/2152/1513 3369/2184/1513 3362/2188/1513
f 3288/2151/1512 3380/2187/1512 3363/2189/1512
f 3318/2140/1511 3363/2189/1511 3375/2190/1511
f 3317/2129/1509 3366/2191/1509 3372/2185/1509
f 3289/2148/1511 3375/2190/1511 3366/2191/1511
f 3246/2128/1509 3250/2148/1509 3280/2129/1509
f 3280/2129/1510 3250/2148/1510 3254/2131/1510
f 3243/2133/1511 3247/2150/1511 3277/2134/1511
f 3244/2136/1512 3248/2154/1512 3285/2137/1512
f 3245/2139/1513 3249/2151/1513 3282/2140/1513
f 3252/2142/1510 3248/2152/1510 3277/2134/1510
f 3285/2137/1510 3248/2154/1510 3252/2144/1510
f 3282/2140/1510 3249/2151/1510 3253/2146/1510
f 3282/2140/1510 3256/2147/1510 3254/2131/1510
f 3281/2141/1513 3282/2140/1513 3250/2148/1513
f 3280/2129/1510 3257/2132/1510 3251/2149/1510
f 3284/2138/1512 3285/2137/1512 3249/2151/1512
f 3276/2135/1511 3277/2134/1511 3248/2152/1511
f 3279/2130/1509 3280/2129/1509 3247/2150/1509
f 3277/2134/1510 3247/2150/1510 3251/2149/1510
f 3285/2137/1510 3258/2145/1510 3253/2146/1510
f 3317/2129/1510 3296/2132/1510 3293/2131/1510
f 3291/2142/1510 3294/2143/1510 3315/2134/1510
f 3320/2137/1510 3297/2145/1510 3291/2144/1510
f 3318/2140/1510 3295/2147/1510 3292/2146/1510
f 3293/2131/1510 3295/2147/1510 3318/2140/1510
f 3290/2149/1510 3296/2132/1510 3317/2129/1510
f 3315/2134/1510 3294/2143/1510 3290/2149/1510
f 3292/2146/1510 3297/2145/1510 3320/2137/1510
s 0
f 3322/2155/1509 3337/2174/1509 3324/2156/1516
s 1
f 3338/2158/1510 3321/2177/1510 3243/2133/1510
f 3243/2133/1510 3321/2177/1510 3323/2192/1510
f 3323/2192/1510 3278/2159/1510 3243/2133/1510
f 3338/2158/1510 3276/2135/1510 3244/2153/1510
f 3328/2161/1514 3326/2193/1514 3342/2162/1514
f 3341/2164/1510 3325/2180/1510 3244/2136/1510
s 0
f 3334/2165/1517 3339/2194/1509 3329/2166/1509
s 1
f 3340/2168/1510 3281/2141/1510 3246/2128/1510
f 3279/2130/1510 3278/2159/1510 3246/2128/1510
f 3278/2159/1510 3331/2170/1510 3246/2128/1510
f 3283/2163/1514 3342/2162/1514 3332/2171/1514
f 3340/2168/1510 3333/2173/1510 3245/2139/1510
f 3341/2164/1510 3284/2138/1510 3245/2139/1510
f 3343/2155/1511 3350/2157/1511 3346/2156/1511
f 3316/2159/1510 3345/2192/1510 3359/2175/1510
f 3345/2192/1510 3344/2177/1510 3359/2175/1510
f 3367/2158/1510 3370/2195/1510 3359/2175/1510
f 3361/2178/1510 3370/2195/1510 3367/2158/1510
f 3377/2162/1514 3347/2193/1514 3349/2161/1514
f 3378/2164/1510 3379/2196/1510 3361/2179/1510
s 0
f 3352/2166/1509 3374/2194/1509 3355/2165/1516
s 1
f 3353/2170/1510 3316/2159/1510 3365/2181/1510
f 3316/2159/1510 3371/2176/1510 3365/2181/1510
f 3365/2181/1510 3376/2197/1510 3373/2168/1510
f 3354/2171/1514 3377/2162/1514 3319/2163/1514
f 3364/2182/1510 3379/2196/1510 3378/2164/1510
f 3373/2168/1510 3376/2197/1510 3364/2182/1510
f 3315/2134/1513 3286/2150/1513 3360/2183/1513
f 3286/2150/1509 3317/2129/1509 3372/2185/1509
f 3320/2137/1512 3287/2154/1512 3362/2186/1512
f 3287/2152/1513 3315/2134/1513 3369/2184/1513
f 3288/2151/1512 3320/2137/1512 3380/2187/1512
f 3318/2140/1511 3288/2151/1511 3363/2189/1511
f 3317/2129/1509 3289/2148/1509 3366/2191/1509
f 3289/2148/1511 3318/2140/1511 3375/2190/1511
f 3262/2198/1518 3260/2199/1518 3261/2200/1518
f 3266/2201/1519 3264/2202/1519 3265/2203/1519
f 3267/2204/1520 3268/2205/1520 3269/2206/1520
f 3263/2207/1521 3270/2208/1521 3271/2209/1521
f 3273/2210/1522 3260/2199/1522 3272/2211/1522
f 3275/2212/1523 3264/2202/1524 3274/2213/1523
f 3272/2211/1525 3268/2205/1525 3273/2210/1525
f 3274/2213/1526 3270/2208/1526 3275/2212/1526
f 3255/2199/1527 3263/2207/1527 3252/2207/1527
f 3259/2214/1510 3273/2210/1510 3268/2205/1510
f 3259/2214/1510 3262/2198/1510 3261/2200/1510
f 3251/2211/1528 3260/2199/1528 3255/2199/1528
f 3252/2207/1529 3271/2209/1529 3258/2209/1529
f 3253/2213/1530 3264/2202/1530 3256/2202/1530
f 3256/2202/1531 3267/2204/1531 3254/2204/1531
f 3275/2212/1510 3259/2214/1510 3265/2203/1510
f 3266/2201/1510 3259/2214/1510 3268/2205/1510
f 3254/2204/1532 3269/2206/1532 3257/2206/1532
f 3257/2206/1533 3272/2211/1533 3251/2211/1533
f 3258/2209/1534 3274/2213/1534 3253/2213/1534
f 3299/2199/1523 3301/2198/1523 3300/2200/1523
f 3303/2202/1522 3305/2201/1522 3304/2203/1522
f 3307/2205/1525 3306/2204/1525 3308/2206/1525
f 3310/2209/1526 3301/2198/1526 3302/2207/1526
f 3312/2210/1519 3299/2199/1519 3300/2200/1519
f 3314/2212/1518 3303/2202/1518 3304/2203/1518
f 3312/2210/1520 3308/2206/1535 3311/2211/1520
f 3313/2213/1521 3309/2208/1521 3310/2209/1521
f 3302/2207/1530 3294/2199/1530 3291/2207/1530
f 3312/2210/1510 3298/2214/1510 3307/2205/1510
f 3298/2214/1510 3301/2198/1510 3309/2208/1510
f 3299/2199/1531 3290/2211/1531 3294/2199/1531
f 3310/2209/1534 3291/2207/1534 3297/2209/1534
f 3303/2202/1527 3292/2213/1527 3295/2202/1527
f 3306/2204/1528 3295/2202/1528 3293/2204/1528
f 3298/2214/1510 3314/2212/1510 3304/2203/1510
f 3305/2201/1510 3298/2214/1510 3304/2203/1510
f 3308/2206/1533 3293/2204/1533 3296/2206/1533
f 3311/2211/1532 3296/2206/1532 3290/2211/1532
f 3313/2213/1529 3297/2209/1529 3292/2213/1529
f 3262/2198/1518 3263/2207/1518 3260/2199/1518
f 3266/2201/1519 3267/2204/1519 3264/2202/1519
f 3267/2204/1520 3266/2201/1520 3268/2205/1520
f 3263/2207/1521 3262/2198/1521 3270/2208/1521
f 3273/2210/1522 3261/2200/1522 3260/2199/1522
f 3275/2212/1523 3265/2203/1524 3264/2202/1524
f 3272/2211/1525 3269/2206/1525 3268/2205/1525
f 3274/2213/1526 3271/2209/1526 3270/2208/1526
f 3255/2199/1527 3260/2199/1527 3263/2207/1527
f 3259/2214/1510 3261/2200/1510 3273/2210/1510
f 3259/2214/1510 3270/2208/1510 3262/2198/1510
f 3251/2211/1528 3272/2211/1528 3260/2199/1528
f 3252/2207/1529 3263/2207/1529 3271/2209/1529
f 3253/2213/1530 3274/2213/1530 3264/2202/1530
f 3256/2202/1531 3264/2202/1531 3267/2204/1531
f 3275/2212/1510 3270/2208/1510 3259/2214/1510
f 3266/2201/1510 3265/2203/1510 3259/2214/1510
f 3254/2204/1532 3267/2204/1532 3269/2206/1532
f 3257/2206/1533 3269/2206/1533 3272/2211/1533
f 3258/2209/1534 3271/2209/1534 3274/2213/1534
f 3299/2199/1523 3302/2207/1523 3301/2198/1523
f 3303/2202/1522 3306/2204/1522 3305/2201/1522
f 3307/2205/1525 3305/2201/1525 3306/2204/1525
f 3310/2209/1526 3309/2208/1526 3301/2198/1526
f 3312/2210/1519 3311/2211/1519 3299/2199/1519
f 3314/2212/1518 3313/2213/1518 3303/2202/1518
f 3312/2210/1520 3307/2205/1535 3308/2206/1535
f 3313/2213/1521 3314/2212/1521 3309/2208/1521
f 3302/2207/1530 3299/2199/1530 3294/2199/1530
f 3312/2210/1510 3300/2200/1510 3298/2214/1510
f 3298/2214/1510 3300/2200/1510 3301/2198/1510
f 3299/2199/1531 3311/2211/1531 3290/2211/1531
f 3310/2209/1534 3302/2207/1534 3291/2207/1534
f 3303/2202/1527 3313/2213/1527 3292/2213/1527
f 3306/2204/1528 3303/2202/1528 3295/2202/1528
f 3298/2214/1510 3309/2208/1510 3314/2212/1510
f 3305/2201/1510 3307/2205/1510 3298/2214/1510
f 3308/2206/1533 3306/2204/1533 3293/2204/1533
f 3311/2211/1532 3308/2206/1532 3296/2206/1532
f 3313/2213/1529 3310/2209/1529 3297/2209/1529
f 3321/2177/1536 3322/2155/1536 3323/2192/1536
f 3324/2156/1537 3325/2215/1537 3326/2216/1537
f 3329/2166/1538 3330/2169/1538 3331/2170/1538
f 3332/2171/1539 3333/2217/1539 3334/2165/1539
f 3343/2155/1538 3344/2177/1538 3345/2192/1538
f 3346/2156/1540 3347/2216/1540 3348/2215/1540
f 3351/2169/1536 3352/2166/1536 3353/2170/1536
f 3354/2171/1541 3355/2165/1541 3356/2217/1541
f 3338/2158/1536 3324/2156/1536 3337/2174/1536
f 3332/2171/1542 3336/2167/1542 3335/2172/1542
f 3330/2169/1538 3339/2194/1538 3340/2168/1538
f 3326/2193/1543 3341/2218/1543 3342/2162/1543
f 3340/2168/1538 3334/2165/1538 3333/2217/1538
f 3342/2162/1543 3333/2217/1543 3332/2171/1543
f 3326/2216/1544 3327/2157/1544 3324/2156/1544
f 3321/2177/1536 3337/2174/1536 3322/2155/1536
f 3346/2156/1538 3367/2158/1538 3368/2174/1538
f 3357/2167/1545 3354/2171/1545 3358/2172/1545
f 3374/2194/1536 3351/2169/1536 3373/2168/1536
f 3378/2218/1543 3347/2193/1543 3377/2162/1543
f 3370/2195/1536 3362/2188/1536 3369/2184/1536
f 3376/2197/1538 3366/2191/1538 3375/2190/1538
f 3366/2191/1546 3371/2176/1546 3372/2185/1546
f 3362/2186/1547 3379/2196/1547 3380/2187/1547
f 3376/2197/1538 3363/2189/1538 3364/2182/1538
f 3355/2165/1536 3373/2168/1536 3356/2217/1536
f 3360/2183/1546 3371/2176/1546 3359/2175/1546
f 3356/2217/1543 3377/2162/1543 3354/2171/1543
f 3350/2157/1548 3347/2216/1549 3346/2156/1549
f 3368/2174/1538 3344/2177/1538 3343/2155/1538
f 3370/2195/1536 3360/2183/1536 3359/2175/1536
f 3363/2189/1547 3379/2196/1547 3364/2182/1547
f 3338/2158/1536 3325/2215/1536 3324/2156/1536
f 3332/2171/1542 3334/2165/1542 3336/2167/1542
f 3330/2169/1538 3329/2166/1538 3339/2194/1538
f 3326/2193/1543 3325/2219/1543 3341/2218/1543
f 3340/2168/1538 3339/2194/1538 3334/2165/1538
f 3342/2162/1543 3341/2218/1543 3333/2217/1543
f 3326/2216/1544 3328/2220/1544 3327/2157/1544
f 3321/2177/1536 3338/2158/1536 3337/2174/1536
f 3346/2156/1538 3348/2215/1538 3367/2158/1538
f 3357/2167/1544 3355/2165/1544 3354/2171/1544
f 3374/2194/1536 3352/2166/1536 3351/2169/1536
f 3378/2218/1543 3348/2219/1543 3347/2193/1543
f 3370/2195/1536 3361/2178/1536 3362/2188/1536
f 3376/2197/1538 3365/2181/1538 3366/2191/1538
f 3366/2191/1546 3365/2181/1546 3371/2176/1546
f 3362/2186/1547 3361/2179/1547 3379/2196/1547
f 3376/2197/1538 3375/2190/1538 3363/2189/1538
f 3355/2165/1536 3374/2194/1536 3373/2168/1536
f 3360/2183/1546 3372/2185/1546 3371/2176/1546
f 3356/2217/1543 3378/2218/1543 3377/2162/1543
f 3350/2157/1548 3349/2220/1548 3347/2216/1549
f 3368/2174/1538 3367/2158/1538 3344/2177/1538
f 3370/2195/1536 3369/2184/1536 3360/2183/1536
f 3363/2189/1547 3380/2187/1547 3379/2196/1547
o 立方体.011
v 3.709796 -0.328468 -5.248974
v 3.709796 -0.328468 5.928950
v 3.627467 -0.328468 -5.248974
v 3.627467 -0.328468 5.928950
v 3.709796 -1.021553 -4.328416
v 3.709796 -0.624739 -5.248974
v 3.709796 -0.624739 5.928950
v 3.709796 -1.021553 5.008392
v 3.627467 -0.624739 -5.248974
v 3.627467 -1.021553 -4.328416
v 3.627467 -1.021553 5.008392
v 3.627467 -0.624739 5.928950
v -3.709796 -0.328468 -5.248974
v -3.709796 -0.328468 5.928950
v -3.627467 -0.328468 -5.248974
v -3.627467 -0.328468 5.928950
v -3.709796 -1.021553 -4.328416
v -3.709796 -0.624739 -5.248974
v -3.709796 -0.624739 5.928950
v -3.709796 -1.021553 5.008392
v -3.627467 -0.624739 -5.248974
v -3.627467 -1.021553 -4.328416
v -3.627467 -1.021553 5.008392
v -3.627467 -0.624739 5.928950
vn -0.0000 -0.9183 -0.3958
vn -0.0000 -0.9183 0.3958
vn -0.0000 -1.0000 -0.0000
vn 1.0000 -0.0000 -0.0000
vn -0.0000 -0.0000 -1.0000
vn -0.0000 -0.0000 1.0000
vn -1.0000 -0.0000 -0.0000
vt 0.338150 0.651232
vt 0.360483 0.652940
vt 0.338150 0.652940
vt 0.204370 0.651232
vt 0.226702 0.652940
vt 0.204370 0.652940
vt 0.226702 0.778140
vt 0.204370 0.778140
vt 0.375498 0.651232
vt 0.375498 0.652940
vt 0.189355 0.652940
vt 0.226702 0.526031
vt 0.204370 0.526031
vt 0.189355 0.778140
vt 0.189355 0.651232
vt 0.189355 0.526031
vt 0.360483 0.651232
vt 0.226702 0.651232
s 1
usemtl マテリアル.005
f 3390/2221/1550 3386/2222/1550 3385/2223/1550
f 3392/2224/1551 3388/2225/1551 3387/2226/1551
f 3388/2225/1552 3390/2221/1552 3385/2223/1552
f 3387/2226/1553 3385/2227/1553 3386/2228/1553
f 3386/2222/1554 3383/2229/1554 3381/2230/1554
f 3382/2231/1555 3392/2224/1555 3387/2226/1555
f 3390/2232/1556 3392/2224/1556 3389/2233/1556
f 3382/2231/1553 3386/2228/1553 3381/2234/1553
f 3389/2233/1556 3384/2235/1556 3383/2236/1556
f 3398/2222/1550 3402/2221/1550 3397/2223/1550
f 3400/2225/1551 3404/2224/1551 3399/2226/1551
f 3402/2221/1552 3400/2225/1552 3397/2223/1552
f 3397/2227/1556 3399/2226/1556 3398/2228/1556
f 3395/2229/1554 3398/2222/1554 3393/2230/1554
f 3404/2224/1555 3394/2231/1555 3399/2226/1555
f 3404/2224/1553 3402/2232/1553 3401/2233/1553
f 3398/2228/1556 3394/2231/1556 3393/2234/1556
f 3396/2235/1553 3401/2233/1553 3395/2236/1553
f 3390/2221/1550 3389/2237/1550 3386/2222/1550
f 3392/2224/1551 3391/2238/1551 3388/2225/1551
f 3388/2225/1552 3391/2238/1552 3390/2221/1552
f 3387/2226/1553 3388/2225/1553 3385/2227/1553
f 3386/2222/1554 3389/2237/1554 3383/2229/1554
f 3382/2231/1555 3384/2235/1555 3392/2224/1555
f 3390/2232/1556 3391/2238/1556 3392/2224/1556
f 3382/2231/1553 3387/2226/1553 3386/2228/1553
f 3389/2233/1556 3392/2224/1556 3384/2235/1556
f 3398/2222/1550 3401/2237/1550 3402/2221/1550
f 3400/2225/1551 3403/2238/1551 3404/2224/1551
f 3402/2221/1552 3403/2238/1552 3400/2225/1552
f 3397/2227/1556 3400/2225/1556 3399/2226/1556
f 3395/2229/1554 3401/2237/1554 3398/2222/1554
f 3404/2224/1555 3396/2235/1555 3394/2231/1555
f 3404/2224/1553 3403/2238/1553 3402/2232/1553
f 3398/2228/1556 3399/2226/1556 3394/2231/1556
f 3396/2235/1553 3404/2224/1553 3401/2233/1553
